Date,season,block,HomeTeam,AwayTeam,Referee,stat,side,y,mu_model,alpha_model,mu_base,alpha_base
2024-08-16,2425,0,Man United,Fulham,R Jones,yellows,home,2,1.6180495762370801,0.00033546262790251185,1.7536184256693823,0.00033546262790251185
2024-08-17,2425,0,Arsenal,Wolves,J Gillett,yellows,home,2,1.5814981759874007,0.00033546262790251185,1.7536184256693823,0.00033546262790251185
2024-08-17,2425,0,Everton,Brighton,S Hooper,yellows,home,1,2.128045851913093,0.00033546262790251185,1.7536184256693823,0.00033546262790251185
2024-08-17,2425,0,Ipswich,Liverpool,T Robinson,yellows,home,3,1.8942771238430056,0.00033546262790251185,1.7536184256693823,0.00033546262790251185
2024-08-17,2425,0,Newcastle,Southampton,C Pawson,yellows,home,2,1.5509218021910534,0.00033546262790251185,1.7536184256693823,0.00033546262790251185
2024-08-17,2425,0,Nott'm Forest,Bournemouth,M Oliver,yellows,home,1,1.6697850611392133,0.00033546262790251185,1.7536184256693823,0.00033546262790251185
2024-08-17,2425,0,West Ham,Aston Villa,T Harrington,yellows,home,1,1.7830037825773146,0.00033546262790251185,1.7536184256693823,0.00033546262790251185
2024-08-18,2425,0,Brentford,Crystal Palace,S Barrott,yellows,home,1,1.8299786282028534,0.00033546262790251185,1.7536184256693823,0.00033546262790251185
2024-08-18,2425,0,Chelsea,Man City,A Taylor,yellows,home,1,2.249797438064694,0.00033546262790251185,1.7536184256693823,0.00033546262790251185
2024-08-19,2425,0,Leicester,Tottenham,C Kavanagh,yellows,home,1,1.7873984141604315,0.00033546262790251185,1.7536184256693823,0.00033546262790251185
2024-08-16,2425,0,Man United,Fulham,R Jones,yellows,away,3,2.0672943303469395,0.00033546262790251185,1.7536184256693823,0.00033546262790251185
2024-08-17,2425,0,Arsenal,Wolves,J Gillett,yellows,away,2,2.434660956618372,0.00033546262790251185,1.7536184256693823,0.00033546262790251185
2024-08-17,2425,0,Everton,Brighton,S Hooper,yellows,away,1,2.0132267565616564,0.00033546262790251185,1.7536184256693823,0.00033546262790251185
2024-08-17,2425,0,Ipswich,Liverpool,T Robinson,yellows,away,1,1.8488426326898058,0.00033546262790251185,1.7536184256693823,0.00033546262790251185
2024-08-17,2425,0,Newcastle,Southampton,C Pawson,yellows,away,4,2.3026337866245483,0.00033546262790251185,1.7536184256693823,0.00033546262790251185
2024-08-17,2425,0,Nott'm Forest,Bournemouth,M Oliver,yellows,away,3,2.0369087881043435,0.00033546262790251185,1.7536184256693823,0.00033546262790251185
2024-08-17,2425,0,West Ham,Aston Villa,T Harrington,yellows,away,2,2.1189483000148037,0.00033546262790251185,1.7536184256693823,0.00033546262790251185
2024-08-18,2425,0,Brentford,Crystal Palace,S Barrott,yellows,away,5,1.780105137532403,0.00033546262790251185,1.7536184256693823,0.00033546262790251185
2024-08-18,2425,0,Chelsea,Man City,A Taylor,yellows,away,1,1.7488860680517895,0.00033546262790251185,1.7536184256693823,0.00033546262790251185
2024-08-19,2425,0,Leicester,Tottenham,C Kavanagh,yellows,away,1,1.9944849675001375,0.00033546262790251185,1.7536184256693823,0.00033546262790251185
2024-08-16,2425,0,Man United,Fulham,R Jones,reds,home,0,0.05249938695567001,0.0,0.05723684210526317,0.0
2024-08-17,2425,0,Arsenal,Wolves,J Gillett,reds,home,0,0.062064930186009046,0.0,0.05723684210526317,0.0
2024-08-17,2425,0,Everton,Brighton,S Hooper,reds,home,1,0.05860857526149601,0.0,0.05723684210526317,0.0
2024-08-17,2425,0,Ipswich,Liverpool,T Robinson,reds,home,0,0.05830749126049314,0.0,0.05723684210526317,0.0
2024-08-17,2425,0,Newcastle,Southampton,C Pawson,reds,home,1,0.05250787368302752,0.0,0.05723684210526317,0.0
2024-08-17,2425,0,Nott'm Forest,Bournemouth,M Oliver,reds,home,0,0.05276441900285192,0.0,0.05723684210526317,0.0
2024-08-17,2425,0,West Ham,Aston Villa,T Harrington,reds,home,0,0.06200901672800393,0.0,0.05723684210526317,0.0
2024-08-18,2425,0,Brentford,Crystal Palace,S Barrott,reds,home,0,0.059932759876390004,0.0,0.05723684210526317,0.0
2024-08-18,2425,0,Chelsea,Man City,A Taylor,reds,home,0,0.05868898136466612,0.0,0.05723684210526317,0.0
2024-08-19,2425,0,Leicester,Tottenham,C Kavanagh,reds,home,0,0.05756153801533843,0.0,0.05723684210526317,0.0
2024-08-16,2425,0,Man United,Fulham,R Jones,reds,away,0,0.05459137060747051,0.0,0.05723684210526317,0.0
2024-08-17,2425,0,Arsenal,Wolves,J Gillett,reds,away,0,0.05869229434598556,0.0,0.05723684210526317,0.0
2024-08-17,2425,0,Everton,Brighton,S Hooper,reds,away,0,0.0543559193368975,0.0,0.05723684210526317,0.0
2024-08-17,2425,0,Ipswich,Liverpool,T Robinson,reds,away,0,0.055078217739412294,0.0,0.05723684210526317,0.0
2024-08-17,2425,0,Newcastle,Southampton,C Pawson,reds,away,0,0.058739971862726524,0.0,0.05723684210526317,0.0
2024-08-17,2425,0,Nott'm Forest,Bournemouth,M Oliver,reds,away,0,0.05843233068986176,0.0,0.05723684210526317,0.0
2024-08-17,2425,0,West Ham,Aston Villa,T Harrington,reds,away,0,0.05342321274123847,0.0,0.05723684210526317,0.0
2024-08-18,2425,0,Brentford,Crystal Palace,S Barrott,reds,away,0,0.057859545918381716,0.0,0.05723684210526317,0.0
2024-08-18,2425,0,Chelsea,Man City,A Taylor,reds,away,0,0.057578337298143406,0.0,0.05723684210526317,0.0
2024-08-19,2425,0,Leicester,Tottenham,C Kavanagh,reds,away,0,0.05443629224842924,0.0,0.05723684210526317,0.0
2024-08-16,2425,0,Man United,Fulham,R Jones,corners,home,7,6.182742938785634,0.0704810158898546,5.194736833933964,0.14194386469660997
2024-08-17,2425,0,Arsenal,Wolves,J Gillett,corners,home,8,7.274312522781989,0.0704810158898546,5.194736833933964,0.14194386469660997
2024-08-17,2425,0,Everton,Brighton,S Hooper,corners,home,1,4.6285148792549204,0.0704810158898546,5.194736833933964,0.14194386469660997
2024-08-17,2425,0,Ipswich,Liverpool,T Robinson,corners,home,2,4.439669310507497,0.0704810158898546,5.194736833933964,0.14194386469660997
2024-08-17,2425,0,Newcastle,Southampton,C Pawson,corners,home,3,6.077362202385074,0.0704810158898546,5.194736833933964,0.14194386469660997
2024-08-17,2425,0,Nott'm Forest,Bournemouth,M Oliver,corners,home,2,5.132781858428004,0.0704810158898546,5.194736833933964,0.14194386469660997
2024-08-17,2425,0,West Ham,Aston Villa,T Harrington,corners,home,5,4.901539475882541,0.0704810158898546,5.194736833933964,0.14194386469660997
2024-08-18,2425,0,Brentford,Crystal Palace,S Barrott,corners,home,4,5.136310501289072,0.0704810158898546,5.194736833933964,0.14194386469660997
2024-08-18,2425,0,Chelsea,Man City,A Taylor,corners,home,4,4.138692399901657,0.0704810158898546,5.194736833933964,0.14194386469660997
2024-08-19,2425,0,Leicester,Tottenham,C Kavanagh,corners,home,2,5.565893650911851,0.0704810158898546,5.194736833933964,0.14194386469660997
2024-08-16,2425,0,Man United,Fulham,R Jones,corners,away,8,5.828308294876451,0.0704810158898546,5.194736833933964,0.14194386469660997
2024-08-17,2425,0,Arsenal,Wolves,J Gillett,corners,away,2,2.8047642465066227,0.0704810158898546,5.194736833933964,0.14194386469660997
2024-08-17,2425,0,Everton,Brighton,S Hooper,corners,away,5,5.503166392347783,0.0704810158898546,5.194736833933964,0.14194386469660997
2024-08-17,2425,0,Ipswich,Liverpool,T Robinson,corners,away,10,6.040757409784649,0.0704810158898546,5.194736833933964,0.14194386469660997
2024-08-17,2425,0,Newcastle,Southampton,C Pawson,corners,away,12,4.043174042830308,0.0704810158898546,5.194736833933964,0.14194386469660997
2024-08-17,2425,0,Nott'm Forest,Bournemouth,M Oliver,corners,away,6,5.654739838006411,0.0704810158898546,5.194736833933964,0.14194386469660997
2024-08-17,2425,0,West Ham,Aston Villa,T Harrington,corners,away,3,5.086123716918936,0.0704810158898546,5.194736833933964,0.14194386469660997
2024-08-18,2425,0,Brentford,Crystal Palace,S Barrott,corners,away,7,4.473344299132212,0.0704810158898546,5.194736833933964,0.14194386469660997
2024-08-18,2425,0,Chelsea,Man City,A Taylor,corners,away,3,5.589824200287036,0.0704810158898546,5.194736833933964,0.14194386469660997
2024-08-19,2425,0,Leicester,Tottenham,C Kavanagh,corners,away,13,5.513339163504588,0.0704810158898546,5.194736833933964,0.14194386469660997
2024-08-16,2425,0,Man United,Fulham,R Jones,fouls,home,12,10.191851207280793,0.00033546262790251185,10.700986847075324,0.014840126706640987
2024-08-17,2425,0,Arsenal,Wolves,J Gillett,fouls,home,17,9.53343439602747,0.00033546262790251185,10.700986847075324,0.014840126706640987
2024-08-17,2425,0,Everton,Brighton,S Hooper,fouls,home,8,11.716422115124542,0.00033546262790251185,10.700986847075324,0.014840126706640987
2024-08-17,2425,0,Ipswich,Liverpool,T Robinson,fouls,home,9,10.087022791332233,0.00033546262790251185,10.700986847075324,0.014840126706640987
2024-08-17,2425,0,Newcastle,Southampton,C Pawson,fouls,home,15,10.117733525041775,0.00033546262790251185,10.700986847075324,0.014840126706640987
2024-08-17,2425,0,Nott'm Forest,Bournemouth,M Oliver,fouls,home,17,10.34254318864031,0.00033546262790251185,10.700986847075324,0.014840126706640987
2024-08-17,2425,0,West Ham,Aston Villa,T Harrington,fouls,home,18,11.234060364116214,0.00033546262790251185,10.700986847075324,0.014840126706640987
2024-08-18,2425,0,Brentford,Crystal Palace,S Barrott,fouls,home,6,10.174794354699229,0.00033546262790251185,10.700986847075324,0.014840126706640987
2024-08-18,2425,0,Chelsea,Man City,A Taylor,fouls,home,12,10.435995347335204,0.00033546262790251185,10.700986847075324,0.014840126706640987
2024-08-19,2425,0,Leicester,Tottenham,C Kavanagh,fouls,home,11,11.787890537732245,0.00033546262790251185,10.700986847075324,0.014840126706640987
2024-08-16,2425,0,Man United,Fulham,R Jones,fouls,away,10,9.571541543487273,0.00033546262790251185,10.700986847075324,0.014840126706640987
2024-08-17,2425,0,Arsenal,Wolves,J Gillett,fouls,away,14,11.49487478224572,0.00033546262790251185,10.700986847075324,0.014840126706640987
2024-08-17,2425,0,Everton,Brighton,S Hooper,fouls,away,8,10.727351129770215,0.00033546262790251185,10.700986847075324,0.014840126706640987
2024-08-17,2425,0,Ipswich,Liverpool,T Robinson,fouls,away,18,12.055880101874864,0.00033546262790251185,10.700986847075324,0.014840126706640987
2024-08-17,2425,0,Newcastle,Southampton,C Pawson,fouls,away,16,12.3038837307206,0.00033546262790251185,10.700986847075324,0.014840126706640987
2024-08-17,2425,0,Nott'm Forest,Bournemouth,M Oliver,fouls,away,8,11.751400796821027,0.00033546262790251185,10.700986847075324,0.014840126706640987
2024-08-17,2425,0,West Ham,Aston Villa,T Harrington,fouls,away,11,10.43236504404527,0.00033546262790251185,10.700986847075324,0.014840126706640987
2024-08-18,2425,0,Brentford,Crystal Palace,S Barrott,fouls,away,15,11.705377420652793,0.00033546262790251185,10.700986847075324,0.014840126706640987
2024-08-18,2425,0,Chelsea,Man City,A Taylor,fouls,away,9,9.227724392823525,0.00033546262790251185,10.700986847075324,0.014840126706640987
2024-08-19,2425,0,Leicester,Tottenham,C Kavanagh,fouls,away,12,11.316824297685413,0.00033546262790251185,10.700986847075324,0.014840126706640987
2024-08-24,2425,1,Aston Villa,Arsenal,M Oliver,yellows,home,1,1.9549241736300749,0.00033546262790251185,1.7545751647788905,0.00033546262790251185
2024-08-24,2425,1,Brighton,Man United,C Pawson,yellows,home,1,1.8738714842087367,0.00033546262790251185,1.7545751647788905,0.00033546262790251185
2024-08-24,2425,1,Crystal Palace,West Ham,R Jones,yellows,home,1,1.6376923897479296,0.00033546262790251185,1.7545751647788905,0.00033546262790251185
2024-08-24,2425,1,Fulham,Leicester,D Bond,yellows,home,2,1.6283419380354198,0.00033546262790251185,1.7545751647788905,0.00033546262790251185
2024-08-24,2425,1,Man City,Ipswich,M Salisbury,yellows,home,2,1.2571957510796405,0.00033546262790251185,1.7545751647788905,0.00033546262790251185
2024-08-24,2425,1,Southampton,Nott'm Forest,S Barrott,yellows,home,3,1.7237928487906073,0.00033546262790251185,1.7545751647788905,0.00033546262790251185
2024-08-24,2425,1,Tottenham,Everton,A Taylor,yellows,home,0,1.7596276954083951,0.00033546262790251185,1.7545751647788905,0.00033546262790251185
2024-08-25,2425,1,Bournemouth,Newcastle,D Coote,yellows,home,2,2.23989384703911,0.00033546262790251185,1.7545751647788905,0.00033546262790251185
2024-08-25,2425,1,Liverpool,Brentford,S Attwell,yellows,home,2,1.4742448557511554,0.00033546262790251185,1.7545751647788905,0.00033546262790251185
2024-08-25,2425,1,Wolves,Chelsea,D England,yellows,home,2,2.256976027097034,0.00033546262790251185,1.7545751647788905,0.00033546262790251185
2024-08-24,2425,1,Aston Villa,Arsenal,M Oliver,yellows,away,3,1.98640862593957,0.00033546262790251185,1.7545751647788905,0.00033546262790251185
2024-08-24,2425,1,Brighton,Man United,C Pawson,yellows,away,2,2.464473179000113,0.00033546262790251185,1.7545751647788905,0.00033546262790251185
2024-08-24,2425,1,Crystal Palace,West Ham,R Jones,yellows,away,1,1.8869005045765042,0.00033546262790251185,1.7545751647788905,0.00033546262790251185
2024-08-24,2425,1,Fulham,Leicester,D Bond,yellows,away,2,1.6927373855199779,0.00033546262790251185,1.7545751647788905,0.00033546262790251185
2024-08-24,2425,1,Man City,Ipswich,M Salisbury,yellows,away,3,2.231628615710647,0.00033546262790251185,1.7545751647788905,0.00033546262790251185
2024-08-24,2425,1,Southampton,Nott'm Forest,S Barrott,yellows,away,3,1.8636300081443946,0.00033546262790251185,1.7545751647788905,0.00033546262790251185
2024-08-24,2425,1,Tottenham,Everton,A Taylor,yellows,away,0,2.4627905867115945,0.00033546262790251185,1.7545751647788905,0.00033546262790251185
2024-08-25,2425,1,Bournemouth,Newcastle,D Coote,yellows,away,2,2.005391582901137,0.00033546262790251185,1.7545751647788905,0.00033546262790251185
2024-08-25,2425,1,Liverpool,Brentford,S Attwell,yellows,away,3,2.29044793288134,0.00033546262790251185,1.7545751647788905,0.00033546262790251185
2024-08-25,2425,1,Wolves,Chelsea,D England,yellows,away,3,2.51618478669081,0.00033546262790251185,1.7545751647788905,0.00033546262790251185
2024-08-24,2425,1,Aston Villa,Arsenal,M Oliver,reds,home,0,0.055579305304372675,0.0,0.05751633986928104,0.0
2024-08-24,2425,1,Brighton,Man United,C Pawson,reds,home,0,0.05544363551670112,0.0,0.05751633986928104,0.0
2024-08-24,2425,1,Crystal Palace,West Ham,R Jones,reds,home,0,0.05346541331215876,0.0,0.05751633986928104,0.0
2024-08-24,2425,1,Fulham,Leicester,D Bond,reds,home,0,0.05470708144713519,0.0,0.05751633986928104,0.0
2024-08-24,2425,1,Man City,Ipswich,M Salisbury,reds,home,0,0.054140505737385526,0.0,0.05751633986928104,0.0
2024-08-24,2425,1,Southampton,Nott'm Forest,S Barrott,reds,home,0,0.05837423856703819,0.0,0.05751633986928104,0.0
2024-08-24,2425,1,Tottenham,Everton,A Taylor,reds,home,0,0.053492848620543515,0.0,0.05751633986928104,0.0
2024-08-25,2425,1,Bournemouth,Newcastle,D Coote,reds,home,0,0.05893816499788883,0.0,0.05751633986928104,0.0
2024-08-25,2425,1,Liverpool,Brentford,S Attwell,reds,home,0,0.056826575110894374,0.0,0.05751633986928104,0.0
2024-08-25,2425,1,Wolves,Chelsea,D England,reds,home,0,0.0633042994597648,0.0,0.05751633986928104,0.0
2024-08-24,2425,1,Aston Villa,Arsenal,M Oliver,reds,away,0,0.06446747865325587,0.0,0.05751633986928104,0.0
2024-08-24,2425,1,Brighton,Man United,C Pawson,reds,away,0,0.053420880879637256,0.0,0.05751633986928104,0.0
2024-08-24,2425,1,Crystal Palace,West Ham,R Jones,reds,away,0,0.060907927033741795,0.0,0.05751633986928104,0.0
2024-08-24,2425,1,Fulham,Leicester,D Bond,reds,away,0,0.052620871507585175,0.0,0.05751633986928104,0.0
2024-08-24,2425,1,Man City,Ipswich,M Salisbury,reds,away,0,0.05731462034883684,0.0,0.05751633986928104,0.0
2024-08-24,2425,1,Southampton,Nott'm Forest,S Barrott,reds,away,0,0.05486504161143763,0.0,0.05751633986928104,0.0
2024-08-24,2425,1,Tottenham,Everton,A Taylor,reds,away,0,0.06565720050373275,0.0,0.05751633986928104,0.0
2024-08-25,2425,1,Bournemouth,Newcastle,D Coote,reds,away,0,0.05262256439145394,0.0,0.05751633986928104,0.0
2024-08-25,2425,1,Liverpool,Brentford,S Attwell,reds,away,0,0.05778669455386045,0.0,0.05751633986928104,0.0
2024-08-25,2425,1,Wolves,Chelsea,D England,reds,away,0,0.06099782669687169,0.0,0.05751633986928104,0.0
2024-08-24,2425,1,Aston Villa,Arsenal,M Oliver,corners,home,4,4.264019409762037,0.0722771252368184,5.195751644366711,0.14240447885183688
2024-08-24,2425,1,Brighton,Man United,C Pawson,corners,home,4,7.5042223709577724,0.0722771252368184,5.195751644366711,0.14240447885183688
2024-08-24,2425,1,Crystal Palace,West Ham,R Jones,corners,home,3,5.6799473600088275,0.0722771252368184,5.195751644366711,0.14240447885183688
2024-08-24,2425,1,Fulham,Leicester,D Bond,corners,home,7,6.918010749839781,0.0722771252368184,5.195751644366711,0.14240447885183688
2024-08-24,2425,1,Man City,Ipswich,M Salisbury,corners,home,10,8.123422435109587,0.0722771252368184,5.195751644366711,0.14240447885183688
2024-08-24,2425,1,Southampton,Nott'm Forest,S Barrott,corners,home,4,6.883530004897461,0.0722771252368184,5.195751644366711,0.14240447885183688
2024-08-24,2425,1,Tottenham,Everton,A Taylor,corners,home,12,7.702336394521134,0.0722771252368184,5.195751644366711,0.14240447885183688
2024-08-25,2425,1,Bournemouth,Newcastle,D Coote,corners,home,8,6.142976338825177,0.0722771252368184,5.195751644366711,0.14240447885183688
2024-08-25,2425,1,Liverpool,Brentford,S Attwell,corners,home,9,8.294218814585836,0.0722771252368184,5.195751644366711,0.14240447885183688
2024-08-25,2425,1,Wolves,Chelsea,D England,corners,home,5,4.617047591835307,0.0722771252368184,5.195751644366711,0.14240447885183688
2024-08-24,2425,1,Aston Villa,Arsenal,M Oliver,corners,away,1,4.851378869707133,0.0722771252368184,5.195751644366711,0.14240447885183688
2024-08-24,2425,1,Brighton,Man United,C Pawson,corners,away,4,4.137034559556911,0.0722771252368184,5.195751644366711,0.14240447885183688
2024-08-24,2425,1,Crystal Palace,West Ham,R Jones,corners,away,3,4.086482120924848,0.0722771252368184,5.195751644366711,0.14240447885183688
2024-08-24,2425,1,Fulham,Leicester,D Bond,corners,away,5,3.824663105618589,0.0722771252368184,5.195751644366711,0.14240447885183688
2024-08-24,2425,1,Man City,Ipswich,M Salisbury,corners,away,1,2.9288688958130638,0.0722771252368184,5.195751644366711,0.14240447885183688
2024-08-24,2425,1,Southampton,Nott'm Forest,S Barrott,corners,away,10,3.5161516848893126,0.0722771252368184,5.195751644366711,0.14240447885183688
2024-08-24,2425,1,Tottenham,Everton,A Taylor,corners,away,5,4.537252400691563,0.0722771252368184,5.195751644366711,0.14240447885183688
2024-08-25,2425,1,Bournemouth,Newcastle,D Coote,corners,away,9,5.20012411256073,0.0722771252368184,5.195751644366711,0.14240447885183688
2024-08-25,2425,1,Liverpool,Brentford,S Attwell,corners,away,4,3.2071682009236673,0.0722771252368184,5.195751644366711,0.14240447885183688
2024-08-25,2425,1,Wolves,Chelsea,D England,corners,away,5,5.1269131248328765,0.0722771252368184,5.195751644366711,0.14240447885183688
2024-08-24,2425,1,Aston Villa,Arsenal,M Oliver,fouls,home,8,10.627037399625326,0.00033546262790251185,10.711437909829263,0.014921680936427713
2024-08-24,2425,1,Brighton,Man United,C Pawson,fouls,home,9,9.553743753183333,0.00033546262790251185,10.711437909829263,0.014921680936427713
2024-08-24,2425,1,Crystal Palace,West Ham,R Jones,fouls,home,9,10.960248127839609,0.00033546262790251185,10.711437909829263,0.014921680936427713
2024-08-24,2425,1,Fulham,Leicester,D Bond,fouls,home,14,10.102094462589797,0.00033546262790251185,10.711437909829263,0.014921680936427713
2024-08-24,2425,1,Man City,Ipswich,M Salisbury,fouls,home,4,9.21961943113737,0.00033546262790251185,10.711437909829263,0.014921680936427713
2024-08-24,2425,1,Southampton,Nott'm Forest,S Barrott,fouls,home,14,9.986878396675106,0.00033546262790251185,10.711437909829263,0.014921680936427713
2024-08-24,2425,1,Tottenham,Everton,A Taylor,fouls,home,11,9.913227654299007,0.00033546262790251185,10.711437909829263,0.014921680936427713
2024-08-25,2425,1,Bournemouth,Newcastle,D Coote,fouls,home,19,13.431410536750132,0.00033546262790251185,10.711437909829263,0.014921680936427713
2024-08-25,2425,1,Liverpool,Brentford,S Attwell,fouls,home,10,11.240026354332498,0.00033546262790251185,10.711437909829263,0.014921680936427713
2024-08-25,2425,1,Wolves,Chelsea,D England,fouls,home,13,12.564283179359903,0.00033546262790251185,10.711437909829263,0.014921680936427713
2024-08-24,2425,1,Aston Villa,Arsenal,M Oliver,fouls,away,15,12.371495035563468,0.00033546262790251185,10.711437909829263,0.014921680936427713
2024-08-24,2425,1,Brighton,Man United,C Pawson,fouls,away,13,11.745704210198806,0.00033546262790251185,10.711437909829263,0.014921680936427713
2024-08-24,2425,1,Crystal Palace,West Ham,R Jones,fouls,away,17,11.21855379168278,0.00033546262790251185,10.711437909829263,0.014921680936427713
2024-08-24,2425,1,Fulham,Leicester,D Bond,fouls,away,13,10.27787902156463,0.00033546262790251185,10.711437909829263,0.014921680936427713
2024-08-24,2425,1,Man City,Ipswich,M Salisbury,fouls,away,15,11.39447732820112,0.00033546262790251185,10.711437909829263,0.014921680936427713
2024-08-24,2425,1,Southampton,Nott'm Forest,S Barrott,fouls,away,14,11.280148318029486,0.00033546262790251185,10.711437909829263,0.014921680936427713
2024-08-24,2425,1,Tottenham,Everton,A Taylor,fouls,away,15,12.393886120853018,0.00033546262790251185,10.711437909829263,0.014921680936427713
2024-08-25,2425,1,Bournemouth,Newcastle,D Coote,fouls,away,8,10.901130251703167,0.00033546262790251185,10.711437909829263,0.014921680936427713
2024-08-25,2425,1,Liverpool,Brentford,S Attwell,fouls,away,7,9.068119981869607,0.00033546262790251185,10.711437909829263,0.014921680936427713
2024-08-25,2425,1,Wolves,Chelsea,D England,fouls,away,13,11.472031892469717,0.00033546262790251185,10.711437909829263,0.014921680936427713
2024-08-31,2425,2,Arsenal,Brighton,C Kavanagh,yellows,home,3,1.7134198634774587,0.00033546262790251185,1.755519484504813,0.00033546262790251185
2024-08-31,2425,2,Brentford,Southampton,J Smith,yellows,home,2,1.7289796540990539,0.00033546262790251185,1.755519484504813,0.00033546262790251185
2024-08-31,2425,2,Everton,Bournemouth,S Attwell,yellows,home,2,1.6823712627903924,0.00033546262790251185,1.755519484504813,0.00033546262790251185
2024-08-31,2425,2,Ipswich,Fulham,L Smith,yellows,home,2,1.7127102462801647,0.00033546262790251185,1.755519484504813,0.00033546262790251185
2024-08-31,2425,2,Leicester,Aston Villa,D Coote,yellows,home,4,1.8882896537115583,0.00033546262790251185,1.755519484504813,0.00033546262790251185
2024-08-31,2425,2,Nott'm Forest,Wolves,S Hooper,yellows,home,3,1.8372332306909795,0.00033546262790251185,1.755519484504813,0.00033546262790251185
2024-08-31,2425,2,West Ham,Man City,M Oliver,yellows,home,3,1.591944278714762,0.00033546262790251185,1.755519484504813,0.00033546262790251185
2024-09-01,2425,2,Chelsea,Crystal Palace,J Gillett,yellows,home,4,2.036357669688708,0.00033546262790251185,1.755519484504813,0.00033546262790251185
2024-09-01,2425,2,Man United,Liverpool,A Taylor,yellows,home,4,1.9698675569480972,0.00033546262790251185,1.755519484504813,0.00033546262790251185
2024-09-01,2425,2,Newcastle,Tottenham,R Jones,yellows,home,4,1.8540014455964737,0.00033546262790251185,1.755519484504813,0.00033546262790251185
2024-08-31,2425,2,Arsenal,Brighton,C Kavanagh,yellows,away,2,2.0688348533663756,0.00033546262790251185,1.755519484504813,0.00033546262790251185
2024-08-31,2425,2,Brentford,Southampton,J Smith,yellows,away,1,2.067778673760838,0.00033546262790251185,1.755519484504813,0.00033546262790251185
2024-08-31,2425,2,Everton,Bournemouth,S Attwell,yellows,away,1,1.947409381136547,0.00033546262790251185,1.755519484504813,0.00033546262790251185
2024-08-31,2425,2,Ipswich,Fulham,L Smith,yellows,away,3,2.1195292639649055,0.00033546262790251185,1.755519484504813,0.00033546262790251185
2024-08-31,2425,2,Leicester,Aston Villa,D Coote,yellows,away,5,2.21442934119704,0.00033546262790251185,1.755519484504813,0.00033546262790251185
2024-08-31,2425,2,Nott'm Forest,Wolves,S Hooper,yellows,away,4,2.4033444025702235,0.00033546262790251185,1.755519484504813,0.00033546262790251185
2024-08-31,2425,2,West Ham,Man City,M Oliver,yellows,away,2,1.3941310817750743,0.00033546262790251185,1.755519484504813,0.00033546262790251185
2024-09-01,2425,2,Chelsea,Crystal Palace,J Gillett,yellows,away,2,2.2448043877279997,0.00033546262790251185,1.755519484504813,0.00033546262790251185
2024-09-01,2425,2,Man United,Liverpool,A Taylor,yellows,away,1,1.8738045332665332,0.00033546262790251185,1.755519484504813,0.00033546262790251185
2024-09-01,2425,2,Newcastle,Tottenham,R Jones,yellows,away,4,2.490943960107941,0.00033546262790251185,1.755519484504813,0.00033546262790251185
2024-08-31,2425,2,Arsenal,Brighton,C Kavanagh,reds,home,1,0.05944721238891979,0.0,0.057142857142857134,0.0
2024-08-31,2425,2,Brentford,Southampton,J Smith,reds,home,0,0.05543296676114198,0.0,0.057142857142857134,0.0
2024-08-31,2425,2,Everton,Bournemouth,S Attwell,reds,home,0,0.05730199012276327,0.0,0.057142857142857134,0.0
2024-08-31,2425,2,Ipswich,Fulham,L Smith,reds,home,0,0.05598871136117701,0.0,0.057142857142857134,0.0
2024-08-31,2425,2,Leicester,Aston Villa,D Coote,reds,home,0,0.057205664312390256,0.0,0.057142857142857134,0.0
2024-08-31,2425,2,Nott'm Forest,Wolves,S Hooper,reds,home,0,0.05747141637299561,0.0,0.057142857142857134,0.0
2024-08-31,2425,2,West Ham,Man City,M Oliver,reds,home,0,0.05721379645647171,0.0,0.057142857142857134,0.0
2024-09-01,2425,2,Chelsea,Crystal Palace,J Gillett,reds,home,0,0.06171030048309772,0.0,0.057142857142857134,0.0
2024-09-01,2425,2,Man United,Liverpool,A Taylor,reds,home,0,0.05405879015510688,0.0,0.057142857142857134,0.0
2024-09-01,2425,2,Newcastle,Tottenham,R Jones,reds,home,0,0.059454054710025475,0.0,0.057142857142857134,0.0
2024-08-31,2425,2,Arsenal,Brighton,C Kavanagh,reds,away,0,0.05836391926867986,0.0,0.057142857142857134,0.0
2024-08-31,2425,2,Brentford,Southampton,J Smith,reds,away,0,0.05653889720405772,0.0,0.057142857142857134,0.0
2024-08-31,2425,2,Everton,Bournemouth,S Attwell,reds,away,0,0.05035981648552345,0.0,0.057142857142857134,0.0
2024-08-31,2425,2,Ipswich,Fulham,L Smith,reds,away,0,0.05817547117486267,0.0,0.057142857142857134,0.0
2024-08-31,2425,2,Leicester,Aston Villa,D Coote,reds,away,0,0.05213713060544331,0.0,0.057142857142857134,0.0
2024-08-31,2425,2,Nott'm Forest,Wolves,S Hooper,reds,away,0,0.06234333098095711,0.0,0.057142857142857134,0.0
2024-08-31,2425,2,West Ham,Man City,M Oliver,reds,away,0,0.05114607503127071,0.0,0.057142857142857134,0.0
2024-09-01,2425,2,Chelsea,Crystal Palace,J Gillett,reds,away,0,0.05945979354963252,0.0,0.057142857142857134,0.0
2024-09-01,2425,2,Man United,Liverpool,A Taylor,reds,away,0,0.05110902370053771,0.0,0.057142857142857134,0.0
2024-09-01,2425,2,Newcastle,Tottenham,R Jones,reds,away,0,0.06173680743819149,0.0,0.057142857142857134,0.0
2024-08-31,2425,2,Arsenal,Brighton,C Kavanagh,corners,home,3,5.530144330772699,0.07044992342034807,5.198701308105695,0.1422375542558288
2024-08-31,2425,2,Brentford,Southampton,J Smith,corners,home,2,5.607257811948799,0.07044992342034807,5.198701308105695,0.1422375542558288
2024-08-31,2425,2,Everton,Bournemouth,S Attwell,corners,home,8,5.890567005174861,0.07044992342034807,5.198701308105695,0.1422375542558288
2024-08-31,2425,2,Ipswich,Fulham,L Smith,corners,home,8,5.084047773486622,0.07044992342034807,5.198701308105695,0.1422375542558288
2024-08-31,2425,2,Leicester,Aston Villa,D Coote,corners,home,1,4.396812863891633,0.07044992342034807,5.198701308105695,0.1422375542558288
2024-08-31,2425,2,Nott'm Forest,Wolves,S Hooper,corners,home,7,5.009668112568702,0.07044992342034807,5.198701308105695,0.1422375542558288
2024-08-31,2425,2,West Ham,Man City,M Oliver,corners,home,3,3.574289839735724,0.07044992342034807,5.198701308105695,0.1422375542558288
2024-09-01,2425,2,Chelsea,Crystal Palace,J Gillett,corners,home,4,5.660377055934572,0.07044992342034807,5.198701308105695,0.1422375542558288
2024-09-01,2425,2,Man United,Liverpool,A Taylor,corners,home,5,4.7647625487861855,0.07044992342034807,5.198701308105695,0.1422375542558288
2024-09-01,2425,2,Newcastle,Tottenham,R Jones,corners,home,7,6.513189554217763,0.07044992342034807,5.198701308105695,0.1422375542558288
2024-08-31,2425,2,Arsenal,Brighton,C Kavanagh,corners,away,7,3.3642063804013453,0.07044992342034807,5.198701308105695,0.1422375542558288
2024-08-31,2425,2,Brentford,Southampton,J Smith,corners,away,8,4.986936132236767,0.07044992342034807,5.198701308105695,0.1422375542558288
2024-08-31,2425,2,Everton,Bournemouth,S Attwell,corners,away,4,5.854709515842134,0.07044992342034807,5.198701308105695,0.1422375542558288
2024-08-31,2425,2,Ipswich,Fulham,L Smith,corners,away,6,5.448131033567753,0.07044992342034807,5.198701308105695,0.1422375542558288
2024-08-31,2425,2,Leicester,Aston Villa,D Coote,corners,away,4,5.618073774774505,0.07044992342034807,5.198701308105695,0.1422375542558288
2024-08-31,2425,2,Nott'm Forest,Wolves,S Hooper,corners,away,3,4.539120539507596,0.07044992342034807,5.198701308105695,0.1422375542558288
2024-08-31,2425,2,West Ham,Man City,M Oliver,corners,away,11,6.097698783789997,0.07044992342034807,5.198701308105695,0.1422375542558288
2024-09-01,2425,2,Chelsea,Crystal Palace,J Gillett,corners,away,5,3.986475723856128,0.07044992342034807,5.198701308105695,0.1422375542558288
2024-09-01,2425,2,Man United,Liverpool,A Taylor,corners,away,2,7.651561144419411,0.07044992342034807,5.198701308105695,0.1422375542558288
2024-09-01,2425,2,Newcastle,Tottenham,R Jones,corners,away,12,5.434386235348634,0.07044992342034807,5.198701308105695,0.1422375542558288
2024-08-31,2425,2,Arsenal,Brighton,C Kavanagh,fouls,home,12,10.678584643901436,0.00033546262790251185,10.720129790680422,0.014972687683605703
2024-08-31,2425,2,Brentford,Southampton,J Smith,fouls,home,10,9.949347280315125,0.00033546262790251185,10.720129790680422,0.014972687683605703
2024-08-31,2425,2,Everton,Bournemouth,S Attwell,fouls,home,6,10.005732295217799,0.00033546262790251185,10.720129790680422,0.014972687683605703
2024-08-31,2425,2,Ipswich,Fulham,L Smith,fouls,home,15,10.30209677291251,0.00033546262790251185,10.720129790680422,0.014972687683605703
2024-08-31,2425,2,Leicester,Aston Villa,D Coote,fouls,home,13,12.989055439688363,0.00033546262790251185,10.720129790680422,0.014972687683605703
2024-08-31,2425,2,Nott'm Forest,Wolves,S Hooper,fouls,home,15,11.262023937846417,0.00033546262790251185,10.720129790680422,0.014972687683605703
2024-08-31,2425,2,West Ham,Man City,M Oliver,fouls,home,10,10.025621599890584,0.00033546262790251185,10.720129790680422,0.014972687683605703
2024-09-01,2425,2,Chelsea,Crystal Palace,J Gillett,fouls,home,9,11.275048198400963,0.00033546262790251185,10.720129790680422,0.014972687683605703
2024-09-01,2425,2,Man United,Liverpool,A Taylor,fouls,home,7,9.284562809395602,0.00033546262790251185,10.720129790680422,0.014972687683605703
2024-09-01,2425,2,Newcastle,Tottenham,R Jones,fouls,home,16,11.775389957798893,0.00033546262790251185,10.720129790680422,0.014972687683605703
2024-08-31,2425,2,Arsenal,Brighton,C Kavanagh,fouls,away,7,10.945506991681112,0.00033546262790251185,10.720129790680422,0.014972687683605703
2024-08-31,2425,2,Brentford,Southampton,J Smith,fouls,away,7,11.908132623327043,0.00033546262790251185,10.720129790680422,0.014972687683605703
2024-08-31,2425,2,Everton,Bournemouth,S Attwell,fouls,away,1,11.13403109915626,0.00033546262790251185,10.720129790680422,0.014972687683605703
2024-08-31,2425,2,Ipswich,Fulham,L Smith,fouls,away,15,10.731713951101339,0.00033546262790251185,10.720129790680422,0.014972687683605703
2024-08-31,2425,2,Leicester,Aston Villa,D Coote,fouls,away,21,11.927025672101882,0.00033546262790251185,10.720129790680422,0.014972687683605703
2024-08-31,2425,2,Nott'm Forest,Wolves,S Hooper,fouls,away,18,11.640528103128627,0.00033546262790251185,10.720129790680422,0.014972687683605703
2024-08-31,2425,2,West Ham,Man City,M Oliver,fouls,away,3,8.09445388942318,0.00033546262790251185,10.720129790680422,0.014972687683605703
2024-09-01,2425,2,Chelsea,Crystal Palace,J Gillett,fouls,away,13,12.45015647126543,0.00033546262790251185,10.720129790680422,0.014972687683605703
2024-09-01,2425,2,Man United,Liverpool,A Taylor,fouls,away,7,10.019352532713674,0.00033546262790251185,10.720129790680422,0.014972687683605703
2024-09-01,2425,2,Newcastle,Tottenham,R Jones,fouls,away,13,12.847696276935029,0.00033546262790251185,10.720129790680422,0.014972687683605703
2024-09-14,2425,3,Aston Villa,Everton,C Pawson,yellows,home,1,1.8090599332341297,0.00033546262790251185,1.7622579680470796,0.00033546262790251185
2024-09-14,2425,3,Bournemouth,Chelsea,A Taylor,yellows,home,6,1.9974851841475894,0.00033546262790251185,1.7622579680470796,0.00033546262790251185
2024-09-14,2425,3,Brighton,Ipswich,S Barrott,yellows,home,4,1.847123271622784,0.00033546262790251185,1.7622579680470796,0.00033546262790251185
2024-09-14,2425,3,Crystal Palace,Leicester,T Harrington,yellows,home,0,1.6776069071009896,0.00033546262790251185,1.7622579680470796,0.00033546262790251185
2024-09-14,2425,3,Fulham,West Ham,T Robinson,yellows,home,2,1.6885008256046052,0.00033546262790251185,1.7622579680470796,0.00033546262790251185
2024-09-14,2425,3,Liverpool,Nott'm Forest,M Oliver,yellows,home,4,1.5733285993115884,0.00033546262790251185,1.7622579680470796,0.00033546262790251185
2024-09-14,2425,3,Man City,Brentford,D Bond,yellows,home,3,1.2891385381774672,0.00033546262790251185,1.7622579680470796,0.00033546262790251185
2024-09-14,2425,3,Southampton,Man United,S Attwell,yellows,home,1,1.758765999352029,0.00033546262790251185,1.7622579680470796,0.00033546262790251185
2024-09-15,2425,3,Tottenham,Arsenal,J Gillett,yellows,home,5,1.8689724231636455,0.00033546262790251185,1.7622579680470796,0.00033546262790251185
2024-09-15,2425,3,Wolves,Newcastle,C Kavanagh,yellows,home,3,2.339084558250457,0.00033546262790251185,1.7622579680470796,0.00033546262790251185
2024-09-14,2425,3,Aston Villa,Everton,C Pawson,yellows,away,4,2.392108018037384,0.00033546262790251185,1.7622579680470796,0.00033546262790251185
2024-09-14,2425,3,Bournemouth,Chelsea,A Taylor,yellows,away,8,2.3598629159411315,0.00033546262790251185,1.7622579680470796,0.00033546262790251185
2024-09-14,2425,3,Brighton,Ipswich,S Barrott,yellows,away,3,2.5122986396786016,0.00033546262790251185,1.7622579680470796,0.00033546262790251185
2024-09-14,2425,3,Crystal Palace,Leicester,T Harrington,yellows,away,3,1.9631984582523236,0.00033546262790251185,1.7622579680470796,0.00033546262790251185
2024-09-14,2425,3,Fulham,West Ham,T Robinson,yellows,away,3,1.6998866940525572,0.00033546262790251185,1.7622579680470796,0.00033546262790251185
2024-09-14,2425,3,Liverpool,Nott'm Forest,M Oliver,yellows,away,4,2.2878340190893134,0.00033546262790251185,1.7622579680470796,0.00033546262790251185
2024-09-14,2425,3,Man City,Brentford,D Bond,yellows,away,1,2.297267151717539,0.00033546262790251185,1.7622579680470796,0.00033546262790251185
2024-09-14,2425,3,Southampton,Man United,S Attwell,yellows,away,4,2.019440532503802,0.00033546262790251185,1.7622579680470796,0.00033546262790251185
2024-09-15,2425,3,Tottenham,Arsenal,J Gillett,yellows,away,3,2.081426935004757,0.00033546262790251185,1.7622579680470796,0.00033546262790251185
2024-09-15,2425,3,Wolves,Newcastle,C Kavanagh,yellows,away,3,2.0598684816418014,0.00033546262790251185,1.7622579680470796,0.00033546262790251185
2024-09-14,2425,3,Aston Villa,Everton,C Pawson,reds,home,0,0.051029826975990546,0.0,0.057096774193548396,0.0
2024-09-14,2425,3,Bournemouth,Chelsea,A Taylor,reds,home,0,0.05836788460358183,0.0,0.057096774193548396,0.0
2024-09-14,2425,3,Brighton,Ipswich,S Barrott,reds,home,0,0.05883240317816194,0.0,0.057096774193548396,0.0
2024-09-14,2425,3,Crystal Palace,Leicester,T Harrington,reds,home,0,0.051952678138506236,0.0,0.057096774193548396,0.0
2024-09-14,2425,3,Fulham,West Ham,T Robinson,reds,home,0,0.05518803632433152,0.0,0.057096774193548396,0.0
2024-09-14,2425,3,Liverpool,Nott'm Forest,M Oliver,reds,home,0,0.05768893295746563,0.0,0.057096774193548396,0.0
2024-09-14,2425,3,Man City,Brentford,D Bond,reds,home,0,0.05521535408527814,0.0,0.057096774193548396,0.0
2024-09-14,2425,3,Southampton,Man United,S Attwell,reds,home,1,0.05104086059091883,0.0,0.057096774193548396,0.0
2024-09-15,2425,3,Tottenham,Arsenal,J Gillett,reds,home,0,0.057136233698315206,0.0,0.057096774193548396,0.0
2024-09-15,2425,3,Wolves,Newcastle,C Kavanagh,reds,home,0,0.06268648844733309,0.0,0.057096774193548396,0.0
2024-09-14,2425,3,Aston Villa,Everton,C Pawson,reds,away,0,0.0649858310862823,0.0,0.057096774193548396,0.0
2024-09-14,2425,3,Bournemouth,Chelsea,A Taylor,reds,away,0,0.05510416170015597,0.0,0.057096774193548396,0.0
2024-09-14,2425,3,Brighton,Ipswich,S Barrott,reds,away,0,0.057786599790881785,0.0,0.057096774193548396,0.0
2024-09-14,2425,3,Crystal Palace,Leicester,T Harrington,reds,away,0,0.055962606503933456,0.0,0.057096774193548396,0.0
2024-09-14,2425,3,Fulham,West Ham,T Robinson,reds,away,0,0.05612509042800718,0.0,0.057096774193548396,0.0
2024-09-14,2425,3,Liverpool,Nott'm Forest,M Oliver,reds,away,0,0.056244653622327896,0.0,0.057096774193548396,0.0
2024-09-14,2425,3,Man City,Brentford,D Bond,reds,away,0,0.05615220103051692,0.0,0.057096774193548396,0.0
2024-09-14,2425,3,Southampton,Man United,S Attwell,reds,away,0,0.05204928889517342,0.0,0.057096774193548396,0.0
2024-09-15,2425,3,Tottenham,Arsenal,J Gillett,reds,away,0,0.06503030203580196,0.0,0.057096774193548396,0.0
2024-09-15,2425,3,Wolves,Newcastle,C Kavanagh,reds,away,0,0.05712717225462038,0.0,0.057096774193548396,0.0
2024-09-14,2425,3,Aston Villa,Everton,C Pawson,corners,home,6,6.836153293302056,0.07172973671022231,5.200645118544016,0.14196459320819085
2024-09-14,2425,3,Bournemouth,Chelsea,A Taylor,corners,home,6,5.7541598024925005,0.07172973671022231,5.200645118544016,0.14196459320819085
2024-09-14,2425,3,Brighton,Ipswich,S Barrott,corners,home,9,6.888118772034076,0.07172973671022231,5.200645118544016,0.14196459320819085
2024-09-14,2425,3,Crystal Palace,Leicester,T Harrington,corners,home,5,6.032384085048437,0.07172973671022231,5.200645118544016,0.14196459320819085
2024-09-14,2425,3,Fulham,West Ham,T Robinson,corners,home,3,6.28946741172769,0.07172973671022231,5.200645118544016,0.14196459320819085
2024-09-14,2425,3,Liverpool,Nott'm Forest,M Oliver,corners,home,7,8.470580328567234,0.07172973671022231,5.200645118544016,0.14196459320819085
2024-09-14,2425,3,Man City,Brentford,D Bond,corners,home,12,8.237684348312321,0.07172973671022231,5.200645118544016,0.14196459320819085
2024-09-14,2425,3,Southampton,Man United,S Attwell,corners,home,0,7.144495002619623,0.07172973671022231,5.200645118544016,0.14196459320819085
2024-09-15,2425,3,Tottenham,Arsenal,J Gillett,corners,home,7,5.030232046655452,0.07172973671022231,5.200645118544016,0.14196459320819085
2024-09-15,2425,3,Wolves,Newcastle,C Kavanagh,corners,home,4,5.109404818892979,0.07172973671022231,5.200645118544016,0.14196459320819085
2024-09-14,2425,3,Aston Villa,Everton,C Pawson,corners,away,2,3.7287515327904908,0.07172973671022231,5.200645118544016,0.14196459320819085
2024-09-14,2425,3,Bournemouth,Chelsea,A Taylor,corners,away,3,5.3499590237873145,0.07172973671022231,5.200645118544016,0.14196459320819085
2024-09-14,2425,3,Brighton,Ipswich,S Barrott,corners,away,2,3.629463135141444,0.07172973671022231,5.200645118544016,0.14196459320819085
2024-09-14,2425,3,Crystal Palace,Leicester,T Harrington,corners,away,2,3.5617455132467275,0.07172973671022231,5.200645118544016,0.14196459320819085
2024-09-14,2425,3,Fulham,West Ham,T Robinson,corners,away,2,4.3127994747752325,0.07172973671022231,5.200645118544016,0.14196459320819085
2024-09-14,2425,3,Liverpool,Nott'm Forest,M Oliver,corners,away,2,2.914192833373205,0.07172973671022231,5.200645118544016,0.14196459320819085
2024-09-14,2425,3,Man City,Brentford,D Bond,corners,away,3,2.845578447314474,0.07172973671022231,5.200645118544016,0.14196459320819085
2024-09-14,2425,3,Southampton,Man United,S Attwell,corners,away,7,5.086571251376462,0.07172973671022231,5.200645118544016,0.14196459320819085
2024-09-15,2425,3,Tottenham,Arsenal,J Gillett,corners,away,6,5.6510753011294845,0.07172973671022231,5.200645118544016,0.14196459320819085
2024-09-15,2425,3,Wolves,Newcastle,C Kavanagh,corners,away,7,5.3230744161161985,0.07172973671022231,5.200645118544016,0.14196459320819085
2024-09-14,2425,3,Aston Villa,Everton,C Pawson,fouls,home,10,10.239464996205726,0.00033546262790251185,10.721290323717698,0.015685137467755052
2024-09-14,2425,3,Bournemouth,Chelsea,A Taylor,fouls,home,16,12.005221301311972,0.00033546262790251185,10.721290323717698,0.015685137467755052
2024-09-14,2425,3,Brighton,Ipswich,S Barrott,fouls,home,14,10.718175197714558,0.00033546262790251185,10.721290323717698,0.015685137467755052
2024-09-14,2425,3,Crystal Palace,Leicester,T Harrington,fouls,home,11,12.23775574244818,0.00033546262790251185,10.721290323717698,0.015685137467755052
2024-09-14,2425,3,Fulham,West Ham,T Robinson,fouls,home,15,10.043069099545326,0.00033546262790251185,10.721290323717698,0.015685137467755052
2024-09-14,2425,3,Liverpool,Nott'm Forest,M Oliver,fouls,home,15,10.913914024385019,0.00033546262790251185,10.721290323717698,0.015685137467755052
2024-09-14,2425,3,Man City,Brentford,D Bond,fouls,home,9,8.298372185109596,0.00033546262790251185,10.721290323717698,0.015685137467755052
2024-09-14,2425,3,Southampton,Man United,S Attwell,fouls,home,11,8.726688127637697,0.00033546262790251185,10.721290323717698,0.015685137467755052
2024-09-15,2425,3,Tottenham,Arsenal,J Gillett,fouls,home,13,10.421327460538532,0.00033546262790251185,10.721290323717698,0.015685137467755052
2024-09-15,2425,3,Wolves,Newcastle,C Kavanagh,fouls,home,17,12.677179359326722,0.00033546262790251185,10.721290323717698,0.015685137467755052
2024-09-14,2425,3,Aston Villa,Everton,C Pawson,fouls,away,12,13.542330452082226,0.00033546262790251185,10.721290323717698,0.015685137467755052
2024-09-14,2425,3,Bournemouth,Chelsea,A Taylor,fouls,away,9,10.363691053003595,0.00033546262790251185,10.721290323717698,0.015685137467755052
2024-09-14,2425,3,Brighton,Ipswich,S Barrott,fouls,away,16,12.04412233607912,0.00033546262790251185,10.721290323717698,0.015685137467755052
2024-09-14,2425,3,Crystal Palace,Leicester,T Harrington,fouls,away,15,11.937522308026269,0.00033546262790251185,10.721290323717698,0.015685137467755052
2024-09-14,2425,3,Fulham,West Ham,T Robinson,fouls,away,18,10.708468622283881,0.00033546262790251185,10.721290323717698,0.015685137467755052
2024-09-14,2425,3,Liverpool,Nott'm Forest,M Oliver,fouls,away,6,10.672013552525614,0.00033546262790251185,10.721290323717698,0.015685137467755052
2024-09-14,2425,3,Man City,Brentford,D Bond,fouls,away,3,10.132304868596233,0.00033546262790251185,10.721290323717698,0.015685137467755052
2024-09-14,2425,3,Southampton,Man United,S Attwell,fouls,away,14,10.294223290072848,0.00033546262790251185,10.721290323717698,0.015685137467755052
2024-09-15,2425,3,Tottenham,Arsenal,J Gillett,fouls,away,10,11.926653469369215,0.00033546262790251185,10.721290323717698,0.015685137467755052
2024-09-15,2425,3,Wolves,Newcastle,C Kavanagh,fouls,away,6,10.711346238262015,0.00033546262790251185,10.721290323717698,0.015685137467755052
2024-09-21,2425,4,Aston Villa,Wolves,T Robinson,yellows,home,3,2.127809859842457,0.00033546262790251185,1.7717948722419865,0.00033546262790251185
2024-09-21,2425,4,Crystal Palace,Man United,D Coote,yellows,home,3,1.769649122564098,0.00033546262790251185,1.7717948722419865,0.00033546262790251185
2024-09-21,2425,4,Fulham,Newcastle,P Bankes,yellows,home,6,2.16203603451379,0.00033546262790251185,1.7717948722419865,0.00033546262790251185
2024-09-21,2425,4,Leicester,Everton,D England,yellows,home,1,1.5101223585627783,0.00033546262790251185,1.7717948722419865,0.00033546262790251185
2024-09-21,2425,4,Liverpool,Bournemouth,T Harrington,yellows,home,1,1.6196672493394195,0.00033546262790251185,1.7717948722419865,0.00033546262790251185
2024-09-21,2425,4,Southampton,Ipswich,S Allison,yellows,home,4,1.937593450391226,0.00033546262790251185,1.7717948722419865,0.00033546262790251185
2024-09-21,2425,4,Tottenham,Brentford,J Brooks,yellows,home,3,1.8531264932927412,0.00033546262790251185,1.7717948722419865,0.00033546262790251185
2024-09-21,2425,4,West Ham,Chelsea,S Barrott,yellows,home,5,1.8095515088936573,0.00033546262790251185,1.7717948722419865,0.00033546262790251185
2024-09-22,2425,4,Brighton,Nott'm Forest,R Jones,yellows,home,3,1.939986550475511,0.00033546262790251185,1.7717948722419865,0.00033546262790251185
2024-09-22,2425,4,Man City,Arsenal,M Oliver,yellows,home,3,1.3967093378947137,0.00033546262790251185,1.7717948722419865,0.00033546262790251185
2024-09-21,2425,4,Aston Villa,Wolves,T Robinson,yellows,away,6,2.8379855983285696,0.00033546262790251185,1.7717948722419865,0.00033546262790251185
2024-09-21,2425,4,Crystal Palace,Man United,D Coote,yellows,away,1,2.3644819668398247,0.00033546262790251185,1.7717948722419865,0.00033546262790251185
2024-09-21,2425,4,Fulham,Newcastle,P Bankes,yellows,away,0,1.916421739969631,0.00033546262790251185,1.7717948722419865,0.00033546262790251185
2024-09-21,2425,4,Leicester,Everton,D England,yellows,away,2,1.9759524078856574,0.00033546262790251185,1.7717948722419865,0.00033546262790251185
2024-09-21,2425,4,Liverpool,Bournemouth,T Harrington,yellows,away,4,2.453964723847775,0.00033546262790251185,1.7717948722419865,0.00033546262790251185
2024-09-21,2425,4,Southampton,Ipswich,S Allison,yellows,away,4,2.2307319997503243,0.00033546262790251185,1.7717948722419865,0.00033546262790251185
2024-09-21,2425,4,Tottenham,Brentford,J Brooks,yellows,away,1,2.363845744744066,0.00033546262790251185,1.7717948722419865,0.00033546262790251185
2024-09-21,2425,4,West Ham,Chelsea,S Barrott,yellows,away,2,2.3515447687591307,0.00033546262790251185,1.7717948722419865,0.00033546262790251185
2024-09-22,2425,4,Brighton,Nott'm Forest,R Jones,yellows,away,4,2.44767733865676,0.00033546262790251185,1.7717948722419865,0.00033546262790251185
2024-09-22,2425,4,Man City,Arsenal,M Oliver,yellows,away,4,1.929560023901537,0.00033546262790251185,1.7717948722419865,0.00033546262790251185
2024-09-21,2425,4,Aston Villa,Wolves,T Robinson,reds,home,0,0.05806067060397917,0.0,0.05705128205128205,0.0
2024-09-21,2425,4,Crystal Palace,Man United,D Coote,reds,home,0,0.052812158537196556,0.0,0.05705128205128205,0.0
2024-09-21,2425,4,Fulham,Newcastle,P Bankes,reds,home,0,0.06158516936305416,0.0,0.05705128205128205,0.0
2024-09-21,2425,4,Leicester,Everton,D England,reds,home,0,0.04803400364834684,0.0,0.05705128205128205,0.0
2024-09-21,2425,4,Liverpool,Bournemouth,T Harrington,reds,home,0,0.051913587052495595,0.0,0.05705128205128205,0.0
2024-09-21,2425,4,Southampton,Ipswich,S Allison,reds,home,0,0.05557268136501094,0.0,0.05705128205128205,0.0
2024-09-21,2425,4,Tottenham,Brentford,J Brooks,reds,home,0,0.059406358563522464,0.0,0.05705128205128205,0.0
2024-09-21,2425,4,West Ham,Chelsea,S Barrott,reds,home,0,0.06018804040733539,0.0,0.05705128205128205,0.0
2024-09-22,2425,4,Brighton,Nott'm Forest,R Jones,reds,home,0,0.06198880746012909,0.0,0.05705128205128205,0.0
2024-09-22,2425,4,Man City,Arsenal,M Oliver,reds,home,0,0.05284462379280605,0.0,0.05705128205128205,0.0
2024-09-21,2425,4,Aston Villa,Wolves,T Robinson,reds,away,0,0.06365870845442759,0.0,0.05705128205128205,0.0
2024-09-21,2425,4,Crystal Palace,Man United,D Coote,reds,away,0,0.05582130827520541,0.0,0.05705128205128205,0.0
2024-09-21,2425,4,Fulham,Newcastle,P Bankes,reds,away,0,0.05397575824796074,0.0,0.05705128205128205,0.0
2024-09-21,2425,4,Leicester,Everton,D England,reds,away,0,0.055751268686873356,0.0,0.05705128205128205,0.0
2024-09-21,2425,4,Liverpool,Bournemouth,T Harrington,reds,away,0,0.05603190233958883,0.0,0.05705128205128205,0.0
2024-09-21,2425,4,Southampton,Ipswich,S Allison,reds,away,0,0.055619878297457105,0.0,0.05705128205128205,0.0
2024-09-21,2425,4,Tottenham,Brentford,J Brooks,reds,away,0,0.06036324233805899,0.0,0.05705128205128205,0.0
2024-09-21,2425,4,West Ham,Chelsea,S Barrott,reds,away,0,0.05484530969233278,0.0,0.05705128205128205,0.0
2024-09-22,2425,4,Brighton,Nott'm Forest,R Jones,reds,away,1,0.05609151026440505,0.0,0.05705128205128205,0.0
2024-09-22,2425,4,Man City,Arsenal,M Oliver,reds,away,1,0.06018072513561035,0.0,0.05705128205128205,0.0
2024-09-21,2425,4,Aston Villa,Wolves,T Robinson,corners,home,6,6.493861214511955,0.07031536136923938,5.197756410279662,0.14217498945915458
2024-09-21,2425,4,Crystal Palace,Man United,D Coote,corners,home,4,6.252310245041129,0.07031536136923938,5.197756410279662,0.14217498945915458
2024-09-21,2425,4,Fulham,Newcastle,P Bankes,corners,home,6,6.080893079173966,0.07031536136923938,5.197756410279662,0.14217498945915458
2024-09-21,2425,4,Leicester,Everton,D England,corners,home,6,5.354132280916597,0.07031536136923938,5.197756410279662,0.14217498945915458
2024-09-21,2425,4,Liverpool,Bournemouth,T Harrington,corners,home,3,8.239929714353455,0.07031536136923938,5.197756410279662,0.14217498945915458
2024-09-21,2425,4,Southampton,Ipswich,S Allison,corners,home,2,6.5579137305060975,0.07031536136923938,5.197756410279662,0.14217498945915458
2024-09-21,2425,4,Tottenham,Brentford,J Brooks,corners,home,9,7.801325807455875,0.07031536136923938,5.197756410279662,0.14217498945915458
2024-09-21,2425,4,West Ham,Chelsea,S Barrott,corners,home,6,4.873173823539445,0.07031536136923938,5.197756410279662,0.14217498945915458
2024-09-22,2425,4,Brighton,Nott'm Forest,R Jones,corners,home,9,6.9180468657686385,0.07031536136923938,5.197756410279662,0.14217498945915458
2024-09-22,2425,4,Man City,Arsenal,M Oliver,corners,home,8,5.577259394086864,0.07031536136923938,5.197756410279662,0.14217498945915458
2024-09-21,2425,4,Aston Villa,Wolves,T Robinson,corners,away,5,3.4326447175954606,0.07031536136923938,5.197756410279662,0.14217498945915458
2024-09-21,2425,4,Crystal Palace,Man United,D Coote,corners,away,11,4.69827281006149,0.07031536136923938,5.197756410279662,0.14217498945915458
2024-09-21,2425,4,Fulham,Newcastle,P Bankes,corners,away,0,4.922820704195766,0.07031536136923938,5.197756410279662,0.14217498945915458
2024-09-21,2425,4,Leicester,Everton,D England,corners,away,1,4.7973479055244725,0.07031536136923938,5.197756410279662,0.14217498945915458
2024-09-21,2425,4,Liverpool,Bournemouth,T Harrington,corners,away,9,3.7710149500967534,0.07031536136923938,5.197756410279662,0.14217498945915458
2024-09-21,2425,4,Southampton,Ipswich,S Allison,corners,away,10,4.394847687282861,0.07031536136923938,5.197756410279662,0.14217498945915458
2024-09-21,2425,4,Tottenham,Brentford,J Brooks,corners,away,4,4.576014333443827,0.07031536136923938,5.197756410279662,0.14217498945915458
2024-09-21,2425,4,West Ham,Chelsea,S Barrott,corners,away,5,4.864395567251339,0.07031536136923938,5.197756410279662,0.14217498945915458
2024-09-22,2425,4,Brighton,Nott'm Forest,R Jones,corners,away,1,3.145376472642375,0.07031536136923938,5.197756410279662,0.14217498945915458
2024-09-22,2425,4,Man City,Arsenal,M Oliver,corners,away,2,3.539150028212466,0.07031536136923938,5.197756410279662,0.14217498945915458
2024-09-21,2425,4,Aston Villa,Wolves,T Robinson,fouls,home,11,11.491285222786486,0.00033546262790251185,10.729487179763627,0.015872522178653054
2024-09-21,2425,4,Crystal Palace,Man United,D Coote,fouls,home,7,10.745612216077303,0.00033546262790251185,10.729487179763627,0.015872522178653054
2024-09-21,2425,4,Fulham,Newcastle,P Bankes,fouls,home,16,11.739429925072328,0.00033546262790251185,10.729487179763627,0.015872522178653054
2024-09-21,2425,4,Leicester,Everton,D England,fouls,home,11,9.937722109008611,0.00033546262790251185,10.729487179763627,0.015872522178653054
2024-09-21,2425,4,Liverpool,Bournemouth,T Harrington,fouls,home,10,10.998513546801666,0.00033546262790251185,10.729487179763627,0.015872522178653054
2024-09-21,2425,4,Southampton,Ipswich,S Allison,fouls,home,16,11.851321666785225,0.00033546262790251185,10.729487179763627,0.015872522178653054
2024-09-21,2425,4,Tottenham,Brentford,J Brooks,fouls,home,11,11.055332384534177,0.00033546262790251185,10.729487179763627,0.015872522178653054
2024-09-21,2425,4,West Ham,Chelsea,S Barrott,fouls,home,17,11.243495536024552,0.00033546262790251185,10.729487179763627,0.015872522178653054
2024-09-22,2425,4,Brighton,Nott'm Forest,R Jones,fouls,home,12,10.747764804363591,0.00033546262790251185,10.729487179763627,0.015872522178653054
2024-09-22,2425,4,Man City,Arsenal,M Oliver,fouls,home,7,8.137055302046384,0.00033546262790251185,10.729487179763627,0.015872522178653054
2024-09-21,2425,4,Aston Villa,Wolves,T Robinson,fouls,away,16,15.006897963192051,0.00033546262790251185,10.729487179763627,0.015872522178653054
2024-09-21,2425,4,Crystal Palace,Man United,D Coote,fouls,away,12,12.624462941777207,0.00033546262790251185,10.729487179763627,0.015872522178653054
2024-09-21,2425,4,Fulham,Newcastle,P Bankes,fouls,away,8,10.478126417378528,0.00033546262790251185,10.729487179763627,0.015872522178653054
2024-09-21,2425,4,Leicester,Everton,D England,fouls,away,12,11.839203541453651,0.00033546262790251185,10.729487179763627,0.015872522178653054
2024-09-21,2425,4,Liverpool,Bournemouth,T Harrington,fouls,away,12,11.123717227256892,0.00033546262790251185,10.729487179763627,0.015872522178653054
2024-09-21,2425,4,Southampton,Ipswich,S Allison,fouls,away,16,12.621782342495097,0.00033546262790251185,10.729487179763627,0.015872522178653054
2024-09-21,2425,4,Tottenham,Brentford,J Brooks,fouls,away,9,11.213828275370135,0.00033546262790251185,10.729487179763627,0.015872522178653054
2024-09-21,2425,4,West Ham,Chelsea,S Barrott,fouls,away,9,10.561763640675586,0.00033546262790251185,10.729487179763627,0.015872522178653054
2024-09-22,2425,4,Brighton,Nott'm Forest,R Jones,fouls,away,11,12.590725872548765,0.00033546262790251185,10.729487179763627,0.015872522178653054
2024-09-22,2425,4,Man City,Arsenal,M Oliver,fouls,away,10,10.439885502353441,0.00033546262790251185,10.729487179763627,0.015872522178653054
2024-09-28,2425,5,Arsenal,Leicester,S Barrott,yellows,home,2,1.5780088480118217,0.00033546262790251185,1.7796178343697036,0.00033546262790251185
2024-09-28,2425,5,Brentford,West Ham,S Hooper,yellows,home,2,1.6302335654962166,0.00033546262790251185,1.7796178343697036,0.00033546262790251185
2024-09-28,2425,5,Chelsea,Brighton,P Bankes,yellows,home,3,2.6041969111733168,0.00033546262790251185,1.7796178343697036,0.00033546262790251185
2024-09-28,2425,5,Everton,Crystal Palace,A Madley,yellows,home,2,1.7311131352280813,0.00033546262790251185,1.7796178343697036,0.00033546262790251185
2024-09-28,2425,5,Newcastle,Man City,J Gillett,yellows,home,4,1.84329449393713,0.00033546262790251185,1.7796178343697036,0.00033546262790251185
2024-09-28,2425,5,Nott'm Forest,Fulham,J Smith,yellows,home,2,1.6700749190774562,0.00033546262790251185,1.7796178343697036,0.00033546262790251185
2024-09-28,2425,5,Wolves,Liverpool,A Taylor,yellows,home,2,2.5178992560420164,0.00033546262790251185,1.7796178343697036,0.00033546262790251185
2024-09-29,2425,5,Ipswich,Aston Villa,S Attwell,yellows,home,4,2.422779831820472,0.00033546262790251185,1.7796178343697036,0.00033546262790251185
2024-09-29,2425,5,Man United,Tottenham,C Kavanagh,yellows,home,5,1.978548497737922,0.00033546262790251185,1.7796178343697036,0.00033546262790251185
2024-09-30,2425,5,Bournemouth,Southampton,M Oliver,yellows,home,2,2.013225637840645,0.00033546262790251185,1.7796178343697036,0.00033546262790251185
2024-09-28,2425,5,Arsenal,Leicester,S Barrott,yellows,away,4,2.0797294552383314,0.00033546262790251185,1.7796178343697036,0.00033546262790251185
2024-09-28,2425,5,Brentford,West Ham,S Hooper,yellows,away,3,1.8735250896654554,0.00033546262790251185,1.7796178343697036,0.00033546262790251185
2024-09-28,2425,5,Chelsea,Brighton,P Bankes,yellows,away,2,2.550214290663277,0.00033546262790251185,1.7796178343697036,0.00033546262790251185
2024-09-28,2425,5,Everton,Crystal Palace,A Madley,yellows,away,1,1.6603848964914611,0.00033546262790251185,1.7796178343697036,0.00033546262790251185
2024-09-28,2425,5,Newcastle,Man City,J Gillett,yellows,away,4,1.967408219882284,0.00033546262790251185,1.7796178343697036,0.00033546262790251185
2024-09-28,2425,5,Nott'm Forest,Fulham,J Smith,yellows,away,4,2.29015163932758,0.00033546262790251185,1.7796178343697036,0.00033546262790251185
2024-09-28,2425,5,Wolves,Liverpool,A Taylor,yellows,away,3,2.025722429647812,0.00033546262790251185,1.7796178343697036,0.00033546262790251185
2024-09-29,2425,5,Ipswich,Aston Villa,S Attwell,yellows,away,1,2.6704502785143975,0.00033546262790251185,1.7796178343697036,0.00033546262790251185
2024-09-29,2425,5,Man United,Tottenham,C Kavanagh,yellows,away,3,2.138042174469632,0.00033546262790251185,1.7796178343697036,0.00033546262790251185
2024-09-30,2425,5,Bournemouth,Southampton,M Oliver,yellows,away,5,2.174322784055813,0.00033546262790251185,1.7796178343697036,0.00033546262790251185
2024-09-28,2425,5,Arsenal,Leicester,S Barrott,reds,home,0,0.05688621198295219,0.0,0.05732484076433122,0.0
2024-09-28,2425,5,Brentford,West Ham,S Hooper,reds,home,0,0.052973712069334274,0.0,0.05732484076433122,0.0
2024-09-28,2425,5,Chelsea,Brighton,P Bankes,reds,home,0,0.060314332430722324,0.0,0.05732484076433122,0.0
2024-09-28,2425,5,Everton,Crystal Palace,A Madley,reds,home,0,0.06366753110100651,0.0,0.05732484076433122,0.0
2024-09-28,2425,5,Newcastle,Man City,J Gillett,reds,home,0,0.0559038747280327,0.0,0.05732484076433122,0.0
2024-09-28,2425,5,Nott'm Forest,Fulham,J Smith,reds,home,0,0.05536071315056003,0.0,0.05732484076433122,0.0
2024-09-28,2425,5,Wolves,Liverpool,A Taylor,reds,home,0,0.060276872160994914,0.0,0.05732484076433122,0.0
2024-09-29,2425,5,Ipswich,Aston Villa,S Attwell,reds,home,0,0.0609917229834676,0.0,0.05732484076433122,0.0
2024-09-29,2425,5,Man United,Tottenham,C Kavanagh,reds,home,1,0.0569263977332905,0.0,0.05732484076433122,0.0
2024-09-30,2425,5,Bournemouth,Southampton,M Oliver,reds,home,0,0.05422016619317441,0.0,0.05732484076433122,0.0
2024-09-28,2425,5,Arsenal,Leicester,S Barrott,reds,away,0,0.05189514226020435,0.0,0.05732484076433122,0.0
2024-09-28,2425,5,Brentford,West Ham,S Hooper,reds,away,0,0.05824972442982591,0.0,0.05732484076433122,0.0
2024-09-28,2425,5,Chelsea,Brighton,P Bankes,reds,away,0,0.06259620554491248,0.0,0.05732484076433122,0.0
2024-09-28,2425,5,Everton,Crystal Palace,A Madley,reds,away,0,0.05094552302524577,0.0,0.05732484076433122,0.0
2024-09-28,2425,5,Newcastle,Man City,J Gillett,reds,away,0,0.05693425197578441,0.0,0.05732484076433122,0.0
2024-09-28,2425,5,Nott'm Forest,Fulham,J Smith,reds,away,0,0.061162157245687,0.0,0.05732484076433122,0.0
2024-09-28,2425,5,Wolves,Liverpool,A Taylor,reds,away,0,0.05701492355062024,0.0,0.05732484076433122,0.0
2024-09-29,2425,5,Ipswich,Aston Villa,S Attwell,reds,away,0,0.05557842772783268,0.0,0.05732484076433122,0.0
2024-09-29,2425,5,Man United,Tottenham,C Kavanagh,reds,away,0,0.05489484593595223,0.0,0.05732484076433122,0.0
2024-09-30,2425,5,Bournemouth,Southampton,M Oliver,reds,away,0,0.053129041616046334,0.0,0.05732484076433122,0.0
2024-09-28,2425,5,Arsenal,Leicester,S Barrott,corners,home,17,6.96544493930358,0.07424726190521448,5.198726116526477,0.14262725000616217
2024-09-28,2425,5,Brentford,West Ham,S Hooper,corners,home,7,5.346959426610633,0.07424726190521448,5.198726116526477,0.14262725000616217
2024-09-28,2425,5,Chelsea,Brighton,P Bankes,corners,home,8,4.704965776673834,0.07424726190521448,5.198726116526477,0.14262725000616217
2024-09-28,2425,5,Everton,Crystal Palace,A Madley,corners,home,5,4.9935499711098075,0.07424726190521448,5.198726116526477,0.14262725000616217
2024-09-28,2425,5,Newcastle,Man City,J Gillett,corners,home,5,4.013398220740337,0.07424726190521448,5.198726116526477,0.14262725000616217
2024-09-28,2425,5,Nott'm Forest,Fulham,J Smith,corners,home,6,4.476542762230031,0.07424726190521448,5.198726116526477,0.14262725000616217
2024-09-28,2425,5,Wolves,Liverpool,A Taylor,corners,home,2,3.8824154905712933,0.07424726190521448,5.198726116526477,0.14262725000616217
2024-09-29,2425,5,Ipswich,Aston Villa,S Attwell,corners,home,10,5.080010944875675,0.07424726190521448,5.198726116526477,0.14262725000616217
2024-09-29,2425,5,Man United,Tottenham,C Kavanagh,corners,home,5,6.9512330261458155,0.07424726190521448,5.198726116526477,0.14262725000616217
2024-09-30,2425,5,Bournemouth,Southampton,M Oliver,corners,home,7,6.848333551849867,0.07424726190521448,5.198726116526477,0.14262725000616217
2024-09-28,2425,5,Arsenal,Leicester,S Barrott,corners,away,0,2.8184058648373185,0.07424726190521448,5.198726116526477,0.14262725000616217
2024-09-28,2425,5,Brentford,West Ham,S Hooper,corners,away,7,4.734506218162612,0.07424726190521448,5.198726116526477,0.14262725000616217
2024-09-28,2425,5,Chelsea,Brighton,P Bankes,corners,away,2,4.6644807887566655,0.07424726190521448,5.198726116526477,0.14262725000616217
2024-09-28,2425,5,Everton,Crystal Palace,A Madley,corners,away,8,4.958162876490784,0.07424726190521448,5.198726116526477,0.14262725000616217
2024-09-28,2425,5,Newcastle,Man City,J Gillett,corners,away,6,6.449165126356977,0.07424726190521448,5.198726116526477,0.14262725000616217
2024-09-28,2425,5,Nott'm Forest,Fulham,J Smith,corners,away,5,5.4392436704209475,0.07424726190521448,5.198726116526477,0.14262725000616217
2024-09-28,2425,5,Wolves,Liverpool,A Taylor,corners,away,10,6.4958951078276606,0.07424726190521448,5.198726116526477,0.14262725000616217
2024-09-29,2425,5,Ipswich,Aston Villa,S Attwell,corners,away,0,5.297369706278537,0.07424726190521448,5.198726116526477,0.14262725000616217
2024-09-29,2425,5,Man United,Tottenham,C Kavanagh,corners,away,3,6.6572694262716565,0.07424726190521448,5.198726116526477,0.14262725000616217
2024-09-30,2425,5,Bournemouth,Southampton,M Oliver,corners,away,4,4.697938296524972,0.07424726190521448,5.198726116526477,0.14262725000616217
2024-09-28,2425,5,Arsenal,Leicester,S Barrott,fouls,home,11,11.019917667727244,0.00033546262790251185,10.735350318187356,0.015660646672668893
2024-09-28,2425,5,Brentford,West Ham,S Hooper,fouls,home,2,9.053198892734047,0.00033546262790251185,10.735350318187356,0.015660646672668893
2024-09-28,2425,5,Chelsea,Brighton,P Bankes,fouls,home,11,11.461445215504646,0.00033546262790251185,10.735350318187356,0.015660646672668893
2024-09-28,2425,5,Everton,Crystal Palace,A Madley,fouls,home,13,11.905157411613237,0.00033546262790251185,10.735350318187356,0.015660646672668893
2024-09-28,2425,5,Newcastle,Man City,J Gillett,fouls,home,14,9.636479610946337,0.00033546262790251185,10.735350318187356,0.015660646672668893
2024-09-28,2425,5,Nott'm Forest,Fulham,J Smith,fouls,home,11,10.981594998095632,0.00033546262790251185,10.735350318187356,0.015660646672668893
2024-09-28,2425,5,Wolves,Liverpool,A Taylor,fouls,home,16,10.427964449970265,0.00033546262790251185,10.735350318187356,0.015660646672668893
2024-09-29,2425,5,Ipswich,Aston Villa,S Attwell,fouls,home,10,12.811218332210984,0.00033546262790251185,10.735350318187356,0.015660646672668893
2024-09-29,2425,5,Man United,Tottenham,C Kavanagh,fouls,home,16,11.71394109893367,0.00033546262790251185,10.735350318187356,0.015660646672668893
2024-09-30,2425,5,Bournemouth,Southampton,M Oliver,fouls,home,19,11.961572888528892,0.00033546262790251185,10.735350318187356,0.015660646672668893
2024-09-28,2425,5,Arsenal,Leicester,S Barrott,fouls,away,6,11.17480523388029,0.00033546262790251185,10.735350318187356,0.015660646672668893
2024-09-28,2425,5,Brentford,West Ham,S Hooper,fouls,away,11,11.0611609427884,0.00033546262790251185,10.735350318187356,0.015660646672668893
2024-09-28,2425,5,Chelsea,Brighton,P Bankes,fouls,away,8,12.145574216799648,0.00033546262790251185,10.735350318187356,0.015660646672668893
2024-09-28,2425,5,Everton,Crystal Palace,A Madley,fouls,away,11,11.089367615615279,0.00033546262790251185,10.735350318187356,0.015660646672668893
2024-09-28,2425,5,Newcastle,Man City,J Gillett,fouls,away,10,9.195216948091709,0.00033546262790251185,10.735350318187356,0.015660646672668893
2024-09-28,2425,5,Nott'm Forest,Fulham,J Smith,fouls,away,15,10.883757913030342,0.00033546262790251185,10.735350318187356,0.015660646672668893
2024-09-28,2425,5,Wolves,Liverpool,A Taylor,fouls,away,8,11.445608017115116,0.00033546262790251185,10.735350318187356,0.015660646672668893
2024-09-29,2425,5,Ipswich,Aston Villa,S Attwell,fouls,away,14,11.356048541459458,0.00033546262790251185,10.735350318187356,0.015660646672668893
2024-09-29,2425,5,Man United,Tottenham,C Kavanagh,fouls,away,14,9.658585067654869,0.00033546262790251185,10.735350318187356,0.015660646672668893
2024-09-30,2425,5,Bournemouth,Southampton,M Oliver,fouls,away,12,10.615105929712412,0.00033546262790251185,10.735350318187356,0.015660646672668893
2024-10-05,2425,6,Arsenal,Southampton,T Harrington,yellows,home,0,1.6655096101314883,0.00033546262790251185,1.786708860771087,0.00033546262790251185
2024-10-05,2425,6,Brentford,Wolves,A Madley,yellows,home,2,1.8283748559660404,0.00033546262790251185,1.786708860771087,0.00033546262790251185
2024-10-05,2425,6,Crystal Palace,Liverpool,S Hooper,yellows,home,4,1.9515070768229736,0.00033546262790251185,1.786708860771087,0.00033546262790251185
2024-10-05,2425,6,Everton,Newcastle,C Pawson,yellows,home,1,2.194507669630149,0.00033546262790251185,1.786708860771087,0.00033546262790251185
2024-10-05,2425,6,Leicester,Bournemouth,D Bond,yellows,home,4,1.889771143962169,0.00033546262790251185,1.786708860771087,0.00033546262790251185
2024-10-05,2425,6,Man City,Fulham,P Bankes,yellows,home,2,1.3378616400788454,0.00033546262790251185,1.786708860771087,0.00033546262790251185
2024-10-05,2425,6,West Ham,Ipswich,A Taylor,yellows,home,0,1.9382448925588558,0.00033546262790251185,1.786708860771087,0.00033546262790251185
2024-10-06,2425,6,Aston Villa,Man United,R Jones,yellows,home,1,1.9848120726647402,0.00033546262790251185,1.786708860771087,0.00033546262790251185
2024-10-06,2425,6,Brighton,Tottenham,D Coote,yellows,home,2,2.2193140316494704,0.00033546262790251185,1.786708860771087,0.00033546262790251185
2024-10-06,2425,6,Chelsea,Nott'm Forest,C Kavanagh,yellows,home,6,2.296461257910793,0.00033546262790251185,1.786708860771087,0.00033546262790251185
2024-10-05,2425,6,Arsenal,Southampton,T Harrington,yellows,away,3,2.324541616590705,0.00033546262790251185,1.786708860771087,0.00033546262790251185
2024-10-05,2425,6,Brentford,Wolves,A Madley,yellows,away,3,2.277324726632927,0.00033546262790251185,1.786708860771087,0.00033546262790251185
2024-10-05,2425,6,Crystal Palace,Liverpool,S Hooper,yellows,away,2,1.8748855593104843,0.00033546262790251185,1.786708860771087,0.00033546262790251185
2024-10-05,2425,6,Everton,Newcastle,C Pawson,yellows,away,2,1.7360366299205259,0.00033546262790251185,1.786708860771087,0.00033546262790251185
2024-10-05,2425,6,Leicester,Bournemouth,D Bond,yellows,away,1,2.146711433062256,0.00033546262790251185,1.786708860771087,0.00033546262790251185
2024-10-05,2425,6,Man City,Fulham,P Bankes,yellows,away,1,2.463156401156359,0.00033546262790251185,1.786708860771087,0.00033546262790251185
2024-10-05,2425,6,West Ham,Ipswich,A Taylor,yellows,away,1,2.314886629868718,0.00033546262790251185,1.786708860771087,0.00033546262790251185
2024-10-06,2425,6,Aston Villa,Man United,R Jones,yellows,away,5,2.6622956031791536,0.00033546262790251185,1.786708860771087,0.00033546262790251185
2024-10-06,2425,6,Brighton,Tottenham,D Coote,yellows,away,2,2.7361778343894834,0.00033546262790251185,1.786708860771087,0.00033546262790251185
2024-10-06,2425,6,Chelsea,Nott'm Forest,C Kavanagh,yellows,away,2,2.4066622419140016,0.00033546262790251185,1.786708860771087,0.00033546262790251185
2024-10-05,2425,6,Arsenal,Southampton,T Harrington,reds,home,0,0.060193093952576764,0.0,0.05727848101265822,0.0
2024-10-05,2425,6,Brentford,Wolves,A Madley,reds,home,0,0.058047787180370826,0.0,0.05727848101265822,0.0
2024-10-05,2425,6,Crystal Palace,Liverpool,S Hooper,reds,home,0,0.056820358447248434,0.0,0.05727848101265822,0.0
2024-10-05,2425,6,Everton,Newcastle,C Pawson,reds,home,0,0.06345695472525062,0.0,0.05727848101265822,0.0
2024-10-05,2425,6,Leicester,Bournemouth,D Bond,reds,home,0,0.049909883834194875,0.0,0.05727848101265822,0.0
2024-10-05,2425,6,Man City,Fulham,P Bankes,reds,home,0,0.052853932773519345,0.0,0.05727848101265822,0.0
2024-10-05,2425,6,West Ham,Ipswich,A Taylor,reds,home,0,0.05635772059326529,0.0,0.05727848101265822,0.0
2024-10-06,2425,6,Aston Villa,Man United,R Jones,reds,home,0,0.05272958074882064,0.0,0.05727848101265822,0.0
2024-10-06,2425,6,Brighton,Tottenham,D Coote,reds,home,0,0.0647713185620384,0.0,0.05727848101265822,0.0
2024-10-06,2425,6,Chelsea,Nott'm Forest,C Kavanagh,reds,home,0,0.06074351387046683,0.0,0.05727848101265822,0.0
2024-10-05,2425,6,Arsenal,Southampton,T Harrington,reds,away,0,0.054906711353161414,0.0,0.05727848101265822,0.0
2024-10-05,2425,6,Brentford,Wolves,A Madley,reds,away,0,0.06034674006444603,0.0,0.05727848101265822,0.0
2024-10-05,2425,6,Crystal Palace,Liverpool,S Hooper,reds,away,0,0.05785400131724789,0.0,0.05727848101265822,0.0
2024-10-05,2425,6,Everton,Newcastle,C Pawson,reds,away,0,0.049850735239606404,0.0,0.05727848101265822,0.0
2024-10-05,2425,6,Leicester,Bournemouth,D Bond,reds,away,0,0.050918937068750315,0.0,0.05727848101265822,0.0
2024-10-05,2425,6,Man City,Fulham,P Bankes,reds,away,0,0.059193195868019306,0.0,0.05727848101265822,0.0
2024-10-05,2425,6,West Ham,Ipswich,A Taylor,reds,away,0,0.05334885917330615,0.0,0.05727848101265822,0.0
2024-10-06,2425,6,Aston Villa,Man United,R Jones,reds,away,0,0.0578033775122944,0.0,0.05727848101265822,0.0
2024-10-06,2425,6,Brighton,Tottenham,D Coote,reds,away,0,0.06018083245490165,0.0,0.05727848101265822,0.0
2024-10-06,2425,6,Chelsea,Nott'm Forest,C Kavanagh,reds,away,1,0.059322723170520786,0.0,0.05727848101265822,0.0
2024-10-05,2425,6,Arsenal,Southampton,T Harrington,corners,home,13,7.204352986330523,0.07604266734559975,5.202848065517561,0.1435921279891777
2024-10-05,2425,6,Brentford,Wolves,A Madley,corners,home,10,5.875856811138916,0.07604266734559975,5.202848065517561,0.1435921279891777
2024-10-05,2425,6,Crystal Palace,Liverpool,S Hooper,corners,home,3,4.151120814336735,0.07604266734559975,5.202848065517561,0.1435921279891777
2024-10-05,2425,6,Everton,Newcastle,C Pawson,corners,home,0,5.273316155242486,0.07604266734559975,5.202848065517561,0.1435921279891777
2024-10-05,2425,6,Leicester,Bournemouth,D Bond,corners,home,0,4.929608052193355,0.07604266734559975,5.202848065517561,0.1435921279891777
2024-10-05,2425,6,Man City,Fulham,P Bankes,corners,home,8,7.515618219244695,0.07604266734559975,5.202848065517561,0.1435921279891777
2024-10-05,2425,6,West Ham,Ipswich,A Taylor,corners,home,5,5.463868268108639,0.07604266734559975,5.202848065517561,0.1435921279891777
2024-10-06,2425,6,Aston Villa,Man United,R Jones,corners,home,6,6.672484669967657,0.07604266734559975,5.202848065517561,0.1435921279891777
2024-10-06,2425,6,Brighton,Tottenham,D Coote,corners,home,4,6.5460212851423805,0.07604266734559975,5.202848065517561,0.1435921279891777
2024-10-06,2425,6,Chelsea,Nott'm Forest,C Kavanagh,corners,home,11,6.758840213202091,0.07604266734559975,5.202848065517561,0.1435921279891777
2024-10-05,2425,6,Arsenal,Southampton,T Harrington,corners,away,1,3.127355086794693,0.07604266734559975,5.202848065517561,0.1435921279891777
2024-10-05,2425,6,Brentford,Wolves,A Madley,corners,away,3,4.469599296921636,0.07604266734559975,5.202848065517561,0.1435921279891777
2024-10-05,2425,6,Crystal Palace,Liverpool,S Hooper,corners,away,8,5.716703897839507,0.07604266734559975,5.202848065517561,0.1435921279891777
2024-10-05,2425,6,Everton,Newcastle,C Pawson,corners,away,10,5.556230152727876,0.07604266734559975,5.202848065517561,0.1435921279891777
2024-10-05,2425,6,Leicester,Bournemouth,D Bond,corners,away,9,5.964800755482943,0.07604266734559975,5.202848065517561,0.1435921279891777
2024-10-05,2425,6,Man City,Fulham,P Bankes,corners,away,3,3.1960843889196306,0.07604266734559975,5.202848065517561,0.1435921279891777
2024-10-05,2425,6,West Ham,Ipswich,A Taylor,corners,away,5,5.255273865109019,0.07604266734559975,5.202848065517561,0.1435921279891777
2024-10-06,2425,6,Aston Villa,Man United,R Jones,corners,away,3,4.607690113205502,0.07604266734559975,5.202848065517561,0.1435921279891777
2024-10-06,2425,6,Brighton,Tottenham,D Coote,corners,away,7,4.570950150344412,0.07604266734559975,5.202848065517561,0.1435921279891777
2024-10-06,2425,6,Chelsea,Nott'm Forest,C Kavanagh,corners,away,3,3.4949805701533414,0.07604266734559975,5.202848065517561,0.1435921279891777
2024-10-05,2425,6,Arsenal,Southampton,T Harrington,fouls,home,10,11.379538558564267,0.00033546262790251185,10.740822784827731,0.015743233333579836
2024-10-05,2425,6,Brentford,Wolves,A Madley,fouls,home,9,9.651594834202893,0.00033546262790251185,10.740822784827731,0.015743233333579836
2024-10-05,2425,6,Crystal Palace,Liverpool,S Hooper,fouls,home,7,10.409983573698103,0.00033546262790251185,10.740822784827731,0.015743233333579836
2024-10-05,2425,6,Everton,Newcastle,C Pawson,fouls,home,12,12.474310302642749,0.00033546262790251185,10.740822784827731,0.015743233333579836
2024-10-05,2425,6,Leicester,Bournemouth,D Bond,fouls,home,12,9.791646821887431,0.00033546262790251185,10.740822784827731,0.015743233333579836
2024-10-05,2425,6,Man City,Fulham,P Bankes,fouls,home,4,8.165759213581435,0.00033546262790251185,10.740822784827731,0.015743233333579836
2024-10-05,2425,6,West Ham,Ipswich,A Taylor,fouls,home,12,11.167158750598476,0.00033546262790251185,10.740822784827731,0.015743233333579836
2024-10-06,2425,6,Aston Villa,Man United,R Jones,fouls,home,12,9.731519259565312,0.00033546262790251185,10.740822784827731,0.015743233333579836
2024-10-06,2425,6,Brighton,Tottenham,D Coote,fouls,home,14,12.921985314397753,0.00033546262790251185,10.740822784827731,0.015743233333579836
2024-10-06,2425,6,Chelsea,Nott'm Forest,C Kavanagh,fouls,home,12,10.821114088380453,0.00033546262790251185,10.740822784827731,0.015743233333579836
2024-10-05,2425,6,Arsenal,Southampton,T Harrington,fouls,away,9,11.493706623379921,0.00033546262790251185,10.740822784827731,0.015743233333579836
2024-10-05,2425,6,Brentford,Wolves,A Madley,fouls,away,10,12.841234250290631,0.00033546262790251185,10.740822784827731,0.015743233333579836
2024-10-05,2425,6,Crystal Palace,Liverpool,S Hooper,fouls,away,15,12.452966611826328,0.00033546262790251185,10.740822784827731,0.015743233333579836
2024-10-05,2425,6,Everton,Newcastle,C Pawson,fouls,away,8,10.017513120602969,0.00033546262790251185,10.740822784827731,0.015743233333579836
2024-10-05,2425,6,Leicester,Bournemouth,D Bond,fouls,away,14,12.476780601797426,0.00033546262790251185,10.740822784827731,0.015743233333579836
2024-10-05,2425,6,Man City,Fulham,P Bankes,fouls,away,10,10.992682235906809,0.00033546262790251185,10.740822784827731,0.015743233333579836
2024-10-05,2425,6,West Ham,Ipswich,A Taylor,fouls,away,6,10.577796764292023,0.00033546262790251185,10.740822784827731,0.015743233333579836
2024-10-06,2425,6,Aston Villa,Man United,R Jones,fouls,away,11,12.886256236718054,0.00033546262790251185,10.740822784827731,0.015743233333579836
2024-10-06,2425,6,Brighton,Tottenham,D Coote,fouls,away,10,12.906381462701635,0.00033546262790251185,10.740822784827731,0.015743233333579836
2024-10-06,2425,6,Chelsea,Nott'm Forest,C Kavanagh,fouls,away,11,12.53568524724002,0.00033546262790251185,10.740822784827731,0.015743233333579836
2024-10-19,2425,7,Bournemouth,Arsenal,R Jones,yellows,home,1,2.085136318672865,0.00033546262790251185,1.7893081761010772,0.00033546262790251185
2024-10-19,2425,7,Fulham,Aston Villa,D England,yellows,home,3,2.3753968698951393,0.00033546262790251185,1.7893081761010772,0.00033546262790251185
2024-10-19,2425,7,Ipswich,Everton,M Oliver,yellows,home,1,1.8020260487732103,0.00033546262790251185,1.7893081761010772,0.00033546262790251185
2024-10-19,2425,7,Man United,Brentford,S Barrott,yellows,home,2,1.982150186867878,0.00033546262790251185,1.7893081761010772,0.00033546262790251185
2024-10-19,2425,7,Newcastle,Brighton,P Bankes,yellows,home,2,2.0703631474686053,0.00033546262790251185,1.7893081761010772,0.00033546262790251185
2024-10-19,2425,7,Southampton,Leicester,A Taylor,yellows,home,5,1.863895025895735,0.00033546262790251185,1.7893081761010772,0.00033546262790251185
2024-10-19,2425,7,Tottenham,West Ham,A Madley,yellows,home,1,1.6830691587639663,0.00033546262790251185,1.7893081761010772,0.00033546262790251185
2024-10-20,2425,7,Liverpool,Chelsea,J Brooks,yellows,home,4,1.8404695816360837,0.00033546262790251185,1.7893081761010772,0.00033546262790251185
2024-10-20,2425,7,Wolves,Man City,C Kavanagh,yellows,home,4,2.262938819390268,0.00033546262790251185,1.7893081761010772,0.00033546262790251185
2024-10-21,2425,7,Nott'm Forest,Crystal Palace,T Robinson,yellows,home,2,1.9266038348382606,0.00033546262790251185,1.7893081761010772,0.00033546262790251185
2024-10-19,2425,7,Bournemouth,Arsenal,R Jones,yellows,away,1,2.028215512266207,0.00033546262790251185,1.7893081761010772,0.00033546262790251185
2024-10-19,2425,7,Fulham,Aston Villa,D England,yellows,away,3,2.0571396145359837,0.00033546262790251185,1.7893081761010772,0.00033546262790251185
2024-10-19,2425,7,Ipswich,Everton,M Oliver,yellows,away,1,2.1526315171159425,0.00033546262790251185,1.7893081761010772,0.00033546262790251185
2024-10-19,2425,7,Man United,Brentford,S Barrott,yellows,away,2,2.0633714322304844,0.00033546262790251185,1.7893081761010772,0.00033546262790251185
2024-10-19,2425,7,Newcastle,Brighton,P Bankes,yellows,away,2,2.6096009622100658,0.00033546262790251185,1.7893081761010772,0.00033546262790251185
2024-10-19,2425,7,Southampton,Leicester,A Taylor,yellows,away,3,2.126188759827235,0.00033546262790251185,1.7893081761010772,0.00033546262790251185
2024-10-19,2425,7,Tottenham,West Ham,A Madley,yellows,away,3,2.051741753784034,0.00033546262790251185,1.7893081761010772,0.00033546262790251185
2024-10-20,2425,7,Liverpool,Chelsea,J Brooks,yellows,away,3,2.942578687161009,0.00033546262790251185,1.7893081761010772,0.00033546262790251185
2024-10-20,2425,7,Wolves,Man City,C Kavanagh,yellows,away,1,1.7924226822393232,0.00033546262790251185,1.7893081761010772,0.00033546262790251185
2024-10-21,2425,7,Nott'm Forest,Crystal Palace,T Robinson,yellows,away,3,2.3090774237224303,0.00033546262790251185,1.7893081761010772,0.00033546262790251185
2024-10-19,2425,7,Bournemouth,Arsenal,R Jones,reds,home,0,0.05379369587832028,0.0,0.05723270440251572,0.0
2024-10-19,2425,7,Fulham,Aston Villa,D England,reds,home,1,0.062426564697985326,0.0,0.05723270440251572,0.0
2024-10-19,2425,7,Ipswich,Everton,M Oliver,reds,home,0,0.051268508842494884,0.0,0.05723270440251572,0.0
2024-10-19,2425,7,Man United,Brentford,S Barrott,reds,home,0,0.05476454201777985,0.0,0.05723270440251572,0.0
2024-10-19,2425,7,Newcastle,Brighton,P Bankes,reds,home,0,0.05670321822519413,0.0,0.05723270440251572,0.0
2024-10-19,2425,7,Southampton,Leicester,A Taylor,reds,home,1,0.051716405534484235,0.0,0.05723270440251572,0.0
2024-10-19,2425,7,Tottenham,West Ham,A Madley,reds,home,0,0.054632584972526634,0.0,0.05723270440251572,0.0
2024-10-20,2425,7,Liverpool,Chelsea,J Brooks,reds,home,0,0.05882345452977898,0.0,0.05723270440251572,0.0
2024-10-20,2425,7,Wolves,Man City,C Kavanagh,reds,home,0,0.05992875300334438,0.0,0.05723270440251572,0.0
2024-10-21,2425,7,Nott'm Forest,Crystal Palace,T Robinson,reds,home,0,0.060329632245079486,0.0,0.05723270440251572,0.0
2024-10-19,2425,7,Bournemouth,Arsenal,R Jones,reds,away,1,0.0577800470092294,0.0,0.05723270440251572,0.0
2024-10-19,2425,7,Fulham,Aston Villa,D England,reds,away,1,0.054777275543236546,0.0,0.05723270440251572,0.0
2024-10-19,2425,7,Ipswich,Everton,M Oliver,reds,away,0,0.0594160459228321,0.0,0.05723270440251572,0.0
2024-10-19,2425,7,Man United,Brentford,S Barrott,reds,away,0,0.05267776735436816,0.0,0.05723270440251572,0.0
2024-10-19,2425,7,Newcastle,Brighton,P Bankes,reds,away,0,0.06219843651172017,0.0,0.05723270440251572,0.0
2024-10-19,2425,7,Southampton,Leicester,A Taylor,reds,away,0,0.0517246518519652,0.0,0.05723270440251572,0.0
2024-10-19,2425,7,Tottenham,West Ham,A Madley,reds,away,1,0.06214949477246383,0.0,0.05723270440251572,0.0
2024-10-20,2425,7,Liverpool,Chelsea,J Brooks,reds,away,0,0.058854312941940115,0.0,0.05723270440251572,0.0
2024-10-20,2425,7,Wolves,Man City,C Kavanagh,reds,away,0,0.05565333359556908,0.0,0.05723270440251572,0.0
2024-10-21,2425,7,Nott'm Forest,Crystal Palace,T Robinson,reds,away,0,0.05833836659692495,0.0,0.05723270440251572,0.0
2024-10-19,2425,7,Bournemouth,Arsenal,R Jones,corners,home,7,4.677953895471202,0.07639777954990064,5.205345953372748,0.14472900457837817
2024-10-19,2425,7,Fulham,Aston Villa,D England,corners,home,6,5.254728846218224,0.07639777954990064,5.205345953372748,0.14472900457837817
2024-10-19,2425,7,Ipswich,Everton,M Oliver,corners,home,5,7.352023567698029,0.07639777954990064,5.205345953372748,0.14472900457837817
2024-10-19,2425,7,Man United,Brentford,S Barrott,corners,home,9,7.0844065010994335,0.07639777954990064,5.205345953372748,0.14472900457837817
2024-10-19,2425,7,Newcastle,Brighton,P Bankes,corners,home,9,5.085219542151825,0.07639777954990064,5.205345953372748,0.14472900457837817
2024-10-19,2425,7,Southampton,Leicester,A Taylor,corners,home,10,6.265748701626771,0.07639777954990064,5.205345953372748,0.14472900457837817
2024-10-19,2425,7,Tottenham,West Ham,A Madley,corners,home,13,7.298736538591659,0.07639777954990064,5.205345953372748,0.14472900457837817
2024-10-20,2425,7,Liverpool,Chelsea,J Brooks,corners,home,1,6.927154759227663,0.07639777954990064,5.205345953372748,0.14472900457837817
2024-10-20,2425,7,Wolves,Man City,C Kavanagh,corners,home,1,3.318400588798932,0.07639777954990064,5.205345953372748,0.14472900457837817
2024-10-21,2425,7,Nott'm Forest,Crystal Palace,T Robinson,corners,home,6,4.561115969286014,0.07639777954990064,5.205345953372748,0.14472900457837817
2024-10-19,2425,7,Bournemouth,Arsenal,R Jones,corners,away,4,5.788858003912225,0.07639777954990064,5.205345953372748,0.14472900457837817
2024-10-19,2425,7,Fulham,Aston Villa,D England,corners,away,11,4.524644468531794,0.07639777954990064,5.205345953372748,0.14472900457837817
2024-10-19,2425,7,Ipswich,Everton,M Oliver,corners,away,8,4.103260318486834,0.07639777954990064,5.205345953372748,0.14472900457837817
2024-10-19,2425,7,Man United,Brentford,S Barrott,corners,away,2,4.9298379634296525,0.07639777954990064,5.205345953372748,0.14472900457837817
2024-10-19,2425,7,Newcastle,Brighton,P Bankes,corners,away,4,4.8434801605787765,0.07639777954990064,5.205345953372748,0.14472900457837817
2024-10-19,2425,7,Southampton,Leicester,A Taylor,corners,away,6,3.92012592893697,0.07639777954990064,5.205345953372748,0.14472900457837817
2024-10-19,2425,7,Tottenham,West Ham,A Madley,corners,away,5,4.547736581355631,0.07639777954990064,5.205345953372748,0.14472900457837817
2024-10-20,2425,7,Liverpool,Chelsea,J Brooks,corners,away,6,3.7446142982971558,0.07639777954990064,5.205345953372748,0.14472900457837817
2024-10-20,2425,7,Wolves,Man City,C Kavanagh,corners,away,18,6.992859447033837,0.07639777954990064,5.205345953372748,0.14472900457837817
2024-10-21,2425,7,Nott'm Forest,Crystal Palace,T Robinson,corners,away,6,4.9403141599940525,0.07639777954990064,5.205345953372748,0.14472900457837817
2024-10-19,2425,7,Bournemouth,Arsenal,R Jones,fouls,home,12,11.92851641745494,0.00033546262790251185,10.738679246428928,0.01547748345764594
2024-10-19,2425,7,Fulham,Aston Villa,D England,fouls,home,8,12.530507245665023,0.00033546262790251185,10.738679246428928,0.01547748345764594
2024-10-19,2425,7,Ipswich,Everton,M Oliver,fouls,home,12,10.405565771441935,0.00033546262790251185,10.738679246428928,0.01547748345764594
2024-10-19,2425,7,Man United,Brentford,S Barrott,fouls,home,14,10.67147218240933,0.00033546262790251185,10.738679246428928,0.01547748345764594
2024-10-19,2425,7,Newcastle,Brighton,P Bankes,fouls,home,11,10.48977205093919,0.00033546262790251185,10.738679246428928,0.01547748345764594
2024-10-19,2425,7,Southampton,Leicester,A Taylor,fouls,home,10,11.24984863575488,0.00033546262790251185,10.738679246428928,0.01547748345764594
2024-10-19,2425,7,Tottenham,West Ham,A Madley,fouls,home,10,10.307380325710522,0.00033546262790251185,10.738679246428928,0.01547748345764594
2024-10-20,2425,7,Liverpool,Chelsea,J Brooks,fouls,home,12,12.282160643011915,0.00033546262790251185,10.738679246428928,0.01547748345764594
2024-10-20,2425,7,Wolves,Man City,C Kavanagh,fouls,home,8,11.876241913634376,0.00033546262790251185,10.738679246428928,0.01547748345764594
2024-10-21,2425,7,Nott'm Forest,Crystal Palace,T Robinson,fouls,home,9,12.700768049223191,0.00033546262790251185,10.738679246428928,0.01547748345764594
2024-10-19,2425,7,Bournemouth,Arsenal,R Jones,fouls,away,11,10.409055636720375,0.00033546262790251185,10.738679246428928,0.01547748345764594
2024-10-19,2425,7,Fulham,Aston Villa,D England,fouls,away,11,11.104041888530372,0.00033546262790251185,10.738679246428928,0.01547748345764594
2024-10-19,2425,7,Ipswich,Everton,M Oliver,fouls,away,10,12.34278229050523,0.00033546262790251185,10.738679246428928,0.01547748345764594
2024-10-19,2425,7,Man United,Brentford,S Barrott,fouls,away,5,8.503202942612804,0.00033546262790251185,10.738679246428928,0.01547748345764594
2024-10-19,2425,7,Newcastle,Brighton,P Bankes,fouls,away,9,11.873817658027837,0.00033546262790251185,10.738679246428928,0.01547748345764594
2024-10-19,2425,7,Southampton,Leicester,A Taylor,fouls,away,10,11.296450091547007,0.00033546262790251185,10.738679246428928,0.01547748345764594
2024-10-19,2425,7,Tottenham,West Ham,A Madley,fouls,away,15,12.559429514561797,0.00033546262790251185,10.738679246428928,0.01547748345764594
2024-10-20,2425,7,Liverpool,Chelsea,J Brooks,fouls,away,13,10.12872443202037,0.00033546262790251185,10.738679246428928,0.01547748345764594
2024-10-20,2425,7,Wolves,Man City,C Kavanagh,fouls,away,5,8.448895458815558,0.00033546262790251185,10.738679246428928,0.01547748345764594
2024-10-21,2425,7,Nott'm Forest,Crystal Palace,T Robinson,fouls,away,12,12.229387149113974,0.00033546262790251185,10.738679246428928,0.01547748345764594
2024-10-25,2425,8,Leicester,Nott'm Forest,C Pawson,yellows,home,5,2.0974015278384113,0.00033546262790251185,1.7928134134119766,0.00033546262790251185
2024-10-26,2425,8,Aston Villa,Bournemouth,A Madley,yellows,home,7,2.02745521901364,0.00033546262790251185,1.7928134134119766,0.00033546262790251185
2024-10-26,2425,8,Brentford,Ipswich,L Smith,yellows,home,0,1.8684571819653573,0.00033546262790251185,1.7928134134119766,0.00033546262790251185
2024-10-26,2425,8,Brighton,Wolves,M Oliver,yellows,home,3,1.9742521116215819,0.00033546262790251185,1.7928134134119766,0.00033546262790251185
2024-10-26,2425,8,Everton,Fulham,J Brooks,yellows,home,1,1.6230465294257919,0.00033546262790251185,1.7928134134119766,0.00033546262790251185
2024-10-26,2425,8,Man City,Southampton,T Harrington,yellows,home,1,1.4477132646849367,0.00033546262790251185,1.7928134134119766,0.00033546262790251185
2024-10-27,2425,8,Arsenal,Liverpool,A Taylor,yellows,home,2,1.9129024497178013,0.00033546262790251185,1.7928134134119766,0.00033546262790251185
2024-10-27,2425,8,Chelsea,Newcastle,S Hooper,yellows,home,6,2.724612362237208,0.00033546262790251185,1.7928134134119766,0.00033546262790251185
2024-10-27,2425,8,Crystal Palace,Tottenham,D Bond,yellows,home,4,2.0763721125957217,0.00033546262790251185,1.7928134134119766,0.00033546262790251185
2024-10-27,2425,8,West Ham,Man United,D Coote,yellows,home,5,1.726395126776947,0.00033546262790251185,1.7928134134119766,0.00033546262790251185
2024-10-25,2425,8,Leicester,Nott'm Forest,C Pawson,yellows,away,2,2.080410028080394,0.00033546262790251185,1.7928134134119766,0.00033546262790251185
2024-10-26,2425,8,Aston Villa,Bournemouth,A Madley,yellows,away,6,2.5672119554156625,0.00033546262790251185,1.7928134134119766,0.00033546262790251185
2024-10-26,2425,8,Brentford,Ipswich,L Smith,yellows,away,1,2.311982049147168,0.00033546262790251185,1.7928134134119766,0.00033546262790251185
2024-10-26,2425,8,Brighton,Wolves,M Oliver,yellows,away,3,2.82063407773403,0.00033546262790251185,1.7928134134119766,0.00033546262790251185
2024-10-26,2425,8,Everton,Fulham,J Brooks,yellows,away,0,1.8749657831766235,0.00033546262790251185,1.7928134134119766,0.00033546262790251185
2024-10-26,2425,8,Man City,Southampton,T Harrington,yellows,away,3,2.500342026240934,0.00033546262790251185,1.7928134134119766,0.00033546262790251185
2024-10-27,2425,8,Arsenal,Liverpool,A Taylor,yellows,away,2,2.057013982799035,0.00033546262790251185,1.7928134134119766,0.00033546262790251185
2024-10-27,2425,8,Chelsea,Newcastle,S Hooper,yellows,away,3,2.3390123660944,0.00033546262790251185,1.7928134134119766,0.00033546262790251185
2024-10-27,2425,8,Crystal Palace,Tottenham,D Bond,yellows,away,4,2.2517331616265386,0.00033546262790251185,1.7928134134119766,0.00033546262790251185
2024-10-27,2425,8,West Ham,Man United,D Coote,yellows,away,1,2.0736199406803193,0.00033546262790251185,1.7928134134119766,0.00033546262790251185
2024-10-25,2425,8,Leicester,Nott'm Forest,C Pawson,reds,home,0,0.05587389648044,0.0,0.05843750000000001,0.0
2024-10-26,2425,8,Aston Villa,Bournemouth,A Madley,reds,home,0,0.05554868260995482,0.0,0.05843750000000001,0.0
2024-10-26,2425,8,Brentford,Ipswich,L Smith,reds,home,0,0.05618092755736759,0.0,0.05843750000000001,0.0
2024-10-26,2425,8,Brighton,Wolves,M Oliver,reds,home,0,0.06181436062668477,0.0,0.05843750000000001,0.0
2024-10-26,2425,8,Everton,Fulham,J Brooks,reds,home,0,0.06080088467193702,0.0,0.05843750000000001,0.0
2024-10-26,2425,8,Man City,Southampton,T Harrington,reds,home,0,0.053375394792005156,0.0,0.05843750000000001,0.0
2024-10-27,2425,8,Arsenal,Liverpool,A Taylor,reds,home,0,0.0640348507895123,0.0,0.05843750000000001,0.0
2024-10-27,2425,8,Chelsea,Newcastle,S Hooper,reds,home,0,0.06172964187302379,0.0,0.05843750000000001,0.0
2024-10-27,2425,8,Crystal Palace,Tottenham,D Bond,reds,home,0,0.06292291313525367,0.0,0.05843750000000001,0.0
2024-10-27,2425,8,West Ham,Man United,D Coote,reds,home,0,0.05515678132017423,0.0,0.05843750000000001,0.0
2024-10-25,2425,8,Leicester,Nott'm Forest,C Pawson,reds,away,0,0.054699486219558516,0.0,0.05843750000000001,0.0
2024-10-26,2425,8,Aston Villa,Bournemouth,A Madley,reds,away,0,0.06085903254890316,0.0,0.05843750000000001,0.0
2024-10-26,2425,8,Brentford,Ipswich,L Smith,reds,away,1,0.05847650326618637,0.0,0.05843750000000001,0.0
2024-10-26,2425,8,Brighton,Wolves,M Oliver,reds,away,0,0.061793558780776935,0.0,0.05843750000000001,0.0
2024-10-26,2425,8,Everton,Fulham,J Brooks,reds,away,0,0.05449962966903846,0.0,0.05843750000000001,0.0
2024-10-26,2425,8,Man City,Southampton,T Harrington,reds,away,0,0.058606828852939004,0.0,0.05843750000000001,0.0
2024-10-27,2425,8,Arsenal,Liverpool,A Taylor,reds,away,0,0.05427393161517633,0.0,0.05843750000000001,0.0
2024-10-27,2425,8,Chelsea,Newcastle,S Hooper,reds,away,0,0.05948893348127032,0.0,0.05843750000000001,0.0
2024-10-27,2425,8,Crystal Palace,Tottenham,D Bond,reds,away,0,0.06183393223777711,0.0,0.05843750000000001,0.0
2024-10-27,2425,8,West Ham,Man United,D Coote,reds,away,0,0.051225462873397146,0.0,0.05843750000000001,0.0
2024-10-25,2425,8,Leicester,Nott'm Forest,C Pawson,corners,home,6,5.0509282763623125,0.08066937526349091,5.215624999363552,0.14575981745028757
2024-10-26,2425,8,Aston Villa,Bournemouth,A Madley,corners,home,9,6.2219686702672306,0.08066937526349091,5.215624999363552,0.14575981745028757
2024-10-26,2425,8,Brentford,Ipswich,L Smith,corners,home,5,5.630737163812667,0.08066937526349091,5.215624999363552,0.14575981745028757
2024-10-26,2425,8,Brighton,Wolves,M Oliver,corners,home,9,6.953661992904562,0.08066937526349091,5.215624999363552,0.14575981745028757
2024-10-26,2425,8,Everton,Fulham,J Brooks,corners,home,4,5.171232367415203,0.08066937526349091,5.215624999363552,0.14575981745028757
2024-10-26,2425,8,Man City,Southampton,T Harrington,corners,home,12,9.078242739286939,0.08066937526349091,5.215624999363552,0.14575981745028757
2024-10-27,2425,8,Arsenal,Liverpool,A Taylor,corners,home,1,5.258137306463601,0.08066937526349091,5.215624999363552,0.14575981745028757
2024-10-27,2425,8,Chelsea,Newcastle,S Hooper,corners,home,7,5.9762827620090215,0.08066937526349091,5.215624999363552,0.14575981745028757
2024-10-27,2425,8,Crystal Palace,Tottenham,D Bond,corners,home,8,5.6330279656801165,0.08066937526349091,5.215624999363552,0.14575981745028757
2024-10-27,2425,8,West Ham,Man United,D Coote,corners,home,6,5.952529117240411,0.08066937526349091,5.215624999363552,0.14575981745028757
2024-10-25,2425,8,Leicester,Nott'm Forest,C Pawson,corners,away,7,4.582939950967215,0.08066937526349091,5.215624999363552,0.14575981745028757
2024-10-26,2425,8,Aston Villa,Bournemouth,A Madley,corners,away,7,4.728840763856907,0.08066937526349091,5.215624999363552,0.14575981745028757
2024-10-26,2425,8,Brentford,Ipswich,L Smith,corners,away,5,5.453668151441517,0.08066937526349091,5.215624999363552,0.14575981745028757
2024-10-26,2425,8,Brighton,Wolves,M Oliver,corners,away,6,3.296295153055425,0.08066937526349091,5.215624999363552,0.14575981745028757
2024-10-26,2425,8,Everton,Fulham,J Brooks,corners,away,2,5.596511228751937,0.08066937526349091,5.215624999363552,0.14575981745028757
2024-10-26,2425,8,Man City,Southampton,T Harrington,corners,away,1,2.9011579874351154,0.08066937526349091,5.215624999363552,0.14575981745028757
2024-10-27,2425,8,Arsenal,Liverpool,A Taylor,corners,away,3,4.3296381419747965,0.08066937526349091,5.215624999363552,0.14575981745028757
2024-10-27,2425,8,Chelsea,Newcastle,S Hooper,corners,away,4,4.456533181043524,0.08066937526349091,5.215624999363552,0.14575981745028757
2024-10-27,2425,8,Crystal Palace,Tottenham,D Bond,corners,away,8,5.606561187052838,0.08066937526349091,5.215624999363552,0.14575981745028757
2024-10-27,2425,8,West Ham,Man United,D Coote,corners,away,5,5.4297704989043565,0.08066937526349091,5.215624999363552,0.14575981745028757
2024-10-25,2425,8,Leicester,Nott'm Forest,C Pawson,fouls,home,16,10.924920445736626,0.00033546262790251185,10.736250001174882,0.015172636504328032
2024-10-26,2425,8,Aston Villa,Bournemouth,A Madley,fouls,home,12,10.69369440058965,0.00033546262790251185,10.736250001174882,0.015172636504328032
2024-10-26,2425,8,Brentford,Ipswich,L Smith,fouls,home,7,10.329918448334016,0.00033546262790251185,10.736250001174882,0.015172636504328032
2024-10-26,2425,8,Brighton,Wolves,M Oliver,fouls,home,12,10.451724127614646,0.00033546262790251185,10.736250001174882,0.015172636504328032
2024-10-26,2425,8,Everton,Fulham,J Brooks,fouls,home,8,10.659830296810776,0.00033546262790251185,10.736250001174882,0.015172636504328032
2024-10-26,2425,8,Man City,Southampton,T Harrington,fouls,home,9,8.83388121068026,0.00033546262790251185,10.736250001174882,0.015172636504328032
2024-10-27,2425,8,Arsenal,Liverpool,A Taylor,fouls,home,14,9.208572698878326,0.00033546262790251185,10.736250001174882,0.015172636504328032
2024-10-27,2425,8,Chelsea,Newcastle,S Hooper,fouls,home,13,12.272036179820049,0.00033546262790251185,10.736250001174882,0.015172636504328032
2024-10-27,2425,8,Crystal Palace,Tottenham,D Bond,fouls,home,16,12.815700410798385,0.00033546262790251185,10.736250001174882,0.015172636504328032
2024-10-27,2425,8,West Ham,Man United,D Coote,fouls,home,6,9.901240865462597,0.00033546262790251185,10.736250001174882,0.015172636504328032
2024-10-25,2425,8,Leicester,Nott'm Forest,C Pawson,fouls,away,9,12.22390273665936,0.00033546262790251185,10.736250001174882,0.015172636504328032
2024-10-26,2425,8,Aston Villa,Bournemouth,A Madley,fouls,away,14,14.17771060080854,0.00033546262790251185,10.736250001174882,0.015172636504328032
2024-10-26,2425,8,Brentford,Ipswich,L Smith,fouls,away,10,11.968217731045451,0.00033546262790251185,10.736250001174882,0.015172636504328032
2024-10-26,2425,8,Brighton,Wolves,M Oliver,fouls,away,10,12.767893296668667,0.00033546262790251185,10.736250001174882,0.015172636504328032
2024-10-26,2425,8,Everton,Fulham,J Brooks,fouls,away,8,10.20339824941907,0.00033546262790251185,10.736250001174882,0.015172636504328032
2024-10-26,2425,8,Man City,Southampton,T Harrington,fouls,away,9,11.257997141111076,0.00033546262790251185,10.736250001174882,0.015172636504328032
2024-10-27,2425,8,Arsenal,Liverpool,A Taylor,fouls,away,14,10.980378807979612,0.00033546262790251185,10.736250001174882,0.015172636504328032
2024-10-27,2425,8,Chelsea,Newcastle,S Hooper,fouls,away,16,11.531333312006623,0.00033546262790251185,10.736250001174882,0.015172636504328032
2024-10-27,2425,8,Crystal Palace,Tottenham,D Bond,fouls,away,12,12.023672836176138,0.00033546262790251185,10.736250001174882,0.015172636504328032
2024-10-27,2425,8,West Ham,Man United,D Coote,fouls,away,7,10.707813603689816,0.00033546262790251185,10.736250001174882,0.015172636504328032
2024-11-02,2425,9,Bournemouth,Man City,M Oliver,yellows,home,2,2.1751982043267657,0.00033546262790251185,1.7999999999871232,0.00033546262790251185
2024-11-02,2425,9,Ipswich,Leicester,T Robinson,yellows,home,4,2.0073914179729497,0.00033546262790251185,1.7999999999871232,0.00033546262790251185
2024-11-02,2425,9,Liverpool,Brighton,T Harrington,yellows,home,1,1.8832880097163123,0.00033546262790251185,1.7999999999871232,0.00033546262790251185
2024-11-02,2425,9,Newcastle,Arsenal,J Brooks,yellows,home,4,1.8617274657390968,0.00033546262790251185,1.7999999999871232,0.00033546262790251185
2024-11-02,2425,9,Nott'm Forest,West Ham,P Bankes,yellows,home,1,1.6924154320509672,0.00033546262790251185,1.7999999999871232,0.00033546262790251185
2024-11-02,2425,9,Southampton,Everton,A Madley,yellows,home,4,1.7355820660382002,0.00033546262790251185,1.7999999999871232,0.00033546262790251185
2024-11-02,2425,9,Wolves,Crystal Palace,A Taylor,yellows,home,1,2.301297624800185,0.00033546262790251185,1.7999999999871232,0.00033546262790251185
2024-11-03,2425,9,Man United,Chelsea,R Jones,yellows,home,6,2.2597529654712503,0.00033546262790251185,1.7999999999871232,0.00033546262790251185
2024-11-03,2425,9,Tottenham,Aston Villa,C Pawson,yellows,home,2,2.558240893236237,0.00033546262790251185,1.7999999999871232,0.00033546262790251185
2024-11-04,2425,9,Fulham,Brentford,S Attwell,yellows,home,2,1.8245260972426023,0.00033546262790251185,1.7999999999871232,0.00033546262790251185
2024-11-02,2425,9,Bournemouth,Man City,M Oliver,yellows,away,1,1.8242371913706488,0.00033546262790251185,1.7999999999871232,0.00033546262790251185
2024-11-02,2425,9,Ipswich,Leicester,T Robinson,yellows,away,2,2.198280418331746,0.00033546262790251185,1.7999999999871232,0.00033546262790251185
2024-11-02,2425,9,Liverpool,Brighton,T Harrington,yellows,away,1,2.335409225906334,0.00033546262790251185,1.7999999999871232,0.00033546262790251185
2024-11-02,2425,9,Newcastle,Arsenal,J Brooks,yellows,away,4,2.1990849758618274,0.00033546262790251185,1.7999999999871232,0.00033546262790251185
2024-11-02,2425,9,Nott'm Forest,West Ham,P Bankes,yellows,away,2,2.2848400185753954,0.00033546262790251185,1.7999999999871232,0.00033546262790251185
2024-11-02,2425,9,Southampton,Everton,A Madley,yellows,away,2,1.927732671040051,0.00033546262790251185,1.7999999999871232,0.00033546262790251185
2024-11-02,2425,9,Wolves,Crystal Palace,A Taylor,yellows,away,2,2.253274529674391,0.00033546262790251185,1.7999999999871232,0.00033546262790251185
2024-11-03,2425,9,Man United,Chelsea,R Jones,yellows,away,2,2.619428434226334,0.00033546262790251185,1.7999999999871232,0.00033546262790251185
2024-11-03,2425,9,Tottenham,Aston Villa,C Pawson,yellows,away,0,2.735079939869435,0.00033546262790251185,1.7999999999871232,0.00033546262790251185
2024-11-04,2425,9,Fulham,Brentford,S Attwell,yellows,away,1,1.7721491344655294,0.00033546262790251185,1.7999999999871232,0.00033546262790251185
2024-11-02,2425,9,Bournemouth,Man City,M Oliver,reds,home,0,0.05640437498119674,0.0,0.058385093167701865,0.0
2024-11-02,2425,9,Ipswich,Leicester,T Robinson,reds,home,1,0.05512737584223628,0.0,0.058385093167701865,0.0
2024-11-02,2425,9,Liverpool,Brighton,T Harrington,reds,home,0,0.05721713494528098,0.0,0.058385093167701865,0.0
2024-11-02,2425,9,Newcastle,Arsenal,J Brooks,reds,home,0,0.05417899308475246,0.0,0.058385093167701865,0.0
2024-11-02,2425,9,Nott'm Forest,West Ham,P Bankes,reds,home,0,0.05455102867805183,0.0,0.058385093167701865,0.0
2024-11-02,2425,9,Southampton,Everton,A Madley,reds,home,0,0.05233693937150044,0.0,0.058385093167701865,0.0
2024-11-02,2425,9,Wolves,Crystal Palace,A Taylor,reds,home,0,0.0627871479812883,0.0,0.058385093167701865,0.0
2024-11-03,2425,9,Man United,Chelsea,R Jones,reds,home,0,0.05823753836249077,0.0,0.058385093167701865,0.0
2024-11-03,2425,9,Tottenham,Aston Villa,C Pawson,reds,home,0,0.06399796743673049,0.0,0.058385093167701865,0.0
2024-11-04,2425,9,Fulham,Brentford,S Attwell,reds,home,0,0.0623337046383398,0.0,0.058385093167701865,0.0
2024-11-02,2425,9,Bournemouth,Man City,M Oliver,reds,away,0,0.0523811466970428,0.0,0.058385093167701865,0.0
2024-11-02,2425,9,Ipswich,Leicester,T Robinson,reds,away,0,0.05283395433509167,0.0,0.058385093167701865,0.0
2024-11-02,2425,9,Liverpool,Brighton,T Harrington,reds,away,0,0.06048094468638759,0.0,0.058385093167701865,0.0
2024-11-02,2425,9,Newcastle,Arsenal,J Brooks,reds,away,0,0.0662831196492898,0.0,0.058385093167701865,0.0
2024-11-02,2425,9,Nott'm Forest,West Ham,P Bankes,reds,away,1,0.06113408664270501,0.0,0.058385093167701865,0.0
2024-11-02,2425,9,Southampton,Everton,A Madley,reds,away,0,0.05950249646199328,0.0,0.058385093167701865,0.0
2024-11-02,2425,9,Wolves,Crystal Palace,A Taylor,reds,away,0,0.058352406440529046,0.0,0.058385093167701865,0.0
2024-11-03,2425,9,Man United,Chelsea,R Jones,reds,away,0,0.055120683581788926,0.0,0.058385093167701865,0.0
2024-11-03,2425,9,Tottenham,Aston Villa,C Pawson,reds,away,0,0.06399875644494277,0.0,0.058385093167701865,0.0
2024-11-04,2425,9,Fulham,Brentford,S Attwell,reds,away,0,0.05659063797748461,0.0,0.058385093167701865,0.0
2024-11-02,2425,9,Bournemouth,Man City,M Oliver,corners,home,3,4.301175011238068,0.07644839052818818,5.2189441074817475,0.14528637332347025
2024-11-02,2425,9,Ipswich,Leicester,T Robinson,corners,home,4,7.378716403996449,0.07644839052818818,5.2189441074817475,0.14528637332347025
2024-11-02,2425,9,Liverpool,Brighton,T Harrington,corners,home,10,6.211172142292691,0.07644839052818818,5.2189441074817475,0.14528637332347025
2024-11-02,2425,9,Newcastle,Arsenal,J Brooks,corners,home,4,4.456596629493501,0.07644839052818818,5.2189441074817475,0.14528637332347025
2024-11-02,2425,9,Nott'm Forest,West Ham,P Bankes,corners,home,11,5.046255290201455,0.07644839052818818,5.2189441074817475,0.14528637332347025
2024-11-02,2425,9,Southampton,Everton,A Madley,corners,home,3,6.162769667508495,0.07644839052818818,5.2189441074817475,0.14528637332347025
2024-11-02,2425,9,Wolves,Crystal Palace,A Taylor,corners,home,3,4.84396523192031,0.07644839052818818,5.2189441074817475,0.14528637332347025
2024-11-03,2425,9,Man United,Chelsea,R Jones,corners,home,4,5.62408235020078,0.07644839052818818,5.2189441074817475,0.14528637332347025
2024-11-03,2425,9,Tottenham,Aston Villa,C Pawson,corners,home,6,6.4249976178699555,0.07644839052818818,5.2189441074817475,0.14528637332347025
2024-11-04,2425,9,Fulham,Brentford,S Attwell,corners,home,11,6.4678529922190355,0.07644839052818818,5.2189441074817475,0.14528637332347025
2024-11-02,2425,9,Bournemouth,Man City,M Oliver,corners,away,10,6.848494667145619,0.07644839052818818,5.2189441074817475,0.14528637332347025
2024-11-02,2425,9,Ipswich,Leicester,T Robinson,corners,away,6,3.8280575229879292,0.07644839052818818,5.2189441074817475,0.14528637332347025
2024-11-02,2425,9,Liverpool,Brighton,T Harrington,corners,away,7,3.708194078588807,0.07644839052818818,5.2189441074817475,0.14528637332347025
2024-11-02,2425,9,Newcastle,Arsenal,J Brooks,corners,away,6,5.274638637790727,0.07644839052818818,5.2189441074817475,0.14528637332347025
2024-11-02,2425,9,Nott'm Forest,West Ham,P Bankes,corners,away,6,4.9896465170224005,0.07644839052818818,5.2189441074817475,0.14528637332347025
2024-11-02,2425,9,Southampton,Everton,A Madley,corners,away,6,4.860963387478151,0.07644839052818818,5.2189441074817475,0.14528637332347025
2024-11-02,2425,9,Wolves,Crystal Palace,A Taylor,corners,away,6,5.152860426304931,0.07644839052818818,5.2189441074817475,0.14528637332347025
2024-11-03,2425,9,Man United,Chelsea,R Jones,corners,away,8,5.506673879574645,0.07644839052818818,5.2189441074817475,0.14528637332347025
2024-11-03,2425,9,Tottenham,Aston Villa,C Pawson,corners,away,4,5.121998813624263,0.07644839052818818,5.2189441074817475,0.14528637332347025
2024-11-04,2425,9,Fulham,Brentford,S Attwell,corners,away,3,4.231524956981598,0.07644839052818818,5.2189441074817475,0.14528637332347025
2024-11-02,2425,9,Bournemouth,Man City,M Oliver,fouls,home,11,11.616441368642489,0.00033546262790251185,10.738509316754742,0.015014085075782033
2024-11-02,2425,9,Ipswich,Leicester,T Robinson,fouls,home,11,12.339449147241377,0.00033546262790251185,10.738509316754742,0.015014085075782033
2024-11-02,2425,9,Liverpool,Brighton,T Harrington,fouls,home,10,12.033272268964215,0.00033546262790251185,10.738509316754742,0.015014085075782033
2024-11-02,2425,9,Newcastle,Arsenal,J Brooks,fouls,home,16,10.094047976126973,0.00033546262790251185,10.738509316754742,0.015014085075782033
2024-11-02,2425,9,Nott'm Forest,West Ham,P Bankes,fouls,home,7,9.717815275725611,0.00033546262790251185,10.738509316754742,0.015014085075782033
2024-11-02,2425,9,Southampton,Everton,A Madley,fouls,home,14,10.37714255322902,0.00033546262790251185,10.738509316754742,0.015014085075782033
2024-11-02,2425,9,Wolves,Crystal Palace,A Taylor,fouls,home,7,12.298584779224484,0.00033546262790251185,10.738509316754742,0.015014085075782033
2024-11-03,2425,9,Man United,Chelsea,R Jones,fouls,home,19,12.060041203084932,0.00033546262790251185,10.738509316754742,0.015014085075782033
2024-11-03,2425,9,Tottenham,Aston Villa,C Pawson,fouls,home,14,12.949652704028821,0.00033546262790251185,10.738509316754742,0.015014085075782033
2024-11-04,2425,9,Fulham,Brentford,S Attwell,fouls,home,3,10.23275426377503,0.00033546262790251185,10.738509316754742,0.015014085075782033
2024-11-02,2425,9,Bournemouth,Man City,M Oliver,fouls,away,6,8.023945380000852,0.00033546262790251185,10.738509316754742,0.015014085075782033
2024-11-02,2425,9,Ipswich,Leicester,T Robinson,fouls,away,10,12.49871977906835,0.00033546262790251185,10.738509316754742,0.015014085075782033
2024-11-02,2425,9,Liverpool,Brighton,T Harrington,fouls,away,18,10.157169388815408,0.00033546262790251185,10.738509316754742,0.015014085075782033
2024-11-02,2425,9,Newcastle,Arsenal,J Brooks,fouls,away,18,11.803851436367356,0.00033546262790251185,10.738509316754742,0.015014085075782033
2024-11-02,2425,9,Nott'm Forest,West Ham,P Bankes,fouls,away,9,10.596583553943368,0.00033546262790251185,10.738509316754742,0.015014085075782033
2024-11-02,2425,9,Southampton,Everton,A Madley,fouls,away,18,12.06836023192794,0.00033546262790251185,10.738509316754742,0.015014085075782033
2024-11-02,2425,9,Wolves,Crystal Palace,A Taylor,fouls,away,9,11.211087469061043,0.00033546262790251185,10.738509316754742,0.015014085075782033
2024-11-03,2425,9,Man United,Chelsea,R Jones,fouls,away,14,10.067520478494863,0.00033546262790251185,10.738509316754742,0.015014085075782033
2024-11-03,2425,9,Tottenham,Aston Villa,C Pawson,fouls,away,14,13.307953460280526,0.00033546262790251185,10.738509316754742,0.015014085075782033
2024-11-04,2425,9,Fulham,Brentford,S Attwell,fouls,away,10,8.773048389012809,0.00033546262790251185,10.738509316754742,0.015014085075782033
2024-11-09,2425,10,Brentford,Bournemouth,D Bond,yellows,home,2,2.0276248224521125,0.00033546262790251185,1.802469135468946,0.00033546262790251185
2024-11-09,2425,10,Brighton,Man City,S Barrott,yellows,home,3,2.072146650838861,0.00033546262790251185,1.802469135468946,0.00033546262790251185
2024-11-09,2425,10,Crystal Palace,Fulham,M Salisbury,yellows,home,1,1.6663660517672705,0.00033546262790251185,1.802469135468946,0.00033546262790251185
2024-11-09,2425,10,Liverpool,Aston Villa,D Coote,yellows,home,0,2.234883656220154,0.00033546262790251185,1.802469135468946,0.00033546262790251185
2024-11-09,2425,10,West Ham,Everton,S Attwell,yellows,home,1,1.4984910986224005,0.00033546262790251185,1.802469135468946,0.00033546262790251185
2024-11-09,2425,10,Wolves,Southampton,T Bramall,yellows,home,1,2.2096645277559177,0.00033546262790251185,1.802469135468946,0.00033546262790251185
2024-11-10,2425,10,Chelsea,Arsenal,M Oliver,yellows,home,4,2.5181642824041037,0.00033546262790251185,1.802469135468946,0.00033546262790251185
2024-11-10,2425,10,Man United,Leicester,P Bankes,yellows,home,0,2.0910210707871753,0.00033546262790251185,1.802469135468946,0.00033546262790251185
2024-11-10,2425,10,Nott'm Forest,Newcastle,A Taylor,yellows,home,1,2.4041561593888168,0.00033546262790251185,1.802469135468946,0.00033546262790251185
2024-11-10,2425,10,Tottenham,Ipswich,D England,yellows,home,1,1.9605707885693682,0.00033546262790251185,1.802469135468946,0.00033546262790251185
2024-11-09,2425,10,Brentford,Bournemouth,D Bond,yellows,away,4,2.1928149117132847,0.00033546262790251185,1.802469135468946,0.00033546262790251185
2024-11-09,2425,10,Brighton,Man City,S Barrott,yellows,away,3,1.8560880582914836,0.00033546262790251185,1.802469135468946,0.00033546262790251185
2024-11-09,2425,10,Crystal Palace,Fulham,M Salisbury,yellows,away,1,2.115066461404351,0.00033546262790251185,1.802469135468946,0.00033546262790251185
2024-11-09,2425,10,Liverpool,Aston Villa,D Coote,yellows,away,3,2.6752917630141377,0.00033546262790251185,1.802469135468946,0.00033546262790251185
2024-11-09,2425,10,West Ham,Everton,S Attwell,yellows,away,2,1.674884433704152,0.00033546262790251185,1.802469135468946,0.00033546262790251185
2024-11-09,2425,10,Wolves,Southampton,T Bramall,yellows,away,4,2.6039205093928226,0.00033546262790251185,1.802469135468946,0.00033546262790251185
2024-11-10,2425,10,Chelsea,Arsenal,M Oliver,yellows,away,2,2.213143528140511,0.00033546262790251185,1.802469135468946,0.00033546262790251185
2024-11-10,2425,10,Man United,Leicester,P Bankes,yellows,away,1,2.214962749801026,0.00033546262790251185,1.802469135468946,0.00033546262790251185
2024-11-10,2425,10,Nott'm Forest,Newcastle,A Taylor,yellows,away,1,2.37042422068025,0.00033546262790251185,1.802469135468946,0.00033546262790251185
2024-11-10,2425,10,Tottenham,Ipswich,D England,yellows,away,5,2.6171719822018944,0.00033546262790251185,1.802469135468946,0.00033546262790251185
2024-11-09,2425,10,Brentford,Bournemouth,D Bond,reds,home,0,0.05466343156816109,0.0,0.058641975308641986,0.0
2024-11-09,2425,10,Brighton,Man City,S Barrott,reds,home,0,0.0605621796998098,0.0,0.058641975308641986,0.0
2024-11-09,2425,10,Crystal Palace,Fulham,M Salisbury,reds,home,1,0.05653251770958444,0.0,0.058641975308641986,0.0
2024-11-09,2425,10,Liverpool,Aston Villa,D Coote,reds,home,0,0.06055796308511884,0.0,0.058641975308641986,0.0
2024-11-09,2425,10,West Ham,Everton,S Attwell,reds,home,0,0.05415447932576417,0.0,0.058641975308641986,0.0
2024-11-09,2425,10,Wolves,Southampton,T Bramall,reds,home,0,0.0585799841793748,0.0,0.058641975308641986,0.0
2024-11-10,2425,10,Chelsea,Arsenal,M Oliver,reds,home,0,0.05742700375626374,0.0,0.058641975308641986,0.0
2024-11-10,2425,10,Man United,Leicester,P Bankes,reds,home,0,0.05226755942475796,0.0,0.058641975308641986,0.0
2024-11-10,2425,10,Nott'm Forest,Newcastle,A Taylor,reds,home,0,0.061094374259679875,0.0,0.058641975308641986,0.0
2024-11-10,2425,10,Tottenham,Ipswich,D England,reds,home,0,0.05818440614121672,0.0,0.058641975308641986,0.0
2024-11-09,2425,10,Brentford,Bournemouth,D Bond,reds,away,0,0.0579177448071918,0.0,0.058641975308641986,0.0
2024-11-09,2425,10,Brighton,Man City,S Barrott,reds,away,0,0.056260329624606316,0.0,0.058641975308641986,0.0
2024-11-09,2425,10,Crystal Palace,Fulham,M Salisbury,reds,away,0,0.0632337946881514,0.0,0.058641975308641986,0.0
2024-11-09,2425,10,Liverpool,Aston Villa,D Coote,reds,away,0,0.058440492964855706,0.0,0.058641975308641986,0.0
2024-11-09,2425,10,West Ham,Everton,S Attwell,reds,away,0,0.05725903328367562,0.0,0.058641975308641986,0.0
2024-11-09,2425,10,Wolves,Southampton,T Bramall,reds,away,0,0.059767405978259434,0.0,0.058641975308641986,0.0
2024-11-10,2425,10,Chelsea,Arsenal,M Oliver,reds,away,0,0.06768549225062415,0.0,0.058641975308641986,0.0
2024-11-10,2425,10,Man United,Leicester,P Bankes,reds,away,0,0.050310383949586514,0.0,0.058641975308641986,0.0
2024-11-10,2425,10,Nott'm Forest,Newcastle,A Taylor,reds,away,0,0.0591908229694949,0.0,0.058641975308641986,0.0
2024-11-10,2425,10,Tottenham,Ipswich,D England,reds,away,0,0.06670457688603015,0.0,0.058641975308641986,0.0
2024-11-09,2425,10,Brentford,Bournemouth,D Bond,corners,home,6,5.546893053081812,0.07382869745938715,5.224074072989434,0.1444604655943564
2024-11-09,2425,10,Brighton,Man City,S Barrott,corners,home,0,4.0058891749012435,0.07382869745938715,5.224074072989434,0.1444604655943564
2024-11-09,2425,10,Crystal Palace,Fulham,M Salisbury,corners,home,1,5.334753255465763,0.07382869745938715,5.224074072989434,0.1444604655943564
2024-11-09,2425,10,Liverpool,Aston Villa,D Coote,corners,home,2,6.597071431428192,0.07382869745938715,5.224074072989434,0.1444604655943564
2024-11-09,2425,10,West Ham,Everton,S Attwell,corners,home,7,6.054034865740995,0.07382869745938715,5.224074072989434,0.1444604655943564
2024-11-09,2425,10,Wolves,Southampton,T Bramall,corners,home,1,5.653201830614593,0.07382869745938715,5.224074072989434,0.1444604655943564
2024-11-10,2425,10,Chelsea,Arsenal,M Oliver,corners,home,4,4.419050395205634,0.07382869745938715,5.224074072989434,0.1444604655943564
2024-11-10,2425,10,Man United,Leicester,P Bankes,corners,home,1,7.5709975223107575,0.07382869745938715,5.224074072989434,0.1444604655943564
2024-11-10,2425,10,Nott'm Forest,Newcastle,A Taylor,corners,home,4,4.918175308256344,0.07382869745938715,5.224074072989434,0.1444604655943564
2024-11-10,2425,10,Tottenham,Ipswich,D England,corners,home,12,7.754389234564942,0.07382869745938715,5.224074072989434,0.1444604655943564
2024-11-09,2425,10,Brentford,Bournemouth,D Bond,corners,away,4,6.0171988383581345,0.07382869745938715,5.224074072989434,0.1444604655943564
2024-11-09,2425,10,Brighton,Man City,S Barrott,corners,away,4,5.7871970604122405,0.07382869745938715,5.224074072989434,0.1444604655943564
2024-11-09,2425,10,Crystal Palace,Fulham,M Salisbury,corners,away,8,4.656174549695874,0.07382869745938715,5.224074072989434,0.1444604655943564
2024-11-09,2425,10,Liverpool,Aston Villa,D Coote,corners,away,9,3.7632567637878003,0.07382869745938715,5.224074072989434,0.1444604655943564
2024-11-09,2425,10,West Ham,Everton,S Attwell,corners,away,6,4.508797664006279,0.07382869745938715,5.224074072989434,0.1444604655943564
2024-11-09,2425,10,Wolves,Southampton,T Bramall,corners,away,9,4.9075541331286345,0.07382869745938715,5.224074072989434,0.1444604655943564
2024-11-10,2425,10,Chelsea,Arsenal,M Oliver,corners,away,3,4.707371918141168,0.07382869745938715,5.224074072989434,0.1444604655943564
2024-11-10,2425,10,Man United,Leicester,P Bankes,corners,away,5,4.187804972463535,0.07382869745938715,5.224074072989434,0.1444604655943564
2024-11-10,2425,10,Nott'm Forest,Newcastle,A Taylor,corners,away,5,5.804263029403481,0.07382869745938715,5.224074072989434,0.1444604655943564
2024-11-10,2425,10,Tottenham,Ipswich,D England,corners,away,2,4.942414515818942,0.07382869745938715,5.224074072989434,0.1444604655943564
2024-11-09,2425,10,Brentford,Bournemouth,D Bond,fouls,home,8,8.917955484883857,0.00033546262790251185,10.74567900450417,0.015387580404678613
2024-11-09,2425,10,Brighton,Man City,S Barrott,fouls,home,12,10.515261160780708,0.00033546262790251185,10.74567900450417,0.015387580404678613
2024-11-09,2425,10,Crystal Palace,Fulham,M Salisbury,fouls,home,10,11.357285435863435,0.00033546262790251185,10.74567900450417,0.015387580404678613
2024-11-09,2425,10,Liverpool,Aston Villa,D Coote,fouls,home,11,13.613646487620569,0.00033546262790251185,10.74567900450417,0.015387580404678613
2024-11-09,2425,10,West Ham,Everton,S Attwell,fouls,home,10,9.078570994250992,0.00033546262790251185,10.74567900450417,0.015387580404678613
2024-11-09,2425,10,Wolves,Southampton,T Bramall,fouls,home,14,13.227131042168436,0.00033546262790251185,10.74567900450417,0.015387580404678613
2024-11-10,2425,10,Chelsea,Arsenal,M Oliver,fouls,home,12,10.964974195956037,0.00033546262790251185,10.74567900450417,0.015387580404678613
2024-11-10,2425,10,Man United,Leicester,P Bankes,fouls,home,9,10.719307278205624,0.00033546262790251185,10.74567900450417,0.015387580404678613
2024-11-10,2425,10,Nott'm Forest,Newcastle,A Taylor,fouls,home,13,11.757270556694348,0.00033546262790251185,10.74567900450417,0.015387580404678613
2024-11-10,2425,10,Tottenham,Ipswich,D England,fouls,home,10,11.76829935687053,0.00033546262790251185,10.74567900450417,0.015387580404678613
2024-11-09,2425,10,Brentford,Bournemouth,D Bond,fouls,away,16,12.133357300921157,0.00033546262790251185,10.74567900450417,0.015387580404678613
2024-11-09,2425,10,Brighton,Man City,S Barrott,fouls,away,10,8.711605813986976,0.00033546262790251185,10.74567900450417,0.015387580404678613
2024-11-09,2425,10,Crystal Palace,Fulham,M Salisbury,fouls,away,11,11.750724462777558,0.00033546262790251185,10.74567900450417,0.015387580404678613
2024-11-09,2425,10,Liverpool,Aston Villa,D Coote,fouls,away,15,11.230856670187174,0.00033546262790251185,10.74567900450417,0.015387580404678613
2024-11-09,2425,10,West Ham,Everton,S Attwell,fouls,away,9,9.433878381208622,0.00033546262790251185,10.74567900450417,0.015387580404678613
2024-11-09,2425,10,Wolves,Southampton,T Bramall,fouls,away,12,11.74871634296225,0.00033546262790251185,10.74567900450417,0.015387580404678613
2024-11-10,2425,10,Chelsea,Arsenal,M Oliver,fouls,away,12,12.066176755114082,0.00033546262790251185,10.74567900450417,0.015387580404678613
2024-11-10,2425,10,Man United,Leicester,P Bankes,fouls,away,5,9.295624781369161,0.00033546262790251185,10.74567900450417,0.015387580404678613
2024-11-10,2425,10,Nott'm Forest,Newcastle,A Taylor,fouls,away,6,10.40867414960748,0.00033546262790251185,10.74567900450417,0.015387580404678613
2024-11-10,2425,10,Tottenham,Ipswich,D England,fouls,away,19,13.267199659193539,0.00033546262790251185,10.74567900450417,0.015387580404678613
2024-11-23,2425,11,Arsenal,Nott'm Forest,S Hooper,yellows,home,3,1.9223369357743054,0.00033546262790251185,1.8036809816688215,0.00033546262790251185
2024-11-23,2425,11,Aston Villa,Crystal Palace,T Robinson,yellows,home,3,2.133926378731758,0.00033546262790251185,1.8036809816688215,0.00033546262790251185
2024-11-23,2425,11,Bournemouth,Brighton,S Attwell,yellows,home,2,2.290717274089857,0.00033546262790251185,1.8036809816688215,0.00033546262790251185
2024-11-23,2425,11,Everton,Brentford,C Kavanagh,yellows,home,0,1.7470726242979735,0.00033546262790251185,1.8036809816688215,0.00033546262790251185
2024-11-23,2425,11,Fulham,Wolves,R Jones,yellows,home,3,2.0706230308781968,0.00033546262790251185,1.8036809816688215,0.00033546262790251185
2024-11-23,2425,11,Leicester,Chelsea,A Madley,yellows,home,4,2.3431333124968483,0.00033546262790251185,1.8036809816688215,0.00033546262790251185
2024-11-23,2425,11,Man City,Tottenham,J Brooks,yellows,home,4,1.716693166284986,0.00033546262790251185,1.8036809816688215,0.00033546262790251185
2024-11-24,2425,11,Ipswich,Man United,A Taylor,yellows,home,0,2.206448620638908,0.00033546262790251185,1.8036809816688215,0.00033546262790251185
2024-11-24,2425,11,Southampton,Liverpool,S Barrott,yellows,home,3,2.5977261748349303,0.00033546262790251185,1.8036809816688215,0.00033546262790251185
2024-11-25,2425,11,Newcastle,West Ham,C Pawson,yellows,home,1,1.5959763155579436,0.00033546262790251185,1.8036809816688215,0.00033546262790251185
2024-11-23,2425,11,Arsenal,Nott'm Forest,S Hooper,yellows,away,2,2.2674036809924147,0.00033546262790251185,1.8036809816688215,0.00033546262790251185
2024-11-23,2425,11,Aston Villa,Crystal Palace,T Robinson,yellows,away,2,2.5923825706830894,0.00033546262790251185,1.8036809816688215,0.00033546262790251185
2024-11-23,2425,11,Bournemouth,Brighton,S Attwell,yellows,away,2,2.262497099111242,0.00033546262790251185,1.8036809816688215,0.00033546262790251185
2024-11-23,2425,11,Everton,Brentford,C Kavanagh,yellows,away,0,1.6618576460550063,0.00033546262790251185,1.8036809816688215,0.00033546262790251185
2024-11-23,2425,11,Fulham,Wolves,R Jones,yellows,away,0,2.141524914917604,0.00033546262790251185,1.8036809816688215,0.00033546262790251185
2024-11-23,2425,11,Leicester,Chelsea,A Madley,yellows,away,3,2.5518730773577696,0.00033546262790251185,1.8036809816688215,0.00033546262790251185
2024-11-23,2425,11,Man City,Tottenham,J Brooks,yellows,away,2,2.3864237020617107,0.00033546262790251185,1.8036809816688215,0.00033546262790251185
2024-11-24,2425,11,Ipswich,Man United,A Taylor,yellows,away,0,2.122913271490657,0.00033546262790251185,1.8036809816688215,0.00033546262790251185
2024-11-24,2425,11,Southampton,Liverpool,S Barrott,yellows,away,4,1.8334359908167526,0.00033546262790251185,1.8036809816688215,0.00033546262790251185
2024-11-25,2425,11,Newcastle,West Ham,C Pawson,yellows,away,0,2.3809818620753234,0.00033546262790251185,1.8036809816688215,0.00033546262790251185
2024-11-23,2425,11,Arsenal,Nott'm Forest,S Hooper,reds,home,0,0.06705269006349944,0.0,0.05858895705521473,0.0
2024-11-23,2425,11,Aston Villa,Crystal Palace,T Robinson,reds,home,0,0.06047114776491249,0.0,0.05858895705521473,0.0
2024-11-23,2425,11,Bournemouth,Brighton,S Attwell,reds,home,0,0.05743837936100236,0.0,0.05858895705521473,0.0
2024-11-23,2425,11,Everton,Brentford,C Kavanagh,reds,home,0,0.06300457819391156,0.0,0.05858895705521473,0.0
2024-11-23,2425,11,Fulham,Wolves,R Jones,reds,home,0,0.061924257876492125,0.0,0.05858895705521473,0.0
2024-11-23,2425,11,Leicester,Chelsea,A Madley,reds,home,0,0.05716810980962931,0.0,0.05858895705521473,0.0
2024-11-23,2425,11,Man City,Tottenham,J Brooks,reds,home,0,0.060369724600749804,0.0,0.05858895705521473,0.0
2024-11-24,2425,11,Ipswich,Man United,A Taylor,reds,home,0,0.05627070810999129,0.0,0.05858895705521473,0.0
2024-11-24,2425,11,Southampton,Liverpool,S Barrott,reds,home,0,0.05844364343586759,0.0,0.05858895705521473,0.0
2024-11-25,2425,11,Newcastle,West Ham,C Pawson,reds,home,0,0.05210457061860222,0.0,0.05858895705521473,0.0
2024-11-23,2425,11,Arsenal,Nott'm Forest,S Hooper,reds,away,0,0.0566059121637132,0.0,0.05858895705521473,0.0
2024-11-23,2425,11,Aston Villa,Crystal Palace,T Robinson,reds,away,0,0.06268518268687578,0.0,0.05858895705521473,0.0
2024-11-23,2425,11,Bournemouth,Brighton,S Attwell,reds,away,1,0.05743828975176047,0.0,0.05858895705521473,0.0
2024-11-23,2425,11,Everton,Brentford,C Kavanagh,reds,away,1,0.05130765110076238,0.0,0.05858895705521473,0.0
2024-11-23,2425,11,Fulham,Wolves,R Jones,reds,away,0,0.06072212893057659,0.0,0.05858895705521473,0.0
2024-11-23,2425,11,Leicester,Chelsea,A Madley,reds,away,0,0.05622923556881254,0.0,0.05858895705521473,0.0
2024-11-23,2425,11,Man City,Tottenham,J Brooks,reds,away,0,0.0593424855228379,0.0,0.05858895705521473,0.0
2024-11-24,2425,11,Ipswich,Man United,A Taylor,reds,away,0,0.05376144054647955,0.0,0.05858895705521473,0.0
2024-11-24,2425,11,Southampton,Liverpool,S Barrott,reds,away,0,0.05422147393339848,0.0,0.05858895705521473,0.0
2024-11-25,2425,11,Newcastle,West Ham,C Pawson,reds,away,0,0.06261268443323613,0.0,0.05858895705521473,0.0
2024-11-23,2425,11,Arsenal,Nott'm Forest,S Hooper,corners,home,8,7.481649326255857,0.07942599898836882,5.220552157368768,0.1451492047683882
2024-11-23,2425,11,Aston Villa,Crystal Palace,T Robinson,corners,home,10,6.011311294118613,0.07942599898836882,5.220552157368768,0.1451492047683882
2024-11-23,2425,11,Bournemouth,Brighton,S Attwell,corners,home,7,5.598783071905415,0.07942599898836882,5.220552157368768,0.1451492047683882
2024-11-23,2425,11,Everton,Brentford,C Kavanagh,corners,home,10,5.837341140717195,0.07942599898836882,5.220552157368768,0.1451492047683882
2024-11-23,2425,11,Fulham,Wolves,R Jones,corners,home,7,7.124561545245083,0.07942599898836882,5.220552157368768,0.1451492047683882
2024-11-23,2425,11,Leicester,Chelsea,A Madley,corners,home,2,4.060792585872669,0.07942599898836882,5.220552157368768,0.1451492047683882
2024-11-23,2425,11,Man City,Tottenham,J Brooks,corners,home,9,8.285623064841516,0.07942599898836882,5.220552157368768,0.1451492047683882
2024-11-24,2425,11,Ipswich,Man United,A Taylor,corners,home,4,6.237716880267294,0.07942599898836882,5.220552157368768,0.1451492047683882
2024-11-24,2425,11,Southampton,Liverpool,S Barrott,corners,home,3,4.259092832045162,0.07942599898836882,5.220552157368768,0.1451492047683882
2024-11-25,2425,11,Newcastle,West Ham,C Pawson,corners,home,8,6.562840256015996,0.07942599898836882,5.220552157368768,0.1451492047683882
2024-11-23,2425,11,Arsenal,Nott'm Forest,S Hooper,corners,away,1,2.9150113484014875,0.07942599898836882,5.220552157368768,0.1451492047683882
2024-11-23,2425,11,Aston Villa,Crystal Palace,T Robinson,corners,away,1,3.865412559687534,0.07942599898836882,5.220552157368768,0.1451492047683882
2024-11-23,2425,11,Bournemouth,Brighton,S Attwell,corners,away,0,5.262995162208982,0.07942599898836882,5.220552157368768,0.1451492047683882
2024-11-23,2425,11,Everton,Brentford,C Kavanagh,corners,away,4,4.895351561287676,0.07942599898836882,5.220552157368768,0.1451492047683882
2024-11-23,2425,11,Fulham,Wolves,R Jones,corners,away,2,3.773923159249226,0.07942599898836882,5.220552157368768,0.1451492047683882
2024-11-23,2425,11,Leicester,Chelsea,A Madley,corners,away,9,5.8496661993395085,0.07942599898836882,5.220552157368768,0.1451492047683882
2024-11-23,2425,11,Man City,Tottenham,J Brooks,corners,away,3,3.778999168505489,0.07942599898836882,5.220552157368768,0.1451492047683882
2024-11-24,2425,11,Ipswich,Man United,A Taylor,corners,away,3,5.604303701123484,0.07942599898836882,5.220552157368768,0.1451492047683882
2024-11-24,2425,11,Southampton,Liverpool,S Barrott,corners,away,10,6.647460524829079,0.07942599898836882,5.220552157368768,0.1451492047683882
2024-11-25,2425,11,Newcastle,West Ham,C Pawson,corners,away,3,4.328717204524875,0.07942599898836882,5.220552157368768,0.1451492047683882
2024-11-23,2425,11,Arsenal,Nott'm Forest,S Hooper,fouls,home,10,10.743915712514251,0.00033546262790251185,10.748466260075432,0.015238717403116553
2024-11-23,2425,11,Aston Villa,Crystal Palace,T Robinson,fouls,home,10,12.094587399752697,0.00033546262790251185,10.748466260075432,0.015238717403116553
2024-11-23,2425,11,Bournemouth,Brighton,S Attwell,fouls,home,13,11.538501278188026,0.00033546262790251185,10.748466260075432,0.015238717403116553
2024-11-23,2425,11,Everton,Brentford,C Kavanagh,fouls,home,8,10.714616492639992,0.00033546262790251185,10.748466260075432,0.015238717403116553
2024-11-23,2425,11,Fulham,Wolves,R Jones,fouls,home,14,10.8917135136777,0.00033546262790251185,10.748466260075432,0.015238717403116553
2024-11-23,2425,11,Leicester,Chelsea,A Madley,fouls,home,15,12.257669291003985,0.00033546262790251185,10.748466260075432,0.015238717403116553
2024-11-23,2425,11,Man City,Tottenham,J Brooks,fouls,home,19,9.622540360870877,0.00033546262790251185,10.748466260075432,0.015238717403116553
2024-11-24,2425,11,Ipswich,Man United,A Taylor,fouls,home,11,9.51687823932742,0.00033546262790251185,10.748466260075432,0.015238717403116553
2024-11-24,2425,11,Southampton,Liverpool,S Barrott,fouls,home,11,10.654765807100429,0.00033546262790251185,10.748466260075432,0.015238717403116553
2024-11-25,2425,11,Newcastle,West Ham,C Pawson,fouls,home,11,9.592964478983301,0.00033546262790251185,10.748466260075432,0.015238717403116553
2024-11-23,2425,11,Arsenal,Nott'm Forest,S Hooper,fouls,away,1,11.368149282819196,0.00033546262790251185,10.748466260075432,0.015238717403116553
2024-11-23,2425,11,Aston Villa,Crystal Palace,T Robinson,fouls,away,11,13.530866246388666,0.00033546262790251185,10.748466260075432,0.015238717403116553
2024-11-23,2425,11,Bournemouth,Brighton,S Attwell,fouls,away,10,9.827445184376543,0.00033546262790251185,10.748466260075432,0.015238717403116553
2024-11-23,2425,11,Everton,Brentford,C Kavanagh,fouls,away,10,8.73921777748338,0.00033546262790251185,10.748466260075432,0.015238717403116553
2024-11-23,2425,11,Fulham,Wolves,R Jones,fouls,away,14,12.279676182270764,0.00033546262790251185,10.748466260075432,0.015238717403116553
2024-11-23,2425,11,Leicester,Chelsea,A Madley,fouls,away,12,12.197648733782366,0.00033546262790251185,10.748466260075432,0.015238717403116553
2024-11-23,2425,11,Man City,Tottenham,J Brooks,fouls,away,9,11.206063233445624,0.00033546262790251185,10.748466260075432,0.015238717403116553
2024-11-24,2425,11,Ipswich,Man United,A Taylor,fouls,away,10,11.05421113306747,0.00033546262790251185,10.748466260075432,0.015238717403116553
2024-11-24,2425,11,Southampton,Liverpool,S Barrott,fouls,away,9,12.71940739454964,0.00033546262790251185,10.748466260075432,0.015238717403116553
2024-11-25,2425,11,Newcastle,West Ham,C Pawson,fouls,away,8,12.45233419056274,0.00033546262790251185,10.748466260075432,0.015238717403116553
2024-11-29,2425,12,Brighton,Southampton,R Jones,yellows,home,2,1.9385807260403256,0.00033546262790251185,1.804268292688041,0.00033546262790251185
2024-11-30,2425,12,Brentford,Leicester,M Oliver,yellows,home,1,1.7269548594296642,0.00033546262790251185,1.804268292688041,0.00033546262790251185
2024-11-30,2425,12,Crystal Palace,Newcastle,D England,yellows,home,3,2.2458986446048734,0.00033546262790251185,1.804268292688041,0.00033546262790251185
2024-11-30,2425,12,Nott'm Forest,Ipswich,T Harrington,yellows,home,1,1.6356512043038813,0.00033546262790251185,1.804268292688041,0.00033546262790251185
2024-11-30,2425,12,West Ham,Arsenal,A Taylor,yellows,home,4,1.8648409368835648,0.00033546262790251185,1.804268292688041,0.00033546262790251185
2024-11-30,2425,12,Wolves,Bournemouth,P Bankes,yellows,home,4,2.3142525534468703,0.00033546262790251185,1.804268292688041,0.00033546262790251185
2024-12-01,2425,12,Chelsea,Aston Villa,S Attwell,yellows,home,2,2.9124079940114553,0.00033546262790251185,1.804268292688041,0.00033546262790251185
2024-12-01,2425,12,Liverpool,Man City,C Kavanagh,yellows,home,1,1.8123221024025613,0.00033546262790251185,1.804268292688041,0.00033546262790251185
2024-12-01,2425,12,Man United,Everton,J Brooks,yellows,home,2,1.6675648283440174,0.00033546262790251185,1.804268292688041,0.00033546262790251185
2024-12-01,2425,12,Tottenham,Fulham,D Bond,yellows,home,0,1.799570296516151,0.00033546262790251185,1.804268292688041,0.00033546262790251185
2024-12-03,2425,12,Ipswich,Crystal Palace,C Pawson,yellows,home,2,2.1001047298115765,0.00033546262790251185,1.804268292688041,0.00033546262790251185
2024-12-03,2425,12,Leicester,West Ham,J Smith,yellows,home,2,1.7794328475523464,0.00033546262790251185,1.804268292688041,0.00033546262790251185
2024-12-04,2425,12,Arsenal,Man United,S Barrott,yellows,home,1,1.7266340951493997,0.00033546262790251185,1.804268292688041,0.00033546262790251185
2024-12-04,2425,12,Aston Villa,Brentford,L Smith,yellows,home,2,2.03901775158547,0.00033546262790251185,1.804268292688041,0.00033546262790251185
2024-12-04,2425,12,Everton,Wolves,M Salisbury,yellows,home,2,1.8943586926147835,0.00033546262790251185,1.804268292688041,0.00033546262790251185
2024-12-04,2425,12,Man City,Nott'm Forest,M Oliver,yellows,home,2,1.7658447620251532,0.00033546262790251185,1.804268292688041,0.00033546262790251185
2024-12-04,2425,12,Newcastle,Liverpool,A Madley,yellows,home,2,2.089374040552489,0.00033546262790251185,1.804268292688041,0.00033546262790251185
2024-12-04,2425,12,Southampton,Chelsea,T Harrington,yellows,home,1,2.6793096576381337,0.00033546262790251185,1.804268292688041,0.00033546262790251185
2024-12-05,2425,12,Bournemouth,Tottenham,S Hooper,yellows,home,2,2.4563500829079064,0.00033546262790251185,1.804268292688041,0.00033546262790251185
2024-12-05,2425,12,Fulham,Brighton,P Bankes,yellows,home,2,2.195352206008923,0.00033546262790251185,1.804268292688041,0.00033546262790251185
2024-12-07,2425,12,Aston Villa,Southampton,D Bond,yellows,home,1,2.228472648416332,0.00033546262790251185,1.804268292688041,0.00033546262790251185
2024-12-07,2425,12,Brentford,Newcastle,T Robinson,yellows,home,3,2.1753835900973475,0.00033546262790251185,1.804268292688041,0.00033546262790251185
2024-12-07,2425,12,Crystal Palace,Man City,R Jones,yellows,home,1,2.011868305984305,0.00033546262790251185,1.804268292688041,0.00033546262790251185
2024-12-07,2425,12,Man United,Nott'm Forest,D England,yellows,home,0,2.27962009926994,0.00033546262790251185,1.804268292688041,0.00033546262790251185
2024-12-08,2425,12,Fulham,Arsenal,C Kavanagh,yellows,home,4,2.0509384723201376,0.00033546262790251185,1.804268292688041,0.00033546262790251185
2024-12-08,2425,12,Ipswich,Bournemouth,M Salisbury,yellows,home,2,2.297442880101706,0.00033546262790251185,1.804268292688041,0.00033546262790251185
2024-12-08,2425,12,Leicester,Brighton,S Attwell,yellows,home,1,2.2672902948681206,0.00033546262790251185,1.804268292688041,0.00033546262790251185
2024-12-08,2425,12,Tottenham,Chelsea,A Taylor,yellows,home,2,2.4044688354412833,0.00033546262790251185,1.804268292688041,0.00033546262790251185
2024-12-09,2425,12,West Ham,Wolves,J Brooks,yellows,home,5,1.920538016492069,0.00033546262790251185,1.804268292688041,0.00033546262790251185
2024-11-29,2425,12,Brighton,Southampton,R Jones,yellows,away,4,2.8402320935897767,0.00033546262790251185,1.804268292688041,0.00033546262790251185
2024-11-30,2425,12,Brentford,Leicester,M Oliver,yellows,away,1,2.1401587580153647,0.00033546262790251185,1.804268292688041,0.00033546262790251185
2024-11-30,2425,12,Crystal Palace,Newcastle,D England,yellows,away,3,2.0460105601520837,0.00033546262790251185,1.804268292688041,0.00033546262790251185
2024-11-30,2425,12,Nott'm Forest,Ipswich,T Harrington,yellows,away,3,2.55195848461747,0.00033546262790251185,1.804268292688041,0.00033546262790251185
2024-11-30,2425,12,West Ham,Arsenal,A Taylor,yellows,away,1,1.6260661085701535,0.00033546262790251185,1.804268292688041,0.00033546262790251185
2024-11-30,2425,12,Wolves,Bournemouth,P Bankes,yellows,away,1,2.4278605896854386,0.00033546262790251185,1.804268292688041,0.00033546262790251185
2024-12-01,2425,12,Chelsea,Aston Villa,S Attwell,yellows,away,2,2.7661917562297567,0.00033546262790251185,1.804268292688041,0.00033546262790251185
2024-12-01,2425,12,Liverpool,Man City,C Kavanagh,yellows,away,3,1.880127727002495,0.00033546262790251185,1.804268292688041,0.00033546262790251185
2024-12-01,2425,12,Man United,Everton,J Brooks,yellows,away,3,1.8873187525234898,0.00033546262790251185,1.804268292688041,0.00033546262790251185
2024-12-01,2425,12,Tottenham,Fulham,D Bond,yellows,away,1,2.579381599656366,0.00033546262790251185,1.804268292688041,0.00033546262790251185
2024-12-03,2425,12,Ipswich,Crystal Palace,C Pawson,yellows,away,4,1.7877492536231323,0.00033546262790251185,1.804268292688041,0.00033546262790251185
2024-12-03,2425,12,Leicester,West Ham,J Smith,yellows,away,2,1.8718013166086633,0.00033546262790251185,1.804268292688041,0.00033546262790251185
2024-12-04,2425,12,Arsenal,Man United,S Barrott,yellows,away,3,2.424531028125211,0.00033546262790251185,1.804268292688041,0.00033546262790251185
2024-12-04,2425,12,Aston Villa,Brentford,L Smith,yellows,away,2,2.3564316943282417,0.00033546262790251185,1.804268292688041,0.00033546262790251185
2024-12-04,2425,12,Everton,Wolves,M Salisbury,yellows,away,0,1.9057571657134946,0.00033546262790251185,1.804268292688041,0.00033546262790251185
2024-12-04,2425,12,Man City,Nott'm Forest,M Oliver,yellows,away,4,2.2175795185359894,0.00033546262790251185,1.804268292688041,0.00033546262790251185
2024-12-04,2425,12,Newcastle,Liverpool,A Madley,yellows,away,5,2.2457450519820457,0.00033546262790251185,1.804268292688041,0.00033546262790251185
2024-12-04,2425,12,Southampton,Chelsea,T Harrington,yellows,away,0,2.5763581232037565,0.00033546262790251185,1.804268292688041,0.00033546262790251185
2024-12-05,2425,12,Bournemouth,Tottenham,S Hooper,yellows,away,2,2.4262578548067397,0.00033546262790251185,1.804268292688041,0.00033546262790251185
2024-12-05,2425,12,Fulham,Brighton,P Bankes,yellows,away,2,1.7999224284311646,0.00033546262790251185,1.804268292688041,0.00033546262790251185
2024-12-07,2425,12,Aston Villa,Southampton,D Bond,yellows,away,3,3.1760586153876935,0.00033546262790251185,1.804268292688041,0.00033546262790251185
2024-12-07,2425,12,Brentford,Newcastle,T Robinson,yellows,away,0,1.9956303050247908,0.00033546262790251185,1.804268292688041,0.00033546262790251185
2024-12-07,2425,12,Crystal Palace,Man City,R Jones,yellows,away,0,1.7142879157133022,0.00033546262790251185,1.804268292688041,0.00033546262790251185
2024-12-07,2425,12,Man United,Nott'm Forest,D England,yellows,away,2,2.003214706917711,0.00033546262790251185,1.804268292688041,0.00033546262790251185
2024-12-08,2425,12,Fulham,Arsenal,C Kavanagh,yellows,away,2,1.5977355647931268,0.00033546262790251185,1.804268292688041,0.00033546262790251185
2024-12-08,2425,12,Ipswich,Bournemouth,M Salisbury,yellows,away,1,2.0016017014692946,0.00033546262790251185,1.804268292688041,0.00033546262790251185
2024-12-08,2425,12,Leicester,Brighton,S Attwell,yellows,away,2,2.0045372324939033,0.00033546262790251185,1.804268292688041,0.00033546262790251185
2024-12-08,2425,12,Tottenham,Chelsea,A Taylor,yellows,away,2,3.058258476398337,0.00033546262790251185,1.804268292688041,0.00033546262790251185
2024-12-09,2425,12,West Ham,Wolves,J Brooks,yellows,away,4,2.0569324511536013,0.00033546262790251185,1.804268292688041,0.00033546262790251185
2024-11-29,2425,12,Brighton,Southampton,R Jones,reds,home,0,0.059564564456578414,0.0,0.058841463414634136,0.0
2024-11-30,2425,12,Brentford,Leicester,M Oliver,reds,home,0,0.0554796852766004,0.0,0.058841463414634136,0.0
2024-11-30,2425,12,Crystal Palace,Newcastle,D England,reds,home,0,0.06044809287827436,0.0,0.058841463414634136,0.0
2024-11-30,2425,12,Nott'm Forest,Ipswich,T Harrington,reds,home,0,0.05744301899767096,0.0,0.058841463414634136,0.0
2024-11-30,2425,12,West Ham,Arsenal,A Taylor,reds,home,0,0.05828922319509187,0.0,0.058841463414634136,0.0
2024-11-30,2425,12,Wolves,Bournemouth,P Bankes,reds,home,0,0.05864542599441462,0.0,0.058841463414634136,0.0
2024-12-01,2425,12,Chelsea,Aston Villa,S Attwell,reds,home,0,0.06394405706080913,0.0,0.058841463414634136,0.0
2024-12-01,2425,12,Liverpool,Man City,C Kavanagh,reds,home,0,0.05613287893625238,0.0,0.058841463414634136,0.0
2024-12-01,2425,12,Man United,Everton,J Brooks,reds,home,0,0.050198090661389985,0.0,0.058841463414634136,0.0
2024-12-01,2425,12,Tottenham,Fulham,D Bond,reds,home,0,0.05973656289913226,0.0,0.058841463414634136,0.0
2024-12-03,2425,12,Ipswich,Crystal Palace,C Pawson,reds,home,0,0.06299206960678587,0.0,0.058841463414634136,0.0
2024-12-03,2425,12,Leicester,West Ham,J Smith,reds,home,0,0.05027889149181689,0.0,0.058841463414634136,0.0
2024-12-04,2425,12,Arsenal,Man United,S Barrott,reds,home,0,0.05923479576447557,0.0,0.058841463414634136,0.0
2024-12-04,2425,12,Aston Villa,Brentford,L Smith,reds,home,0,0.059772708021396205,0.0,0.058841463414634136,0.0
2024-12-04,2425,12,Everton,Wolves,M Salisbury,reds,home,0,0.06271947831304475,0.0,0.058841463414634136,0.0
2024-12-04,2425,12,Man City,Nott'm Forest,M Oliver,reds,home,0,0.05796241442540418,0.0,0.058841463414634136,0.0
2024-12-04,2425,12,Newcastle,Liverpool,A Madley,reds,home,0,0.056146139869035494,0.0,0.058841463414634136,0.0
2024-12-04,2425,12,Southampton,Chelsea,T Harrington,reds,home,1,0.06185613690909732,0.0,0.058841463414634136,0.0
2024-12-05,2425,12,Bournemouth,Tottenham,S Hooper,reds,home,0,0.061817502880752426,0.0,0.058841463414634136,0.0
2024-12-05,2425,12,Fulham,Brighton,P Bankes,reds,home,0,0.06197651643976387,0.0,0.058841463414634136,0.0
2024-12-07,2425,12,Aston Villa,Southampton,D Bond,reds,home,0,0.05640948572697854,0.0,0.058841463414634136,0.0
2024-12-07,2425,12,Brentford,Newcastle,T Robinson,reds,home,0,0.060679515346016046,0.0,0.058841463414634136,0.0
2024-12-07,2425,12,Crystal Palace,Man City,R Jones,reds,home,0,0.058258944945809396,0.0,0.058841463414634136,0.0
2024-12-07,2425,12,Man United,Nott'm Forest,D England,reds,home,0,0.05789939928570499,0.0,0.058841463414634136,0.0
2024-12-08,2425,12,Fulham,Arsenal,C Kavanagh,reds,home,0,0.058680250930285574,0.0,0.058841463414634136,0.0
2024-12-08,2425,12,Ipswich,Bournemouth,M Salisbury,reds,home,0,0.05890310747275265,0.0,0.058841463414634136,0.0
2024-12-08,2425,12,Leicester,Brighton,S Attwell,reds,home,0,0.05518699987019512,0.0,0.058841463414634136,0.0
2024-12-08,2425,12,Tottenham,Chelsea,A Taylor,reds,home,0,0.06283070597442772,0.0,0.058841463414634136,0.0
2024-12-09,2425,12,West Ham,Wolves,J Brooks,reds,home,0,0.06156226741645634,0.0,0.058841463414634136,0.0
2024-11-29,2425,12,Brighton,Southampton,R Jones,reds,away,0,0.0596493110647453,0.0,0.058841463414634136,0.0
2024-11-30,2425,12,Brentford,Leicester,M Oliver,reds,away,0,0.05548134748640577,0.0,0.058841463414634136,0.0
2024-11-30,2425,12,Crystal Palace,Newcastle,D England,reds,away,0,0.0582788255680028,0.0,0.058841463414634136,0.0
2024-11-30,2425,12,Nott'm Forest,Ipswich,T Harrington,reds,away,0,0.06382460176115765,0.0,0.058841463414634136,0.0
2024-11-30,2425,12,West Ham,Arsenal,A Taylor,reds,away,0,0.05930172140084031,0.0,0.058841463414634136,0.0
2024-11-30,2425,12,Wolves,Bournemouth,P Bankes,reds,away,0,0.05748798907961482,0.0,0.058841463414634136,0.0
2024-12-01,2425,12,Chelsea,Aston Villa,S Attwell,reds,away,0,0.061676770688393535,0.0,0.058841463414634136,0.0
2024-12-01,2425,12,Liverpool,Man City,C Kavanagh,reds,away,0,0.05511080802131742,0.0,0.058841463414634136,0.0
2024-12-01,2425,12,Man United,Everton,J Brooks,reds,away,0,0.0570971365468303,0.0,0.058841463414634136,0.0
2024-12-01,2425,12,Tottenham,Fulham,D Bond,reds,away,1,0.0666737273731013,0.0,0.058841463414634136,0.0
2024-12-03,2425,12,Ipswich,Crystal Palace,C Pawson,reds,away,0,0.056978476912717305,0.0,0.058841463414634136,0.0
2024-12-03,2425,12,Leicester,West Ham,J Smith,reds,away,0,0.057262147065640305,0.0,0.058841463414634136,0.0
2024-12-04,2425,12,Arsenal,Man United,S Barrott,reds,away,0,0.05311523323711324,0.0,0.058841463414634136,0.0
2024-12-04,2425,12,Aston Villa,Brentford,L Smith,reds,away,0,0.06299687193742098,0.0,0.058841463414634136,0.0
2024-12-04,2425,12,Everton,Wolves,M Salisbury,reds,away,0,0.0551283507846464,0.0,0.058841463414634136,0.0
2024-12-04,2425,12,Man City,Nott'm Forest,M Oliver,reds,away,0,0.05875749143981207,0.0,0.058841463414634136,0.0
2024-12-04,2425,12,Newcastle,Liverpool,A Madley,reds,away,0,0.05822099991302761,0.0,0.058841463414634136,0.0
2024-12-04,2425,12,Southampton,Chelsea,T Harrington,reds,away,0,0.05742706779597458,0.0,0.058841463414634136,0.0
2024-12-05,2425,12,Bournemouth,Tottenham,S Hooper,reds,away,0,0.05761129740030016,0.0,0.058841463414634136,0.0
2024-12-05,2425,12,Fulham,Brighton,P Bankes,reds,away,0,0.06191114228121403,0.0,0.058841463414634136,0.0
2024-12-07,2425,12,Aston Villa,Southampton,D Bond,reds,away,0,0.06299366158148163,0.0,0.058841463414634136,0.0
2024-12-07,2425,12,Brentford,Newcastle,T Robinson,reds,away,0,0.057536900270532126,0.0,0.058841463414634136,0.0
2024-12-07,2425,12,Crystal Palace,Man City,R Jones,reds,away,1,0.057183406273437994,0.0,0.058841463414634136,0.0
2024-12-07,2425,12,Man United,Nott'm Forest,D England,reds,away,0,0.054532855205972584,0.0,0.058841463414634136,0.0
2024-12-08,2425,12,Fulham,Arsenal,C Kavanagh,reds,away,0,0.0641942896711606,0.0,0.058841463414634136,0.0
2024-12-08,2425,12,Ipswich,Bournemouth,M Salisbury,reds,away,0,0.055162740789531976,0.0,0.058841463414634136,0.0
2024-12-08,2425,12,Leicester,Brighton,S Attwell,reds,away,0,0.05838952891263653,0.0,0.058841463414634136,0.0
2024-12-08,2425,12,Tottenham,Chelsea,A Taylor,reds,away,0,0.0651297496307474,0.0,0.058841463414634136,0.0
2024-12-09,2425,12,West Ham,Wolves,J Brooks,reds,away,0,0.05614816018111583,0.0,0.058841463414634136,0.0
2024-11-29,2425,12,Brighton,Southampton,R Jones,corners,home,7,6.816913075399524,0.07767265491379718,5.220426828812357,0.14594328095240283
2024-11-30,2425,12,Brentford,Leicester,M Oliver,corners,home,5,6.133541561570955,0.07767265491379718,5.220426828812357,0.14594328095240283
2024-11-30,2425,12,Crystal Palace,Newcastle,D England,corners,home,8,5.176317180678714,0.07767265491379718,5.220426828812357,0.14594328095240283
2024-11-30,2425,12,Nott'm Forest,Ipswich,T Harrington,corners,home,8,5.329231448288105,0.07767265491379718,5.220426828812357,0.14594328095240283
2024-11-30,2425,12,West Ham,Arsenal,A Taylor,corners,home,2,3.8086776534950335,0.07767265491379718,5.220426828812357,0.14594328095240283
2024-11-30,2425,12,Wolves,Bournemouth,P Bankes,corners,home,3,4.862383849844779,0.07767265491379718,5.220426828812357,0.14594328095240283
2024-12-01,2425,12,Chelsea,Aston Villa,S Attwell,corners,home,3,5.406679284445155,0.07767265491379718,5.220426828812357,0.14594328095240283
2024-12-01,2425,12,Liverpool,Man City,C Kavanagh,corners,home,7,4.656459398367515,0.07767265491379718,5.220426828812357,0.14594328095240283
2024-12-01,2425,12,Man United,Everton,J Brooks,corners,home,2,6.791305741951644,0.07767265491379718,5.220426828812357,0.14594328095240283
2024-12-01,2425,12,Tottenham,Fulham,D Bond,corners,home,7,6.920928744538636,0.07767265491379718,5.220426828812357,0.14594328095240283
2024-12-03,2425,12,Ipswich,Crystal Palace,C Pawson,corners,home,4,5.41791142605298,0.07767265491379718,5.220426828812357,0.14594328095240283
2024-12-03,2425,12,Leicester,West Ham,J Smith,corners,home,3,4.960805984878643,0.07767265491379718,5.220426828812357,0.14594328095240283
2024-12-04,2425,12,Arsenal,Man United,S Barrott,corners,home,13,7.288365872232165,0.07767265491379718,5.220426828812357,0.14594328095240283
2024-12-04,2425,12,Aston Villa,Brentford,L Smith,corners,home,10,7.14745448105717,0.07767265491379718,5.220426828812357,0.14594328095240283
2024-12-04,2425,12,Everton,Wolves,M Salisbury,corners,home,3,6.262707226411972,0.07767265491379718,5.220426828812357,0.14594328095240283
2024-12-04,2425,12,Man City,Nott'm Forest,M Oliver,corners,home,8,9.287928801134752,0.07767265491379718,5.220426828812357,0.14594328095240283
2024-12-04,2425,12,Newcastle,Liverpool,A Madley,corners,home,5,4.974893610969909,0.07767265491379718,5.220426828812357,0.14594328095240283
2024-12-04,2425,12,Southampton,Chelsea,T Harrington,corners,home,5,4.589702979027873,0.07767265491379718,5.220426828812357,0.14594328095240283
2024-12-05,2425,12,Bournemouth,Tottenham,S Hooper,corners,home,5,6.7370039304492995,0.07767265491379718,5.220426828812357,0.14594328095240283
2024-12-05,2425,12,Fulham,Brighton,P Bankes,corners,home,5,5.263696320962665,0.07767265491379718,5.220426828812357,0.14594328095240283
2024-12-07,2425,12,Aston Villa,Southampton,D Bond,corners,home,14,7.218511351490862,0.07767265491379718,5.220426828812357,0.14594328095240283
2024-12-07,2425,12,Brentford,Newcastle,T Robinson,corners,home,3,5.118020641408634,0.07767265491379718,5.220426828812357,0.14594328095240283
2024-12-07,2425,12,Crystal Palace,Man City,R Jones,corners,home,6,3.3443495413799287,0.07767265491379718,5.220426828812357,0.14594328095240283
2024-12-07,2425,12,Man United,Nott'm Forest,D England,corners,home,5,6.968236939021148,0.07767265491379718,5.220426828812357,0.14594328095240283
2024-12-08,2425,12,Fulham,Arsenal,C Kavanagh,corners,home,0,4.311983334381628,0.07767265491379718,5.220426828812357,0.14594328095240283
2024-12-08,2425,12,Ipswich,Bournemouth,M Salisbury,corners,home,6,5.601986108688276,0.07767265491379718,5.220426828812357,0.14594328095240283
2024-12-08,2425,12,Leicester,Brighton,S Attwell,corners,home,5,3.9811463789347354,0.07767265491379718,5.220426828812357,0.14594328095240283
2024-12-08,2425,12,Tottenham,Chelsea,A Taylor,corners,home,5,6.231060183119896,0.07767265491379718,5.220426828812357,0.14594328095240283
2024-12-09,2425,12,West Ham,Wolves,J Brooks,corners,home,11,6.346124483110281,0.07767265491379718,5.220426828812357,0.14594328095240283
2024-11-29,2425,12,Brighton,Southampton,R Jones,corners,away,6,3.7960483578949367,0.07767265491379718,5.220426828812357,0.14594328095240283
2024-11-30,2425,12,Brentford,Leicester,M Oliver,corners,away,4,4.242515161453878,0.07767265491379718,5.220426828812357,0.14594328095240283
2024-11-30,2425,12,Crystal Palace,Newcastle,D England,corners,away,9,5.084735236128802,0.07767265491379718,5.220426828812357,0.14594328095240283
2024-11-30,2425,12,Nott'm Forest,Ipswich,T Harrington,corners,away,7,5.133130963066398,0.07767265491379718,5.220426828812357,0.14594328095240283
2024-11-30,2425,12,West Ham,Arsenal,A Taylor,corners,away,10,5.834491655766899,0.07767265491379718,5.220426828812357,0.14594328095240283
2024-11-30,2425,12,Wolves,Bournemouth,P Bankes,corners,away,4,6.294792497065102,0.07767265491379718,5.220426828812357,0.14594328095240283
2024-12-01,2425,12,Chelsea,Aston Villa,S Attwell,corners,away,4,4.404071432034393,0.07767265491379718,5.220426828812357,0.14594328095240283
2024-12-01,2425,12,Liverpool,Man City,C Kavanagh,corners,away,4,5.282164248726828,0.07767265491379718,5.220426828812357,0.14594328095240283
2024-12-01,2425,12,Man United,Everton,J Brooks,corners,away,2,4.798165571779683,0.07767265491379718,5.220426828812357,0.14594328095240283
2024-12-01,2425,12,Tottenham,Fulham,D Bond,corners,away,11,5.122184292253525,0.07767265491379718,5.220426828812357,0.14594328095240283
2024-12-03,2425,12,Ipswich,Crystal Palace,C Pawson,corners,away,7,4.6360972269089125,0.07767265491379718,5.220426828812357,0.14594328095240283
2024-12-03,2425,12,Leicester,West Ham,J Smith,corners,away,9,5.147130842676914,0.07767265491379718,5.220426828812357,0.14594328095240283
2024-12-04,2425,12,Arsenal,Man United,S Barrott,corners,away,0,3.496285299052768,0.07767265491379718,5.220426828812357,0.14594328095240283
2024-12-04,2425,12,Aston Villa,Brentford,L Smith,corners,away,5,3.7130360961318964,0.07767265491379718,5.220426828812357,0.14594328095240283
2024-12-04,2425,12,Everton,Wolves,M Salisbury,corners,away,4,4.317504839933782,0.07767265491379718,5.220426828812357,0.14594328095240283
2024-12-04,2425,12,Man City,Nott'm Forest,M Oliver,corners,away,2,2.526327550576864,0.07767265491379718,5.220426828812357,0.14594328095240283
2024-12-04,2425,12,Newcastle,Liverpool,A Madley,corners,away,6,5.8927417218719755,0.07767265491379718,5.220426828812357,0.14594328095240283
2024-12-04,2425,12,Southampton,Chelsea,T Harrington,corners,away,7,5.8638370244695555,0.07767265491379718,5.220426828812357,0.14594328095240283
2024-12-05,2425,12,Bournemouth,Tottenham,S Hooper,corners,away,9,6.065546992346897,0.07767265491379718,5.220426828812357,0.14594328095240283
2024-12-05,2425,12,Fulham,Brighton,P Bankes,corners,away,6,4.603696880535327,0.07767265491379718,5.220426828812357,0.14594328095240283
2024-12-07,2425,12,Aston Villa,Southampton,D Bond,corners,away,1,3.7731124938176093,0.07767265491379718,5.220426828812357,0.14594328095240283
2024-12-07,2425,12,Brentford,Newcastle,T Robinson,corners,away,4,5.766986391939369,0.07767265491379718,5.220426828812357,0.14594328095240283
2024-12-07,2425,12,Crystal Palace,Man City,R Jones,corners,away,8,6.624199020149411,0.07767265491379718,5.220426828812357,0.14594328095240283
2024-12-07,2425,12,Man United,Nott'm Forest,D England,corners,away,3,4.441783997111966,0.07767265491379718,5.220426828812357,0.14594328095240283
2024-12-08,2425,12,Fulham,Arsenal,C Kavanagh,corners,away,6,5.167560695527692,0.07767265491379718,5.220426828812357,0.14594328095240283
2024-12-08,2425,12,Ipswich,Bournemouth,M Salisbury,corners,away,13,5.753267785360412,0.07767265491379718,5.220426828812357,0.14594328095240283
2024-12-08,2425,12,Leicester,Brighton,S Attwell,corners,away,5,5.657174538734206,0.07767265491379718,5.220426828812357,0.14594328095240283
2024-12-08,2425,12,Tottenham,Chelsea,A Taylor,corners,away,10,5.275173980695748,0.07767265491379718,5.220426828812357,0.14594328095240283
2024-12-09,2425,12,West Ham,Wolves,J Brooks,corners,away,0,4.175741403503834,0.07767265491379718,5.220426828812357,0.14594328095240283
2024-11-29,2425,12,Brighton,Southampton,R Jones,fouls,home,20,12.181270549248186,0.00033546262790251185,10.748780319150903,0.015205026944439396
2024-11-30,2425,12,Brentford,Leicester,M Oliver,fouls,home,9,9.509306363320247,0.00033546262790251185,10.748780319150903,0.015205026944439396
2024-11-30,2425,12,Crystal Palace,Newcastle,D England,fouls,home,12,12.567678427991078,0.00033546262790251185,10.748780319150903,0.015205026944439396
2024-11-30,2425,12,Nott'm Forest,Ipswich,T Harrington,fouls,home,5,11.485993463956364,0.00033546262790251185,10.748780319150903,0.015205026944439396
2024-11-30,2425,12,West Ham,Arsenal,A Taylor,fouls,home,10,9.752748447818904,0.00033546262790251185,10.748780319150903,0.015205026944439396
2024-11-30,2425,12,Wolves,Bournemouth,P Bankes,fouls,home,13,10.701327720768713,0.00033546262790251185,10.748780319150903,0.015205026944439396
2024-12-01,2425,12,Chelsea,Aston Villa,S Attwell,fouls,home,21,11.75134752323632,0.00033546262790251185,10.748780319150903,0.015205026944439396
2024-12-01,2425,12,Liverpool,Man City,C Kavanagh,fouls,home,9,10.829325086636597,0.00033546262790251185,10.748780319150903,0.015205026944439396
2024-12-01,2425,12,Man United,Everton,J Brooks,fouls,home,12,10.243629549326483,0.00033546262790251185,10.748780319150903,0.015205026944439396
2024-12-01,2425,12,Tottenham,Fulham,D Bond,fouls,home,4,11.012863667904629,0.00033546262790251185,10.748780319150903,0.015205026944439396
2024-12-03,2425,12,Ipswich,Crystal Palace,C Pawson,fouls,home,14,12.45669552923665,0.00033546262790251185,10.748780319150903,0.015205026944439396
2024-12-03,2425,12,Leicester,West Ham,J Smith,fouls,home,9,9.836034317993695,0.00033546262790251185,10.748780319150903,0.015205026944439396
2024-12-04,2425,12,Arsenal,Man United,S Barrott,fouls,home,12,9.313503591762744,0.00033546262790251185,10.748780319150903,0.015205026944439396
2024-12-04,2425,12,Aston Villa,Brentford,L Smith,fouls,home,11,10.905498664760886,0.00033546262790251185,10.748780319150903,0.015205026944439396
2024-12-04,2425,12,Everton,Wolves,M Salisbury,fouls,home,10,11.172186896941275,0.00033546262790251185,10.748780319150903,0.015205026944439396
2024-12-04,2425,12,Man City,Nott'm Forest,M Oliver,fouls,home,7,8.397190147797685,0.00033546262790251185,10.748780319150903,0.015205026944439396
2024-12-04,2425,12,Newcastle,Liverpool,A Madley,fouls,home,9,10.475648573948334,0.00033546262790251185,10.748780319150903,0.015205026944439396
2024-12-04,2425,12,Southampton,Chelsea,T Harrington,fouls,home,7,12.722622181125816,0.00033546262790251185,10.748780319150903,0.015205026944439396
2024-12-05,2425,12,Bournemouth,Tottenham,S Hooper,fouls,home,15,14.08528913039402,0.00033546262790251185,10.748780319150903,0.015205026944439396
2024-12-05,2425,12,Fulham,Brighton,P Bankes,fouls,home,7,10.572884611647321,0.00033546262790251185,10.748780319150903,0.015205026944439396
2024-12-07,2425,12,Aston Villa,Southampton,D Bond,fouls,home,18,11.974662307373888,0.00033546262790251185,10.748780319150903,0.015205026944439396
2024-12-07,2425,12,Brentford,Newcastle,T Robinson,fouls,home,10,10.781797827048285,0.00033546262790251185,10.748780319150903,0.015205026944439396
2024-12-07,2425,12,Crystal Palace,Man City,R Jones,fouls,home,4,11.490954736087707,0.00033546262790251185,10.748780319150903,0.015205026944439396
2024-12-07,2425,12,Man United,Nott'm Forest,D England,fouls,home,10,10.808662588778487,0.00033546262790251185,10.748780319150903,0.015205026944439396
2024-12-08,2425,12,Fulham,Arsenal,C Kavanagh,fouls,home,10,10.217394444226517,0.00033546262790251185,10.748780319150903,0.015205026944439396
2024-12-08,2425,12,Ipswich,Bournemouth,M Salisbury,fouls,home,9,11.32861321031275,0.00033546262790251185,10.748780319150903,0.015205026944439396
2024-12-08,2425,12,Leicester,Brighton,S Attwell,fouls,home,9,10.482460163277054,0.00033546262790251185,10.748780319150903,0.015205026944439396
2024-12-08,2425,12,Tottenham,Chelsea,A Taylor,fouls,home,17,11.828068877695845,0.00033546262790251185,10.748780319150903,0.015205026944439396
2024-12-09,2425,12,West Ham,Wolves,J Brooks,fouls,home,12,10.618602124934274,0.00033546262790251185,10.748780319150903,0.015205026944439396
2024-11-29,2425,12,Brighton,Southampton,R Jones,fouls,away,16,12.446839761466554,0.00033546262790251185,10.748780319150903,0.015205026944439396
2024-11-30,2425,12,Brentford,Leicester,M Oliver,fouls,away,10,10.758385120300712,0.00033546262790251185,10.748780319150903,0.015205026944439396
2024-11-30,2425,12,Crystal Palace,Newcastle,D England,fouls,away,11,11.252304036872085,0.00033546262790251185,10.748780319150903,0.015205026944439396
2024-11-30,2425,12,Nott'm Forest,Ipswich,T Harrington,fouls,away,16,12.070517444064444,0.00033546262790251185,10.748780319150903,0.015205026944439396
2024-11-30,2425,12,West Ham,Arsenal,A Taylor,fouls,away,13,9.387744811142523,0.00033546262790251185,10.748780319150903,0.015205026944439396
2024-11-30,2425,12,Wolves,Bournemouth,P Bankes,fouls,away,11,11.62267855070888,0.00033546262790251185,10.748780319150903,0.015205026944439396
2024-12-01,2425,12,Chelsea,Aston Villa,S Attwell,fouls,away,6,11.803611821742694,0.00033546262790251185,10.748780319150903,0.015205026944439396
2024-12-01,2425,12,Liverpool,Man City,C Kavanagh,fouls,away,8,8.107801865486469,0.00033546262790251185,10.748780319150903,0.015205026944439396
2024-12-01,2425,12,Man United,Everton,J Brooks,fouls,away,12,9.886143759213391,0.00033546262790251185,10.748780319150903,0.015205026944439396
2024-12-01,2425,12,Tottenham,Fulham,D Bond,fouls,away,14,13.02996708550861,0.00033546262790251185,10.748780319150903,0.015205026944439396
2024-12-03,2425,12,Ipswich,Crystal Palace,C Pawson,fouls,away,13,12.186652989775492,0.00033546262790251185,10.748780319150903,0.015205026944439396
2024-12-03,2425,12,Leicester,West Ham,J Smith,fouls,away,7,11.050204390177473,0.00033546262790251185,10.748780319150903,0.015205026944439396
2024-12-04,2425,12,Arsenal,Man United,S Barrott,fouls,away,8,10.713586640183063,0.00033546262790251185,10.748780319150903,0.015205026944439396
2024-12-04,2425,12,Aston Villa,Brentford,L Smith,fouls,away,15,10.63998361688269,0.00033546262790251185,10.748780319150903,0.015205026944439396
2024-12-04,2425,12,Everton,Wolves,M Salisbury,fouls,away,8,11.53270525939027,0.00033546262790251185,10.748780319150903,0.015205026944439396
2024-12-04,2425,12,Man City,Nott'm Forest,M Oliver,fouls,away,15,10.602243525900185,0.00033546262790251185,10.748780319150903,0.015205026944439396
2024-12-04,2425,12,Newcastle,Liverpool,A Madley,fouls,away,17,13.44030007199202,0.00033546262790251185,10.748780319150903,0.015205026944439396
2024-12-04,2425,12,Southampton,Chelsea,T Harrington,fouls,away,14,12.398764240591522,0.00033546262790251185,10.748780319150903,0.015205026944439396
2024-12-05,2425,12,Bournemouth,Tottenham,S Hooper,fouls,away,8,10.62683288423403,0.00033546262790251185,10.748780319150903,0.015205026944439396
2024-12-05,2425,12,Fulham,Brighton,P Bankes,fouls,away,8,10.305275223284287,0.00033546262790251185,10.748780319150903,0.015205026944439396
2024-12-07,2425,12,Aston Villa,Southampton,D Bond,fouls,away,15,12.925391220194127,0.00033546262790251185,10.748780319150903,0.015205026944439396
2024-12-07,2425,12,Brentford,Newcastle,T Robinson,fouls,away,7,10.933015236000111,0.00033546262790251185,10.748780319150903,0.015205026944439396
2024-12-07,2425,12,Crystal Palace,Man City,R Jones,fouls,away,10,9.52648447953319,0.00033546262790251185,10.748780319150903,0.015205026944439396
2024-12-07,2425,12,Man United,Nott'm Forest,D England,fouls,away,13,9.620098877632689,0.00033546262790251185,10.748780319150903,0.015205026944439396
2024-12-08,2425,12,Fulham,Arsenal,C Kavanagh,fouls,away,9,10.456619354311536,0.00033546262790251185,10.748780319150903,0.015205026944439396
2024-12-08,2425,12,Ipswich,Bournemouth,M Salisbury,fouls,away,13,13.105285002975169,0.00033546262790251185,10.748780319150903,0.015205026944439396
2024-12-08,2425,12,Leicester,Brighton,S Attwell,fouls,away,10,10.599683514056963,0.00033546262790251185,10.748780319150903,0.015205026944439396
2024-12-08,2425,12,Tottenham,Chelsea,A Taylor,fouls,away,11,12.855288913730597,0.00033546262790251185,10.748780319150903,0.015205026944439396
2024-12-09,2425,12,West Ham,Wolves,J Brooks,fouls,away,17,11.086131252014141,0.00033546262790251185,10.748780319150903,0.015205026944439396
2024-12-14,2425,13,Arsenal,Everton,C Pawson,yellows,home,0,1.3756068059560613,0.00033546262790251185,1.8085675706578803,0.00033546262790251185
2024-12-14,2425,13,Liverpool,Fulham,T Harrington,yellows,home,3,1.4220346430823465,0.00033546262790251185,1.8085675706578803,0.00033546262790251185
2024-12-14,2425,13,Newcastle,Leicester,T Bramall,yellows,home,3,1.7862531398836636,0.00033546262790251185,1.8085675706578803,0.00033546262790251185
2024-12-14,2425,13,Nott'm Forest,Aston Villa,S Barrott,yellows,home,0,2.38199078064333,0.00033546262790251185,1.8085675706578803,0.00033546262790251185
2024-12-14,2425,13,Wolves,Ipswich,S Hooper,yellows,home,0,2.018737954704272,0.00033546262790251185,1.8085675706578803,0.00033546262790251185
2024-12-15,2425,13,Brighton,Crystal Palace,M Oliver,yellows,home,1,1.9089573469180965,0.00033546262790251185,1.8085675706578803,0.00033546262790251185
2024-12-15,2425,13,Chelsea,Brentford,P Bankes,yellows,home,0,2.1453651682951347,0.00033546262790251185,1.8085675706578803,0.00033546262790251185
2024-12-15,2425,13,Man City,Man United,A Taylor,yellows,home,1,1.4870340337448056,0.00033546262790251185,1.8085675706578803,0.00033546262790251185
2024-12-15,2425,13,Southampton,Tottenham,D England,yellows,home,1,2.5898373660654026,0.00033546262790251185,1.8085675706578803,0.00033546262790251185
2024-12-16,2425,13,Bournemouth,West Ham,C Kavanagh,yellows,home,0,1.7673130084193933,0.00033546262790251185,1.8085675706578803,0.00033546262790251185
2024-12-14,2425,13,Arsenal,Everton,C Pawson,yellows,away,3,2.1831778082631317,0.00033546262790251185,1.8085675706578803,0.00033546262790251185
2024-12-14,2425,13,Liverpool,Fulham,T Harrington,yellows,away,4,2.3078398408700713,0.00033546262790251185,1.8085675706578803,0.00033546262790251185
2024-12-14,2425,13,Newcastle,Leicester,T Bramall,yellows,away,3,2.7080480678621592,0.00033546262790251185,1.8085675706578803,0.00033546262790251185
2024-12-14,2425,13,Nott'm Forest,Aston Villa,S Barrott,yellows,away,1,2.6358872766422463,0.00033546262790251185,1.8085675706578803,0.00033546262790251185
2024-12-14,2425,13,Wolves,Ipswich,S Hooper,yellows,away,2,2.639549219041836,0.00033546262790251185,1.8085675706578803,0.00033546262790251185
2024-12-15,2425,13,Brighton,Crystal Palace,M Oliver,yellows,away,4,2.346673236580516,0.00033546262790251185,1.8085675706578803,0.00033546262790251185
2024-12-15,2425,13,Chelsea,Brentford,P Bankes,yellows,away,2,2.264261410335371,0.00033546262790251185,1.8085675706578803,0.00033546262790251185
2024-12-15,2425,13,Man City,Man United,A Taylor,yellows,away,1,2.2873759225270685,0.00033546262790251185,1.8085675706578803,0.00033546262790251185
2024-12-15,2425,13,Southampton,Tottenham,D England,yellows,away,3,2.0586713906314142,0.00033546262790251185,1.8085675706578803,0.00033546262790251185
2024-12-16,2425,13,Bournemouth,West Ham,C Kavanagh,yellows,away,2,2.212455493171603,0.00033546262790251185,1.8085675706578803,0.00033546262790251185
2024-12-14,2425,13,Arsenal,Everton,C Pawson,reds,home,0,0.05777679242275775,0.0,0.05871779508687836,0.0
2024-12-14,2425,13,Liverpool,Fulham,T Harrington,reds,home,1,0.05600348575999015,0.0,0.05871779508687836,0.0
2024-12-14,2425,13,Newcastle,Leicester,T Bramall,reds,home,0,0.05278106258046857,0.0,0.05871779508687836,0.0
2024-12-14,2425,13,Nott'm Forest,Aston Villa,S Barrott,reds,home,0,0.0626861724100669,0.0,0.05871779508687836,0.0
2024-12-14,2425,13,Wolves,Ipswich,S Hooper,reds,home,1,0.05853677091317235,0.0,0.05871779508687836,0.0
2024-12-15,2425,13,Brighton,Crystal Palace,M Oliver,reds,home,0,0.06457533823920115,0.0,0.05871779508687836,0.0
2024-12-15,2425,13,Chelsea,Brentford,P Bankes,reds,home,1,0.060339992521696355,0.0,0.05871779508687836,0.0
2024-12-15,2425,13,Man City,Man United,A Taylor,reds,home,0,0.051676285279027546,0.0,0.05871779508687836,0.0
2024-12-15,2425,13,Southampton,Tottenham,D England,reds,home,0,0.06599666091601765,0.0,0.05871779508687836,0.0
2024-12-16,2425,13,Bournemouth,West Ham,C Kavanagh,reds,home,0,0.05196318539521962,0.0,0.05871779508687836,0.0
2024-12-14,2425,13,Arsenal,Everton,C Pawson,reds,away,0,0.058924191099818,0.0,0.05871779508687836,0.0
2024-12-14,2425,13,Liverpool,Fulham,T Harrington,reds,away,0,0.061490576918482934,0.0,0.05871779508687836,0.0
2024-12-14,2425,13,Newcastle,Leicester,T Bramall,reds,away,0,0.05567376021647889,0.0,0.05871779508687836,0.0
2024-12-14,2425,13,Nott'm Forest,Aston Villa,S Barrott,reds,away,0,0.060772619007966905,0.0,0.05871779508687836,0.0
2024-12-14,2425,13,Wolves,Ipswich,S Hooper,reds,away,0,0.06124469618376362,0.0,0.05871779508687836,0.0
2024-12-15,2425,13,Brighton,Crystal Palace,M Oliver,reds,away,0,0.058947830321020904,0.0,0.05871779508687836,0.0
2024-12-15,2425,13,Chelsea,Brentford,P Bankes,reds,away,0,0.06245334703751304,0.0,0.05871779508687836,0.0
2024-12-15,2425,13,Man City,Man United,A Taylor,reds,away,0,0.054611554830130526,0.0,0.05871779508687836,0.0
2024-12-15,2425,13,Southampton,Tottenham,D England,reds,away,0,0.0569766103335819,0.0,0.05871779508687836,0.0
2024-12-16,2425,13,Bournemouth,West Ham,C Kavanagh,reds,away,0,0.05810961669192249,0.0,0.05871779508687836,0.0
2024-12-14,2425,13,Arsenal,Everton,C Pawson,corners,home,8,7.4209686075927435,0.07450037828081371,5.229778226194834,0.14626201284719406
2024-12-14,2425,13,Liverpool,Fulham,T Harrington,corners,home,5,7.066495692491562,0.07450037828081371,5.229778226194834,0.14626201284719406
2024-12-14,2425,13,Newcastle,Leicester,T Bramall,corners,home,5,7.355000347904588,0.07450037828081371,5.229778226194834,0.14626201284719406
2024-12-14,2425,13,Nott'm Forest,Aston Villa,S Barrott,corners,home,4,4.136427891734201,0.07450037828081371,5.229778226194834,0.14626201284719406
2024-12-14,2425,13,Wolves,Ipswich,S Hooper,corners,home,7,5.444944570763027,0.07450037828081371,5.229778226194834,0.14626201284719406
2024-12-15,2425,13,Brighton,Crystal Palace,M Oliver,corners,home,8,5.986771751076008,0.07450037828081371,5.229778226194834,0.14626201284719406
2024-12-15,2425,13,Chelsea,Brentford,P Bankes,corners,home,8,7.163137319667131,0.07450037828081371,5.229778226194834,0.14626201284719406
2024-12-15,2425,13,Man City,Man United,A Taylor,corners,home,8,8.812698595140972,0.07450037828081371,5.229778226194834,0.14626201284719406
2024-12-15,2425,13,Southampton,Tottenham,D England,corners,home,2,5.708337186837611,0.07450037828081371,5.229778226194834,0.14626201284719406
2024-12-16,2425,13,Bournemouth,West Ham,C Kavanagh,corners,home,12,7.0851063894954045,0.07450037828081371,5.229778226194834,0.14626201284719406
2024-12-14,2425,13,Arsenal,Everton,C Pawson,corners,away,2,2.8039712602952784,0.07450037828081371,5.229778226194834,0.14626201284719406
2024-12-14,2425,13,Liverpool,Fulham,T Harrington,corners,away,4,3.9303678361559844,0.07450037828081371,5.229778226194834,0.14626201284719406
2024-12-14,2425,13,Newcastle,Leicester,T Bramall,corners,away,2,3.6300847109916323,0.07450037828081371,5.229778226194834,0.14626201284719406
2024-12-14,2425,13,Nott'm Forest,Aston Villa,S Barrott,corners,away,3,6.060123738225904,0.07450037828081371,5.229778226194834,0.14626201284719406
2024-12-14,2425,13,Wolves,Ipswich,S Hooper,corners,away,3,5.270783738683873,0.07450037828081371,5.229778226194834,0.14626201284719406
2024-12-15,2425,13,Brighton,Crystal Palace,M Oliver,corners,away,5,3.9802823918330827,0.07450037828081371,5.229778226194834,0.14626201284719406
2024-12-15,2425,13,Chelsea,Brentford,P Bankes,corners,away,5,3.6361071062474055,0.07450037828081371,5.229778226194834,0.14626201284719406
2024-12-15,2425,13,Man City,Man United,A Taylor,corners,away,2,3.081268645335757,0.07450037828081371,5.229778226194834,0.14626201284719406
2024-12-15,2425,13,Southampton,Tottenham,D England,corners,away,5,7.227150696615493,0.07450037828081371,5.229778226194834,0.14626201284719406
2024-12-16,2425,13,Bournemouth,West Ham,C Kavanagh,corners,away,6,4.748260576772944,0.07450037828081371,5.229778226194834,0.14626201284719406
2024-12-14,2425,13,Arsenal,Everton,C Pawson,fouls,home,6,10.268194001628748,0.00033546262790251185,10.756740798376473,0.01539224205874826
2024-12-14,2425,13,Liverpool,Fulham,T Harrington,fouls,home,10,10.847895140365257,0.00033546262790251185,10.756740798376473,0.01539224205874826
2024-12-14,2425,13,Newcastle,Leicester,T Bramall,fouls,home,7,10.89092027674757,0.00033546262790251185,10.756740798376473,0.01539224205874826
2024-12-14,2425,13,Nott'm Forest,Aston Villa,S Barrott,fouls,home,12,12.428207475568795,0.00033546262790251185,10.756740798376473,0.01539224205874826
2024-12-14,2425,13,Wolves,Ipswich,S Hooper,fouls,home,13,12.04483027738305,0.00033546262790251185,10.756740798376473,0.01539224205874826
2024-12-15,2425,13,Brighton,Crystal Palace,M Oliver,fouls,home,11,11.405233698488844,0.00033546262790251185,10.756740798376473,0.01539224205874826
2024-12-15,2425,13,Chelsea,Brentford,P Bankes,fouls,home,11,10.509757830786835,0.00033546262790251185,10.756740798376473,0.01539224205874826
2024-12-15,2425,13,Man City,Man United,A Taylor,fouls,home,5,7.232854394700273,0.00033546262790251185,10.756740798376473,0.01539224205874826
2024-12-15,2425,13,Southampton,Tottenham,D England,fouls,home,8,13.286205020622695,0.00033546262790251185,10.756740798376473,0.01539224205874826
2024-12-16,2425,13,Bournemouth,West Ham,C Kavanagh,fouls,home,6,10.777327566006994,0.00033546262790251185,10.756740798376473,0.01539224205874826
2024-12-14,2425,13,Arsenal,Everton,C Pawson,fouls,away,9,11.118648124826539,0.00033546262790251185,10.756740798376473,0.01539224205874826
2024-12-14,2425,13,Liverpool,Fulham,T Harrington,fouls,away,7,10.308230276527334,0.00033546262790251185,10.756740798376473,0.01539224205874826
2024-12-14,2425,13,Newcastle,Leicester,T Bramall,fouls,away,16,12.677165276825814,0.00033546262790251185,10.756740798376473,0.01539224205874826
2024-12-14,2425,13,Nott'm Forest,Aston Villa,S Barrott,fouls,away,6,11.3057238808786,0.00033546262790251185,10.756740798376473,0.01539224205874826
2024-12-14,2425,13,Wolves,Ipswich,S Hooper,fouls,away,9,11.832845128497436,0.00033546262790251185,10.756740798376473,0.01539224205874826
2024-12-15,2425,13,Brighton,Crystal Palace,M Oliver,fouls,away,15,11.609477551239307,0.00033546262790251185,10.756740798376473,0.01539224205874826
2024-12-15,2425,13,Chelsea,Brentford,P Bankes,fouls,away,7,10.041756120035078,0.00033546262790251185,10.756740798376473,0.01539224205874826
2024-12-15,2425,13,Man City,Man United,A Taylor,fouls,away,14,10.143352491536332,0.00033546262790251185,10.756740798376473,0.01539224205874826
2024-12-15,2425,13,Southampton,Tottenham,D England,fouls,away,15,12.612911548879094,0.00033546262790251185,10.756740798376473,0.01539224205874826
2024-12-16,2425,13,Bournemouth,West Ham,C Kavanagh,fouls,away,11,9.782553605216771,0.00033546262790251185,10.756740798376473,0.01539224205874826
2024-12-21,2425,14,Aston Villa,Man City,P Bankes,yellows,home,3,2.1322450933380597,0.00033546262790251185,1.8079213817900868,0.00033546262790251185
2024-12-21,2425,14,Brentford,Nott'm Forest,M Oliver,yellows,home,3,1.930098551524107,0.00033546262790251185,1.8079213817900868,0.00033546262790251185
2024-12-21,2425,14,Crystal Palace,Arsenal,S Hooper,yellows,home,2,2.1912013296683672,0.00033546262790251185,1.8079213817900868,0.00033546262790251185
2024-12-21,2425,14,Ipswich,Newcastle,S Attwell,yellows,home,2,2.5495570662478895,0.00033546262790251185,1.8079213817900868,0.00033546262790251185
2024-12-21,2425,14,West Ham,Brighton,R Jones,yellows,home,2,2.118444291610909,0.00033546262790251185,1.8079213817900868,0.00033546262790251185
2024-12-22,2425,14,Everton,Chelsea,C Kavanagh,yellows,home,4,2.077785768586529,0.00033546262790251185,1.8079213817900868,0.00033546262790251185
2024-12-22,2425,14,Fulham,Southampton,T Robinson,yellows,home,1,1.9727765759576013,0.00033546262790251185,1.8079213817900868,0.00033546262790251185
2024-12-22,2425,14,Leicester,Wolves,A Taylor,yellows,home,2,2.137624901945346,0.00033546262790251185,1.8079213817900868,0.00033546262790251185
2024-12-22,2425,14,Man United,Bournemouth,C Pawson,yellows,home,1,2.0883958048936377,0.00033546262790251185,1.8079213817900868,0.00033546262790251185
2024-12-22,2425,14,Tottenham,Liverpool,S Barrott,yellows,home,1,2.303449062801962,0.00033546262790251185,1.8079213817900868,0.00033546262790251185
2024-12-21,2425,14,Aston Villa,Man City,P Bankes,yellows,away,3,1.9878947110020186,0.00033546262790251185,1.8079213817900868,0.00033546262790251185
2024-12-21,2425,14,Brentford,Nott'm Forest,M Oliver,yellows,away,4,1.8761108425054938,0.00033546262790251185,1.8079213817900868,0.00033546262790251185
2024-12-21,2425,14,Crystal Palace,Arsenal,S Hooper,yellows,away,2,1.852010925577555,0.00033546262790251185,1.8079213817900868,0.00033546262790251185
2024-12-21,2425,14,Ipswich,Newcastle,S Attwell,yellows,away,0,1.7495497202297179,0.00033546262790251185,1.8079213817900868,0.00033546262790251185
2024-12-21,2425,14,West Ham,Brighton,R Jones,yellows,away,2,1.8393026060496083,0.00033546262790251185,1.8079213817900868,0.00033546262790251185
2024-12-22,2425,14,Everton,Chelsea,C Kavanagh,yellows,away,1,1.9794130042303137,0.00033546262790251185,1.8079213817900868,0.00033546262790251185
2024-12-22,2425,14,Fulham,Southampton,T Robinson,yellows,away,3,2.194790326875314,0.00033546262790251185,1.8079213817900868,0.00033546262790251185
2024-12-22,2425,14,Leicester,Wolves,A Taylor,yellows,away,0,2.2989003708277336,0.00033546262790251185,1.8079213817900868,0.00033546262790251185
2024-12-22,2425,14,Man United,Bournemouth,C Pawson,yellows,away,3,2.0685517449489295,0.00033546262790251185,1.8079213817900868,0.00033546262790251185
2024-12-22,2425,14,Tottenham,Liverpool,S Barrott,yellows,away,2,2.246053511546145,0.00033546262790251185,1.8079213817900868,0.00033546262790251185
2024-12-21,2425,14,Aston Villa,Man City,P Bankes,reds,home,0,0.05805921336959054,0.0,0.05926146515783204,0.0
2024-12-21,2425,14,Brentford,Nott'm Forest,M Oliver,reds,home,0,0.06130129750854326,0.0,0.05926146515783204,0.0
2024-12-21,2425,14,Crystal Palace,Arsenal,S Hooper,reds,home,0,0.05598379565507928,0.0,0.05926146515783204,0.0
2024-12-21,2425,14,Ipswich,Newcastle,S Attwell,reds,home,0,0.06270858990238963,0.0,0.05926146515783204,0.0
2024-12-21,2425,14,West Ham,Brighton,R Jones,reds,home,0,0.06131992998316532,0.0,0.05926146515783204,0.0
2024-12-22,2425,14,Everton,Chelsea,C Kavanagh,reds,home,0,0.06605156802666708,0.0,0.05926146515783204,0.0
2024-12-22,2425,14,Fulham,Southampton,T Robinson,reds,home,0,0.059679926507114574,0.0,0.05926146515783204,0.0
2024-12-22,2425,14,Leicester,Wolves,A Taylor,reds,home,0,0.054959640063556414,0.0,0.05926146515783204,0.0
2024-12-22,2425,14,Man United,Bournemouth,C Pawson,reds,home,0,0.053218458988118306,0.0,0.05926146515783204,0.0
2024-12-22,2425,14,Tottenham,Liverpool,S Barrott,reds,home,0,0.05922895956876392,0.0,0.05926146515783204,0.0
2024-12-21,2425,14,Aston Villa,Man City,P Bankes,reds,away,0,0.060161610677501066,0.0,0.05926146515783204,0.0
2024-12-21,2425,14,Brentford,Nott'm Forest,M Oliver,reds,away,0,0.061153644640331795,0.0,0.05926146515783204,0.0
2024-12-21,2425,14,Crystal Palace,Arsenal,S Hooper,reds,away,0,0.06713843274235652,0.0,0.05926146515783204,0.0
2024-12-21,2425,14,Ipswich,Newcastle,S Attwell,reds,away,0,0.055948637904660314,0.0,0.05926146515783204,0.0
2024-12-21,2425,14,West Ham,Brighton,R Jones,reds,away,0,0.05698197878489616,0.0,0.05926146515783204,0.0
2024-12-22,2425,14,Everton,Chelsea,C Kavanagh,reds,away,0,0.05501396789485939,0.0,0.05926146515783204,0.0
2024-12-22,2425,14,Fulham,Southampton,T Robinson,reds,away,0,0.06084459624089145,0.0,0.05926146515783204,0.0
2024-12-22,2425,14,Leicester,Wolves,A Taylor,reds,away,0,0.05814236953162914,0.0,0.05926146515783204,0.0
2024-12-22,2425,14,Man United,Bournemouth,C Pawson,reds,away,0,0.05215456793092443,0.0,0.05926146515783204,0.0
2024-12-22,2425,14,Tottenham,Liverpool,S Barrott,reds,away,0,0.06361440858931497,0.0,0.05926146515783204,0.0
2024-12-21,2425,14,Aston Villa,Man City,P Bankes,corners,home,5,4.120079082895936,0.07070892661599992,5.229600934096223,0.14567418373602134
2024-12-21,2425,14,Brentford,Nott'm Forest,M Oliver,corners,home,9,5.855657912773676,0.07070892661599992,5.229600934096223,0.14567418373602134
2024-12-21,2425,14,Crystal Palace,Arsenal,S Hooper,corners,home,3,3.6519771990718395,0.07070892661599992,5.229600934096223,0.14567418373602134
2024-12-21,2425,14,Ipswich,Newcastle,S Attwell,corners,home,2,5.201716654315239,0.07070892661599992,5.229600934096223,0.14567418373602134
2024-12-21,2425,14,West Ham,Brighton,R Jones,corners,home,8,4.998232041307462,0.07070892661599992,5.229600934096223,0.14567418373602134
2024-12-22,2425,14,Everton,Chelsea,C Kavanagh,corners,home,2,4.4473825785379155,0.07070892661599992,5.229600934096223,0.14567418373602134
2024-12-22,2425,14,Fulham,Southampton,T Robinson,corners,home,6,7.154139313247452,0.07070892661599992,5.229600934096223,0.14567418373602134
2024-12-22,2425,14,Leicester,Wolves,A Taylor,corners,home,6,5.1486152095512505,0.07070892661599992,5.229600934096223,0.14567418373602134
2024-12-22,2425,14,Man United,Bournemouth,C Pawson,corners,home,13,5.90154932867545,0.07070892661599992,5.229600934096223,0.14567418373602134
2024-12-22,2425,14,Tottenham,Liverpool,S Barrott,corners,home,7,5.660089884690579,0.07070892661599992,5.229600934096223,0.14567418373602134
2024-12-21,2425,14,Aston Villa,Man City,P Bankes,corners,away,4,5.570828475981003,0.07070892661599992,5.229600934096223,0.14567418373602134
2024-12-21,2425,14,Brentford,Nott'm Forest,M Oliver,corners,away,5,4.589978555633132,0.07070892661599992,5.229600934096223,0.14567418373602134
2024-12-21,2425,14,Crystal Palace,Arsenal,S Hooper,corners,away,3,5.768662391774673,0.07070892661599992,5.229600934096223,0.14567418373602134
2024-12-21,2425,14,Ipswich,Newcastle,S Attwell,corners,away,1,6.207499975870906,0.07070892661599992,5.229600934096223,0.14567418373602134
2024-12-21,2425,14,West Ham,Brighton,R Jones,corners,away,4,5.404697354964915,0.07070892661599992,5.229600934096223,0.14567418373602134
2024-12-22,2425,14,Everton,Chelsea,C Kavanagh,corners,away,5,5.7966111934821,0.07070892661599992,5.229600934096223,0.14567418373602134
2024-12-22,2425,14,Fulham,Southampton,T Robinson,corners,away,5,4.031807385165845,0.07070892661599992,5.229600934096223,0.14567418373602134
2024-12-22,2425,14,Leicester,Wolves,A Taylor,corners,away,1,4.387711465348021,0.07070892661599992,5.229600934096223,0.14567418373602134
2024-12-22,2425,14,Man United,Bournemouth,C Pawson,corners,away,1,6.011316497891373,0.07070892661599992,5.229600934096223,0.14567418373602134
2024-12-22,2425,14,Tottenham,Liverpool,S Barrott,corners,away,5,6.325319298631684,0.07070892661599992,5.229600934096223,0.14567418373602134
2024-12-21,2425,14,Aston Villa,Man City,P Bankes,fouls,home,14,9.963460541320622,0.00033546262790251185,10.751637879640326,0.015420010969477049
2024-12-21,2425,14,Brentford,Nott'm Forest,M Oliver,fouls,home,9,9.282559961131339,0.00033546262790251185,10.751637879640326,0.015420010969477049
2024-12-21,2425,14,Crystal Palace,Arsenal,S Hooper,fouls,home,9,10.602663854017477,0.00033546262790251185,10.751637879640326,0.015420010969477049
2024-12-21,2425,14,Ipswich,Newcastle,S Attwell,fouls,home,9,12.276699713931711,0.00033546262790251185,10.751637879640326,0.015420010969477049
2024-12-21,2425,14,West Ham,Brighton,R Jones,fouls,home,14,11.523186690995697,0.00033546262790251185,10.751637879640326,0.015420010969477049
2024-12-22,2425,14,Everton,Chelsea,C Kavanagh,fouls,home,20,11.557121607413851,0.00033546262790251185,10.751637879640326,0.015420010969477049
2024-12-22,2425,14,Fulham,Southampton,T Robinson,fouls,home,8,12.0861959355567,0.00033546262790251185,10.751637879640326,0.015420010969477049
2024-12-22,2425,14,Leicester,Wolves,A Taylor,fouls,home,15,10.316967886063331,0.00033546262790251185,10.751637879640326,0.015420010969477049
2024-12-22,2425,14,Man United,Bournemouth,C Pawson,fouls,home,11,10.359007358392153,0.00033546262790251185,10.751637879640326,0.015420010969477049
2024-12-22,2425,14,Tottenham,Liverpool,S Barrott,fouls,home,7,10.245410123402726,0.00033546262790251185,10.751637879640326,0.015420010969477049
2024-12-21,2425,14,Aston Villa,Man City,P Bankes,fouls,away,7,9.341467448920778,0.00033546262790251185,10.751637879640326,0.015420010969477049
2024-12-21,2425,14,Brentford,Nott'm Forest,M Oliver,fouls,away,14,10.906065871666076,0.00033546262790251185,10.751637879640326,0.015420010969477049
2024-12-21,2425,14,Crystal Palace,Arsenal,S Hooper,fouls,away,8,11.351145248729566,0.00033546262790251185,10.751637879640326,0.015420010969477049
2024-12-21,2425,14,Ipswich,Newcastle,S Attwell,fouls,away,7,10.180915673579147,0.00033546262790251185,10.751637879640326,0.015420010969477049
2024-12-21,2425,14,West Ham,Brighton,R Jones,fouls,away,20,10.836382606267938,0.00033546262790251185,10.751637879640326,0.015420010969477049
2024-12-22,2425,14,Everton,Chelsea,C Kavanagh,fouls,away,12,10.40933169009585,0.00033546262790251185,10.751637879640326,0.015420010969477049
2024-12-22,2425,14,Fulham,Southampton,T Robinson,fouls,away,15,11.048757417963264,0.00033546262790251185,10.751637879640326,0.015420010969477049
2024-12-22,2425,14,Leicester,Wolves,A Taylor,fouls,away,16,11.832635805358397,0.00033546262790251185,10.751637879640326,0.015420010969477049
2024-12-22,2425,14,Man United,Bournemouth,C Pawson,fouls,away,11,10.93464130418084,0.00033546262790251185,10.751637879640326,0.015420010969477049
2024-12-22,2425,14,Tottenham,Liverpool,S Barrott,fouls,away,9,13.335848895931777,0.00033546262790251185,10.751637879640326,0.015420010969477049
2024-12-26,2425,15,Bournemouth,Crystal Palace,T Bramall,yellows,home,2,1.9887611209716018,0.00033546262790251185,1.8093546477122193,0.00033546262790251185
2024-12-26,2425,15,Chelsea,Fulham,S Barrott,yellows,home,1,2.002434489356617,0.00033546262790251185,1.8093546477122193,0.00033546262790251185
2024-12-26,2425,15,Liverpool,Leicester,D Bond,yellows,home,3,1.7176139699014945,0.00033546262790251185,1.8093546477122193,0.00033546262790251185
2024-12-26,2425,15,Man City,Everton,S Hooper,yellows,home,1,1.243923297138206,0.00033546262790251185,1.8093546477122193,0.00033546262790251185
2024-12-26,2425,15,Newcastle,Aston Villa,A Taylor,yellows,home,2,2.1043250130659086,0.00033546262790251185,1.8093546477122193,0.00033546262790251185
2024-12-26,2425,15,Nott'm Forest,Tottenham,C Pawson,yellows,home,3,2.0655607868545567,0.00033546262790251185,1.8093546477122193,0.00033546262790251185
2024-12-26,2425,15,Southampton,West Ham,L Smith,yellows,home,1,1.9381120938494583,0.00033546262790251185,1.8093546477122193,0.00033546262790251185
2024-12-26,2425,15,Wolves,Man United,T Harrington,yellows,home,2,1.9311232109521175,0.00033546262790251185,1.8093546477122193,0.00033546262790251185
2024-12-27,2425,15,Arsenal,Ipswich,D England,yellows,home,1,1.4417390686237086,0.00033546262790251185,1.8093546477122193,0.00033546262790251185
2024-12-27,2425,15,Brighton,Brentford,A Madley,yellows,home,0,1.7978248404990806,0.00033546262790251185,1.8093546477122193,0.00033546262790251185
2024-12-29,2425,15,Crystal Palace,Southampton,M Salisbury,yellows,home,2,1.7825174253346299,0.00033546262790251185,1.8093546477122193,0.00033546262790251185
2024-12-29,2425,15,Everton,Nott'm Forest,T Harrington,yellows,home,4,1.9601211176142317,0.00033546262790251185,1.8093546477122193,0.00033546262790251185
2024-12-29,2425,15,Fulham,Bournemouth,R Jones,yellows,home,1,2.1386804921364324,0.00033546262790251185,1.8093546477122193,0.00033546262790251185
2024-12-29,2425,15,Leicester,Man City,M Oliver,yellows,home,2,2.148339160950935,0.00033546262790251185,1.8093546477122193,0.00033546262790251185
2024-12-29,2425,15,Tottenham,Wolves,C Kavanagh,yellows,home,1,2.0695683060024272,0.00033546262790251185,1.8093546477122193,0.00033546262790251185
2024-12-29,2425,15,West Ham,Liverpool,A Taylor,yellows,home,0,2.0611124377673913,0.00033546262790251185,1.8093546477122193,0.00033546262790251185
2024-12-30,2425,15,Aston Villa,Brighton,C Pawson,yellows,home,2,2.327133764035045,0.00033546262790251185,1.8093546477122193,0.00033546262790251185
2024-12-30,2425,15,Ipswich,Chelsea,J Brooks,yellows,home,4,2.604422590688801,0.00033546262790251185,1.8093546477122193,0.00033546262790251185
2024-12-30,2425,15,Man United,Newcastle,S Hooper,yellows,home,1,2.362729185068516,0.00033546262790251185,1.8093546477122193,0.00033546262790251185
2025-01-01,2425,15,Brentford,Arsenal,P Bankes,yellows,home,1,1.9908433779403913,0.00033546262790251185,1.8093546477122193,0.00033546262790251185
2024-12-26,2425,15,Bournemouth,Crystal Palace,T Bramall,yellows,away,2,2.357545100121755,0.00033546262790251185,1.8093546477122193,0.00033546262790251185
2024-12-26,2425,15,Chelsea,Fulham,S Barrott,yellows,away,3,2.641210705659475,0.00033546262790251185,1.8093546477122193,0.00033546262790251185
2024-12-26,2425,15,Liverpool,Leicester,D Bond,yellows,away,2,2.5503114541116965,0.00033546262790251185,1.8093546477122193,0.00033546262790251185
2024-12-26,2425,15,Man City,Everton,S Hooper,yellows,away,4,2.2084550749604546,0.00033546262790251185,1.8093546477122193,0.00033546262790251185
2024-12-26,2425,15,Newcastle,Aston Villa,A Taylor,yellows,away,1,2.762815751701149,0.00033546262790251185,1.8093546477122193,0.00033546262790251185
2024-12-26,2425,15,Nott'm Forest,Tottenham,C Pawson,yellows,away,2,2.33906730031797,0.00033546262790251185,1.8093546477122193,0.00033546262790251185
2024-12-26,2425,15,Southampton,West Ham,L Smith,yellows,away,2,1.9510311810031589,0.00033546262790251185,1.8093546477122193,0.00033546262790251185
2024-12-26,2425,15,Wolves,Man United,T Harrington,yellows,away,2,2.2254883749464702,0.00033546262790251185,1.8093546477122193,0.00033546262790251185
2024-12-27,2425,15,Arsenal,Ipswich,D England,yellows,away,1,2.662782116219657,0.00033546262790251185,1.8093546477122193,0.00033546262790251185
2024-12-27,2425,15,Brighton,Brentford,A Madley,yellows,away,2,2.306463149446457,0.00033546262790251185,1.8093546477122193,0.00033546262790251185
2024-12-29,2425,15,Crystal Palace,Southampton,M Salisbury,yellows,away,3,2.377456350536143,0.00033546262790251185,1.8093546477122193,0.00033546262790251185
2024-12-29,2425,15,Everton,Nott'm Forest,T Harrington,yellows,away,1,1.6035186254097822,0.00033546262790251185,1.8093546477122193,0.00033546262790251185
2024-12-29,2425,15,Fulham,Bournemouth,R Jones,yellows,away,3,1.9493019644377856,0.00033546262790251185,1.8093546477122193,0.00033546262790251185
2024-12-29,2425,15,Leicester,Man City,M Oliver,yellows,away,1,1.6821027161117035,0.00033546262790251185,1.8093546477122193,0.00033546262790251185
2024-12-29,2425,15,Tottenham,Wolves,C Kavanagh,yellows,away,2,2.5223893320773896,0.00033546262790251185,1.8093546477122193,0.00033546262790251185
2024-12-29,2425,15,West Ham,Liverpool,A Taylor,yellows,away,0,1.6904537483429145,0.00033546262790251185,1.8093546477122193,0.00033546262790251185
2024-12-30,2425,15,Aston Villa,Brighton,C Pawson,yellows,away,3,2.4781983083304095,0.00033546262790251185,1.8093546477122193,0.00033546262790251185
2024-12-30,2425,15,Ipswich,Chelsea,J Brooks,yellows,away,4,2.2069045669054295,0.00033546262790251185,1.8093546477122193,0.00033546262790251185
2024-12-30,2425,15,Man United,Newcastle,S Hooper,yellows,away,1,1.9599340165651924,0.00033546262790251185,1.8093546477122193,0.00033546262790251185
2025-01-01,2425,15,Brentford,Arsenal,P Bankes,yellows,away,2,1.7283537188742586,0.00033546262790251185,1.8093546477122193,0.00033546262790251185
2024-12-26,2425,15,Bournemouth,Crystal Palace,T Bramall,reds,home,0,0.058999600618035004,0.0,0.05891059798697455,0.0
2024-12-26,2425,15,Chelsea,Fulham,S Barrott,reds,home,0,0.06134249292085552,0.0,0.05891059798697455,0.0
2024-12-26,2425,15,Liverpool,Leicester,D Bond,reds,home,0,0.05372806657467121,0.0,0.05891059798697455,0.0
2024-12-26,2425,15,Man City,Everton,S Hooper,reds,home,0,0.05071684748132987,0.0,0.05891059798697455,0.0
2024-12-26,2425,15,Newcastle,Aston Villa,A Taylor,reds,home,0,0.05984123102526387,0.0,0.05891059798697455,0.0
2024-12-26,2425,15,Nott'm Forest,Tottenham,C Pawson,reds,home,0,0.06487935564471337,0.0,0.05891059798697455,0.0
2024-12-26,2425,15,Southampton,West Ham,L Smith,reds,home,0,0.05484418003652633,0.0,0.05891059798697455,0.0
2024-12-26,2425,15,Wolves,Man United,T Harrington,reds,home,0,0.056591867121379806,0.0,0.05891059798697455,0.0
2024-12-27,2425,15,Arsenal,Ipswich,D England,reds,home,0,0.06310587625484364,0.0,0.05891059798697455,0.0
2024-12-27,2425,15,Brighton,Brentford,A Madley,reds,home,0,0.0636606363492866,0.0,0.05891059798697455,0.0
2024-12-29,2425,15,Crystal Palace,Southampton,M Salisbury,reds,home,0,0.05581889683655148,0.0,0.05891059798697455,0.0
2024-12-29,2425,15,Everton,Nott'm Forest,T Harrington,reds,home,0,0.06407526707001535,0.0,0.05891059798697455,0.0
2024-12-29,2425,15,Fulham,Bournemouth,R Jones,reds,home,0,0.05948922013568587,0.0,0.05891059798697455,0.0
2024-12-29,2425,15,Leicester,Man City,M Oliver,reds,home,0,0.05359393114674634,0.0,0.05891059798697455,0.0
2024-12-29,2425,15,Tottenham,Wolves,C Kavanagh,reds,home,0,0.05997545501260628,0.0,0.05891059798697455,0.0
2024-12-29,2425,15,West Ham,Liverpool,A Taylor,reds,home,0,0.059869413965539325,0.0,0.05891059798697455,0.0
2024-12-30,2425,15,Aston Villa,Brighton,C Pawson,reds,home,0,0.05883206201896717,0.0,0.05891059798697455,0.0
2024-12-30,2425,15,Ipswich,Chelsea,J Brooks,reds,home,0,0.06460638671838927,0.0,0.05891059798697455,0.0
2024-12-30,2425,15,Man United,Newcastle,S Hooper,reds,home,0,0.05652852154681973,0.0,0.05891059798697455,0.0
2025-01-01,2425,15,Brentford,Arsenal,P Bankes,reds,home,0,0.055875781877682856,0.0,0.05891059798697455,0.0
2024-12-26,2425,15,Bournemouth,Crystal Palace,T Bramall,reds,away,0,0.05597682969901721,0.0,0.05891059798697455,0.0
2024-12-26,2425,15,Chelsea,Fulham,S Barrott,reds,away,0,0.06601176797104198,0.0,0.05891059798697455,0.0
2024-12-26,2425,15,Liverpool,Leicester,D Bond,reds,away,0,0.05365919430326032,0.0,0.05891059798697455,0.0
2024-12-26,2425,15,Man City,Everton,S Hooper,reds,away,0,0.06092526696343106,0.0,0.05891059798697455,0.0
2024-12-26,2425,15,Newcastle,Aston Villa,A Taylor,reds,away,1,0.05987594827227655,0.0,0.05891059798697455,0.0
2024-12-26,2425,15,Nott'm Forest,Tottenham,C Pawson,reds,away,1,0.061818411131609456,0.0,0.05891059798697455,0.0
2024-12-26,2425,15,Southampton,West Ham,L Smith,reds,away,0,0.05783638215350354,0.0,0.05891059798697455,0.0
2024-12-26,2425,15,Wolves,Man United,T Harrington,reds,away,1,0.055578791381309764,0.0,0.05891059798697455,0.0
2024-12-27,2425,15,Arsenal,Ipswich,D England,reds,away,0,0.05790072337323905,0.0,0.05891059798697455,0.0
2024-12-27,2425,15,Brighton,Brentford,A Madley,reds,away,0,0.0590238317925215,0.0,0.05891059798697455,0.0
2024-12-29,2425,15,Crystal Palace,Southampton,M Salisbury,reds,away,0,0.0623739922242292,0.0,0.05891059798697455,0.0
2024-12-29,2425,15,Everton,Nott'm Forest,T Harrington,reds,away,0,0.05308373858520371,0.0,0.05891059798697455,0.0
2024-12-29,2425,15,Fulham,Bournemouth,R Jones,reds,away,0,0.05720562156621202,0.0,0.05891059798697455,0.0
2024-12-29,2425,15,Leicester,Man City,M Oliver,reds,away,0,0.052693229769721434,0.0,0.05891059798697455,0.0
2024-12-29,2425,15,Tottenham,Wolves,C Kavanagh,reds,away,0,0.06805010255967366,0.0,0.05891059798697455,0.0
2024-12-29,2425,15,West Ham,Liverpool,A Taylor,reds,away,0,0.05266122151504723,0.0,0.05891059798697455,0.0
2024-12-30,2425,15,Aston Villa,Brighton,C Pawson,reds,away,0,0.06559170494784453,0.0,0.05891059798697455,0.0
2024-12-30,2425,15,Ipswich,Chelsea,J Brooks,reds,away,0,0.05981593219017028,0.0,0.05891059798697455,0.0
2024-12-30,2425,15,Man United,Newcastle,S Hooper,reds,away,0,0.05159927975800085,0.0,0.05891059798697455,0.0
2025-01-01,2425,15,Brentford,Arsenal,P Bankes,reds,away,0,0.06598275076083412,0.0,0.05891059798697455,0.0
2024-12-26,2425,15,Bournemouth,Crystal Palace,T Bramall,corners,home,5,6.72542088912464,0.07280821341174089,5.2267614055592215,0.14580207745722895
2024-12-26,2425,15,Chelsea,Fulham,S Barrott,corners,home,3,6.089558769309684,0.07280821341174089,5.2267614055592215,0.14580207745722895
2024-12-26,2425,15,Liverpool,Leicester,D Bond,corners,home,14,8.380949177679998,0.07280821341174089,5.2267614055592215,0.14580207745722895
2024-12-26,2425,15,Man City,Everton,S Hooper,corners,home,8,8.72418617476129,0.07280821341174089,5.2267614055592215,0.14580207745722895
2024-12-26,2425,15,Newcastle,Aston Villa,A Taylor,corners,home,9,5.134861948807206,0.07280821341174089,5.2267614055592215,0.14580207745722895
2024-12-26,2425,15,Nott'm Forest,Tottenham,C Pawson,corners,home,2,5.17360032786548,0.07280821341174089,5.2267614055592215,0.14580207745722895
2024-12-26,2425,15,Southampton,West Ham,L Smith,corners,home,2,5.742705224426471,0.07280821341174089,5.2267614055592215,0.14580207745722895
2024-12-26,2425,15,Wolves,Man United,T Harrington,corners,home,4,4.9030914260374825,0.07280821341174089,5.2267614055592215,0.14580207745722895
2024-12-27,2425,15,Arsenal,Ipswich,D England,corners,home,5,8.00394879550778,0.07280821341174089,5.2267614055592215,0.14580207745722895
2024-12-27,2425,15,Brighton,Brentford,A Madley,corners,home,5,6.931200208804066,0.07280821341174089,5.2267614055592215,0.14580207745722895
2024-12-29,2425,15,Crystal Palace,Southampton,M Salisbury,corners,home,8,6.521309526659305,0.07280821341174089,5.2267614055592215,0.14580207745722895
2024-12-29,2425,15,Everton,Nott'm Forest,T Harrington,corners,home,5,5.821534704238273,0.07280821341174089,5.2267614055592215,0.14580207745722895
2024-12-29,2425,15,Fulham,Bournemouth,R Jones,corners,home,1,6.5636065733541225,0.07280821341174089,5.2267614055592215,0.14580207745722895
2024-12-29,2425,15,Leicester,Man City,M Oliver,corners,home,4,2.9403294814192416,0.07280821341174089,5.2267614055592215,0.14580207745722895
2024-12-29,2425,15,Tottenham,Wolves,C Kavanagh,corners,home,5,8.561853267686027,0.07280821341174089,5.2267614055592215,0.14580207745722895
2024-12-29,2425,15,West Ham,Liverpool,A Taylor,corners,home,3,4.5329262571397235,0.07280821341174089,5.2267614055592215,0.14580207745722895
2024-12-30,2425,15,Aston Villa,Brighton,C Pawson,corners,home,12,5.793375062833214,0.07280821341174089,5.2267614055592215,0.14580207745722895
2024-12-30,2425,15,Ipswich,Chelsea,J Brooks,corners,home,4,4.4432530035532665,0.07280821341174089,5.2267614055592215,0.14580207745722895
2024-12-30,2425,15,Man United,Newcastle,S Hooper,corners,home,2,5.636060403102097,0.07280821341174089,5.2267614055592215,0.14580207745722895
2025-01-01,2425,15,Brentford,Arsenal,P Bankes,corners,home,4,3.539908141803544,0.07280821341174089,5.2267614055592215,0.14580207745722895
2024-12-26,2425,15,Bournemouth,Crystal Palace,T Bramall,corners,away,2,4.8087695864479985,0.07280821341174089,5.2267614055592215,0.14580207745722895
2024-12-26,2425,15,Chelsea,Fulham,S Barrott,corners,away,1,4.172288168462709,0.07280821341174089,5.2267614055592215,0.14580207745722895
2024-12-26,2425,15,Liverpool,Leicester,D Bond,corners,away,1,2.925913779213415,0.07280821341174089,5.2267614055592215,0.14580207745722895
2024-12-26,2425,15,Man City,Everton,S Hooper,corners,away,5,2.665836308351013,0.07280821341174089,5.2267614055592215,0.14580207745722895
2024-12-26,2425,15,Newcastle,Aston Villa,A Taylor,corners,away,6,4.986203247076284,0.07280821341174089,5.2267614055592215,0.14580207745722895
2024-12-26,2425,15,Nott'm Forest,Tottenham,C Pawson,corners,away,7,6.693186610594308,0.07280821341174089,5.2267614055592215,0.14580207745722895
2024-12-26,2425,15,Southampton,West Ham,L Smith,corners,away,2,5.482017314132965,0.07280821341174089,5.2267614055592215,0.14580207745722895
2024-12-26,2425,15,Wolves,Man United,T Harrington,corners,away,4,5.61073904606708,0.07280821341174089,5.2267614055592215,0.14580207745722895
2024-12-27,2425,15,Arsenal,Ipswich,D England,corners,away,1,2.8281437506328757,0.07280821341174089,5.2267614055592215,0.14580207745722895
2024-12-27,2425,15,Brighton,Brentford,A Madley,corners,away,3,3.948336038928807,0.07280821341174089,5.2267614055592215,0.14580207745722895
2024-12-29,2425,15,Crystal Palace,Southampton,M Salisbury,corners,away,7,4.312133649528544,0.07280821341174089,5.2267614055592215,0.14580207745722895
2024-12-29,2425,15,Everton,Nott'm Forest,T Harrington,corners,away,4,4.407838842606714,0.07280821341174089,5.2267614055592215,0.14580207745722895
2024-12-29,2425,15,Fulham,Bournemouth,R Jones,corners,away,7,5.185560015690214,0.07280821341174089,5.2267614055592215,0.14580207745722895
2024-12-29,2425,15,Leicester,Man City,M Oliver,corners,away,4,7.396449044928402,0.07280821341174089,5.2267614055592215,0.14580207745722895
2024-12-29,2425,15,Tottenham,Wolves,C Kavanagh,corners,away,5,3.9014129232122916,0.07280821341174089,5.2267614055592215,0.14580207745722895
2024-12-29,2425,15,West Ham,Liverpool,A Taylor,corners,away,6,6.443920829717687,0.07280821341174089,5.2267614055592215,0.14580207745722895
2024-12-30,2425,15,Aston Villa,Brighton,C Pawson,corners,away,3,4.056723858428901,0.07280821341174089,5.2267614055592215,0.14580207745722895
2024-12-30,2425,15,Ipswich,Chelsea,J Brooks,corners,away,7,6.001814120305762,0.07280821341174089,5.2267614055592215,0.14580207745722895
2024-12-30,2425,15,Man United,Newcastle,S Hooper,corners,away,3,5.299707102703457,0.07280821341174089,5.2267614055592215,0.14580207745722895
2025-01-01,2425,15,Brentford,Arsenal,P Bankes,corners,away,3,6.340012646251222,0.07280821341174089,5.2267614055592215,0.14580207745722895
2024-12-26,2425,15,Bournemouth,Crystal Palace,T Bramall,fouls,home,13,12.85994749416361,0.00033546262790251185,10.757548844795103,0.01556614881629959
2024-12-26,2425,15,Chelsea,Fulham,S Barrott,fouls,home,13,10.605639410689053,0.00033546262790251185,10.757548844795103,0.01556614881629959
2024-12-26,2425,15,Liverpool,Leicester,D Bond,fouls,home,17,11.549971505497478,0.00033546262790251185,10.757548844795103,0.01556614881629959
2024-12-26,2425,15,Man City,Everton,S Hooper,fouls,home,5,7.589452064107619,0.00033546262790251185,10.757548844795103,0.01556614881629959
2024-12-26,2425,15,Newcastle,Aston Villa,A Taylor,fouls,home,15,11.419483483409303,0.00033546262790251185,10.757548844795103,0.01556614881629959
2024-12-26,2425,15,Nott'm Forest,Tottenham,C Pawson,fouls,home,12,12.698377820463973,0.00033546262790251185,10.757548844795103,0.01556614881629959
2024-12-26,2425,15,Southampton,West Ham,L Smith,fouls,home,15,10.500824135130763,0.00033546262790251185,10.757548844795103,0.01556614881629959
2024-12-26,2425,15,Wolves,Man United,T Harrington,fouls,home,12,10.467757661217108,0.00033546262790251185,10.757548844795103,0.01556614881629959
2024-12-27,2425,15,Arsenal,Ipswich,D England,fouls,home,7,10.784817698722367,0.00033546262790251185,10.757548844795103,0.01556614881629959
2024-12-27,2425,15,Brighton,Brentford,A Madley,fouls,home,6,11.534440204596882,0.00033546262790251185,10.757548844795103,0.01556614881629959
2024-12-29,2425,15,Crystal Palace,Southampton,M Salisbury,fouls,home,18,12.315746161123029,0.00033546262790251185,10.757548844795103,0.01556614881629959
2024-12-29,2425,15,Everton,Nott'm Forest,T Harrington,fouls,home,13,10.855199760621463,0.00033546262790251185,10.757548844795103,0.01556614881629959
2024-12-29,2425,15,Fulham,Bournemouth,R Jones,fouls,home,7,10.607099742852588,0.00033546262790251185,10.757548844795103,0.01556614881629959
2024-12-29,2425,15,Leicester,Man City,M Oliver,fouls,home,11,10.640285209059499,0.00033546262790251185,10.757548844795103,0.01556614881629959
2024-12-29,2425,15,Tottenham,Wolves,C Kavanagh,fouls,home,9,10.72814601317861,0.00033546262790251185,10.757548844795103,0.01556614881629959
2024-12-29,2425,15,West Ham,Liverpool,A Taylor,fouls,home,7,9.633371523434601,0.00033546262790251185,10.757548844795103,0.01556614881629959
2024-12-30,2425,15,Aston Villa,Brighton,C Pawson,fouls,home,9,11.749287595225757,0.00033546262790251185,10.757548844795103,0.01556614881629959
2024-12-30,2425,15,Ipswich,Chelsea,J Brooks,fouls,home,9,13.273983409030738,0.00033546262790251185,10.757548844795103,0.01556614881629959
2024-12-30,2425,15,Man United,Newcastle,S Hooper,fouls,home,13,11.744858918050218,0.00033546262790251185,10.757548844795103,0.01556614881629959
2025-01-01,2425,15,Brentford,Arsenal,P Bankes,fouls,home,6,8.462473544102533,0.00033546262790251185,10.757548844795103,0.01556614881629959
2024-12-26,2425,15,Bournemouth,Crystal Palace,T Bramall,fouls,away,12,11.20163954674968,0.00033546262790251185,10.757548844795103,0.01556614881629959
2024-12-26,2425,15,Chelsea,Fulham,S Barrott,fouls,away,13,11.548046664176443,0.00033546262790251185,10.757548844795103,0.01556614881629959
2024-12-26,2425,15,Liverpool,Leicester,D Bond,fouls,away,5,10.736183640907987,0.00033546262790251185,10.757548844795103,0.01556614881629959
2024-12-26,2425,15,Man City,Everton,S Hooper,fouls,away,10,10.864384634089872,0.00033546262790251185,10.757548844795103,0.01556614881629959
2024-12-26,2425,15,Newcastle,Aston Villa,A Taylor,fouls,away,10,12.364912531825551,0.00033546262790251185,10.757548844795103,0.01556614881629959
2024-12-26,2425,15,Nott'm Forest,Tottenham,C Pawson,fouls,away,13,11.233285824616978,0.00033546262790251185,10.757548844795103,0.01556614881629959
2024-12-26,2425,15,Southampton,West Ham,L Smith,fouls,away,8,12.125273565861399,0.00033546262790251185,10.757548844795103,0.01556614881629959
2024-12-26,2425,15,Wolves,Man United,T Harrington,fouls,away,12,10.955120529325535,0.00033546262790251185,10.757548844795103,0.01556614881629959
2024-12-27,2425,15,Arsenal,Ipswich,D England,fouls,away,12,11.421996458753643,0.00033546262790251185,10.757548844795103,0.01556614881629959
2024-12-27,2425,15,Brighton,Brentford,A Madley,fouls,away,12,10.56863384066446,0.00033546262790251185,10.757548844795103,0.01556614881629959
2024-12-29,2425,15,Crystal Palace,Southampton,M Salisbury,fouls,away,19,11.945181635988975,0.00033546262790251185,10.757548844795103,0.01556614881629959
2024-12-29,2425,15,Everton,Nott'm Forest,T Harrington,fouls,away,10,10.240835148285848,0.00033546262790251185,10.757548844795103,0.01556614881629959
2024-12-29,2425,15,Fulham,Bournemouth,R Jones,fouls,away,16,12.610940732877456,0.00033546262790251185,10.757548844795103,0.01556614881629959
2024-12-29,2425,15,Leicester,Man City,M Oliver,fouls,away,6,8.68440401787803,0.00033546262790251185,10.757548844795103,0.01556614881629959
2024-12-29,2425,15,Tottenham,Wolves,C Kavanagh,fouls,away,10,14.004953253602885,0.00033546262790251185,10.757548844795103,0.01556614881629959
2024-12-29,2425,15,West Ham,Liverpool,A Taylor,fouls,away,10,10.479384332892392,0.00033546262790251185,10.757548844795103,0.01556614881629959
2024-12-30,2425,15,Aston Villa,Brighton,C Pawson,fouls,away,14,13.298755131140263,0.00033546262790251185,10.757548844795103,0.01556614881629959
2024-12-30,2425,15,Ipswich,Chelsea,J Brooks,fouls,away,5,12.292645733655734,0.00033546262790251185,10.757548844795103,0.01556614881629959
2024-12-30,2425,15,Man United,Newcastle,S Hooper,fouls,away,8,9.026414035947893,0.00033546262790251185,10.757548844795103,0.01556614881629959
2025-01-01,2425,15,Brentford,Arsenal,P Bankes,fouls,away,8,10.108705446406553,0.00033546262790251185,10.757548844795103,0.01556614881629959
2025-01-04,2425,16,Aston Villa,Leicester,J Gillett,yellows,home,0,1.9821525906553643,0.00033546262790251185,1.810122938706511,0.00033546262790251185
2025-01-04,2425,16,Bournemouth,Everton,J Brooks,yellows,home,2,1.6655824392985155,0.00033546262790251185,1.810122938706511,0.00033546262790251185
2025-01-04,2425,16,Brighton,Arsenal,A Taylor,yellows,home,2,1.9893461737855496,0.00033546262790251185,1.810122938706511,0.00033546262790251185
2025-01-04,2425,16,Crystal Palace,Chelsea,T Robinson,yellows,home,0,2.380522777136416,0.00033546262790251185,1.810122938706511,0.00033546262790251185
2025-01-04,2425,16,Man City,West Ham,M Salisbury,yellows,home,2,1.2858376981550137,0.00033546262790251185,1.810122938706511,0.00033546262790251185
2025-01-04,2425,16,Southampton,Brentford,S Attwell,yellows,home,2,1.9641506430038809,0.00033546262790251185,1.810122938706511,0.00033546262790251185
2025-01-04,2425,16,Tottenham,Newcastle,A Madley,yellows,home,1,2.3008044965703562,0.00033546262790251185,1.810122938706511,0.00033546262790251185
2025-01-05,2425,16,Fulham,Ipswich,D Bond,yellows,home,1,1.7355549814867641,0.00033546262790251185,1.810122938706511,0.00033546262790251185
2025-01-05,2425,16,Liverpool,Man United,M Oliver,yellows,home,2,1.719693808808815,0.00033546262790251185,1.810122938706511,0.00033546262790251185
2025-01-06,2425,16,Wolves,Nott'm Forest,P Bankes,yellows,home,1,2.3064487746487172,0.00033546262790251185,1.810122938706511,0.00033546262790251185
2025-01-04,2425,16,Aston Villa,Leicester,J Gillett,yellows,away,1,2.658374419922004,0.00033546262790251185,1.810122938706511,0.00033546262790251185
2025-01-04,2425,16,Bournemouth,Everton,J Brooks,yellows,away,2,2.419609699668732,0.00033546262790251185,1.810122938706511,0.00033546262790251185
2025-01-04,2425,16,Brighton,Arsenal,A Taylor,yellows,away,3,2.058171613507948,0.00033546262790251185,1.810122938706511,0.00033546262790251185
2025-01-04,2425,16,Crystal Palace,Chelsea,T Robinson,yellows,away,2,2.5719785532038086,0.00033546262790251185,1.810122938706511,0.00033546262790251185
2025-01-04,2425,16,Man City,West Ham,M Salisbury,yellows,away,1,2.145039988763912,0.00033546262790251185,1.810122938706511,0.00033546262790251185
2025-01-04,2425,16,Southampton,Brentford,S Attwell,yellows,away,0,1.8210495951750505,0.00033546262790251185,1.810122938706511,0.00033546262790251185
2025-01-04,2425,16,Tottenham,Newcastle,A Madley,yellows,away,4,2.246071398416008,0.00033546262790251185,1.810122938706511,0.00033546262790251185
2025-01-05,2425,16,Fulham,Ipswich,D Bond,yellows,away,5,2.1007510371199145,0.00033546262790251185,1.810122938706511,0.00033546262790251185
2025-01-05,2425,16,Liverpool,Man United,M Oliver,yellows,away,4,2.375509369618001,0.00033546262790251185,1.810122938706511,0.00033546262790251185
2025-01-06,2425,16,Wolves,Nott'm Forest,P Bankes,yellows,away,2,2.2661588125249708,0.00033546262790251185,1.810122938706511,0.00033546262790251185
2025-01-04,2425,16,Aston Villa,Leicester,J Gillett,reds,home,0,0.055576890117910296,0.0,0.0590988882387361,0.0
2025-01-04,2425,16,Bournemouth,Everton,J Brooks,reds,home,0,0.050845707351278684,0.0,0.0590988882387361,0.0
2025-01-04,2425,16,Brighton,Arsenal,A Taylor,reds,home,0,0.05866663704729172,0.0,0.0590988882387361,0.0
2025-01-04,2425,16,Crystal Palace,Chelsea,T Robinson,reds,home,0,0.06193591248591731,0.0,0.0590988882387361,0.0
2025-01-04,2425,16,Man City,West Ham,M Salisbury,reds,home,0,0.051532970584416256,0.0,0.0590988882387361,0.0
2025-01-04,2425,16,Southampton,Brentford,S Attwell,reds,home,0,0.061473190679856515,0.0,0.0590988882387361,0.0
2025-01-04,2425,16,Tottenham,Newcastle,A Madley,reds,home,0,0.06309554239933925,0.0,0.0590988882387361,0.0
2025-01-05,2425,16,Fulham,Ipswich,D Bond,reds,home,0,0.0611026650298934,0.0,0.0590988882387361,0.0
2025-01-05,2425,16,Liverpool,Man United,M Oliver,reds,home,0,0.052515753655801835,0.0,0.0590988882387361,0.0
2025-01-06,2425,16,Wolves,Nott'm Forest,P Bankes,reds,home,0,0.06517844949466428,0.0,0.0590988882387361,0.0
2025-01-04,2425,16,Aston Villa,Leicester,J Gillett,reds,away,0,0.05750818667336604,0.0,0.0590988882387361,0.0
2025-01-04,2425,16,Bournemouth,Everton,J Brooks,reds,away,0,0.05896364495459752,0.0,0.0590988882387361,0.0
2025-01-04,2425,16,Brighton,Arsenal,A Taylor,reds,away,0,0.06422740765355427,0.0,0.0590988882387361,0.0
2025-01-04,2425,16,Crystal Palace,Chelsea,T Robinson,reds,away,0,0.06308425554263383,0.0,0.0590988882387361,0.0
2025-01-04,2425,16,Man City,West Ham,M Salisbury,reds,away,0,0.05964072054995562,0.0,0.0590988882387361,0.0
2025-01-04,2425,16,Southampton,Brentford,S Attwell,reds,away,0,0.05587465425212638,0.0,0.0590988882387361,0.0
2025-01-04,2425,16,Tottenham,Newcastle,A Madley,reds,away,0,0.06189276635271641,0.0,0.0590988882387361,0.0
2025-01-05,2425,16,Fulham,Ipswich,D Bond,reds,away,0,0.06133510269868669,0.0,0.0590988882387361,0.0
2025-01-05,2425,16,Liverpool,Man United,M Oliver,reds,away,0,0.05548847115492612,0.0,0.0590988882387361,0.0
2025-01-06,2425,16,Wolves,Nott'm Forest,P Bankes,reds,away,0,0.06020417567399374,0.0,0.0590988882387361,0.0
2025-01-04,2425,16,Aston Villa,Leicester,J Gillett,corners,home,7,7.724686993664536,0.07392608315365921,5.2200116351197625,0.14578119743592058
2025-01-04,2425,16,Bournemouth,Everton,J Brooks,corners,home,9,7.2589332351169045,0.07392608315365921,5.2200116351197625,0.14578119743592058
2025-01-04,2425,16,Brighton,Arsenal,A Taylor,corners,home,2,3.9303392247683777,0.07392608315365921,5.2200116351197625,0.14578119743592058
2025-01-04,2425,16,Crystal Palace,Chelsea,T Robinson,corners,home,6,4.617886876615012,0.07392608315365921,5.2200116351197625,0.14578119743592058
2025-01-04,2425,16,Man City,West Ham,M Salisbury,corners,home,7,8.509345365395937,0.07392608315365921,5.2200116351197625,0.14578119743592058
2025-01-04,2425,16,Southampton,Brentford,S Attwell,corners,home,2,5.873230942034441,0.07392608315365921,5.2200116351197625,0.14578119743592058
2025-01-04,2425,16,Tottenham,Newcastle,A Madley,corners,home,9,6.918532776595299,0.07392608315365921,5.2200116351197625,0.14578119743592058
2025-01-05,2425,16,Fulham,Ipswich,D Bond,corners,home,9,6.829365014517695,0.07392608315365921,5.2200116351197625,0.14578119743592058
2025-01-05,2425,16,Liverpool,Man United,M Oliver,corners,home,6,7.945402312727449,0.07392608315365921,5.2200116351197625,0.14578119743592058
2025-01-06,2425,16,Wolves,Nott'm Forest,P Bankes,corners,home,5,5.1958408789527315,0.07392608315365921,5.2200116351197625,0.14578119743592058
2025-01-04,2425,16,Aston Villa,Leicester,J Gillett,corners,away,2,3.139163299868315,0.07392608315365921,5.2200116351197625,0.14578119743592058
2025-01-04,2425,16,Bournemouth,Everton,J Brooks,corners,away,3,4.318203680172766,0.07392608315365921,5.2200116351197625,0.14578119743592058
2025-01-04,2425,16,Brighton,Arsenal,A Taylor,corners,away,5,5.032943345692728,0.07392608315365921,5.2200116351197625,0.14578119743592058
2025-01-04,2425,16,Crystal Palace,Chelsea,T Robinson,corners,away,6,5.233514781100572,0.07392608315365921,5.2200116351197625,0.14578119743592058
2025-01-04,2425,16,Man City,West Ham,M Salisbury,corners,away,1,3.021788744587091,0.07392608315365921,5.2200116351197625,0.14578119743592058
2025-01-04,2425,16,Southampton,Brentford,S Attwell,corners,away,2,5.02612369792272,0.07392608315365921,5.2200116351197625,0.14578119743592058
2025-01-04,2425,16,Tottenham,Newcastle,A Madley,corners,away,10,5.2580780199028885,0.07392608315365921,5.2200116351197625,0.14578119743592058
2025-01-05,2425,16,Fulham,Ipswich,D Bond,corners,away,2,4.011991543339282,0.07392608315365921,5.2200116351197625,0.14578119743592058
2025-01-05,2425,16,Liverpool,Man United,M Oliver,corners,away,9,3.689612833906266,0.07392608315365921,5.2200116351197625,0.14578119743592058
2025-01-06,2425,16,Wolves,Nott'm Forest,P Bankes,corners,away,3,4.509608982424567,0.07392608315365921,5.2200116351197625,0.14578119743592058
2025-01-04,2425,16,Aston Villa,Leicester,J Gillett,fouls,home,10,10.863530409393144,0.00033546262790251185,10.757460501326294,0.015610944957797442
2025-01-04,2425,16,Bournemouth,Everton,J Brooks,fouls,home,15,11.255251955214275,0.00033546262790251185,10.757460501326294,0.015610944957797442
2025-01-04,2425,16,Brighton,Arsenal,A Taylor,fouls,home,17,10.396628766845433,0.00033546262790251185,10.757460501326294,0.015610944957797442
2025-01-04,2425,16,Crystal Palace,Chelsea,T Robinson,fouls,home,9,12.703887656615082,0.00033546262790251185,10.757460501326294,0.015610944957797442
2025-01-04,2425,16,Man City,West Ham,M Salisbury,fouls,home,8,8.079154954620419,0.00033546262790251185,10.757460501326294,0.015610944957797442
2025-01-04,2425,16,Southampton,Brentford,S Attwell,fouls,home,10,10.421569882634843,0.00033546262790251185,10.757460501326294,0.015610944957797442
2025-01-04,2425,16,Tottenham,Newcastle,A Madley,fouls,home,11,12.629539438887319,0.00033546262790251185,10.757460501326294,0.015610944957797442
2025-01-05,2425,16,Fulham,Ipswich,D Bond,fouls,home,10,10.302195463226841,0.00033546262790251185,10.757460501326294,0.015610944957797442
2025-01-05,2425,16,Liverpool,Man United,M Oliver,fouls,home,10,10.009639334272938,0.00033546262790251185,10.757460501326294,0.015610944957797442
2025-01-06,2425,16,Wolves,Nott'm Forest,P Bankes,fouls,home,10,11.142107619373716,0.00033546262790251185,10.757460501326294,0.015610944957797442
2025-01-04,2425,16,Aston Villa,Leicester,J Gillett,fouls,away,11,12.411865747923994,0.00033546262790251185,10.757460501326294,0.015610944957797442
2025-01-04,2425,16,Bournemouth,Everton,J Brooks,fouls,away,14,10.952834337278059,0.00033546262790251185,10.757460501326294,0.015610944957797442
2025-01-04,2425,16,Brighton,Arsenal,A Taylor,fouls,away,14,11.035512194464465,0.00033546262790251185,10.757460501326294,0.015610944957797442
2025-01-04,2425,16,Crystal Palace,Chelsea,T Robinson,fouls,away,12,12.493341984949186,0.00033546262790251185,10.757460501326294,0.015610944957797442
2025-01-04,2425,16,Man City,West Ham,M Salisbury,fouls,away,13,10.75943923695534,0.00033546262790251185,10.757460501326294,0.015610944957797442
2025-01-04,2425,16,Southampton,Brentford,S Attwell,fouls,away,4,9.942605775747007,0.00033546262790251185,10.757460501326294,0.015610944957797442
2025-01-04,2425,16,Tottenham,Newcastle,A Madley,fouls,away,15,12.517865224946343,0.00033546262790251185,10.757460501326294,0.015610944957797442
2025-01-05,2425,16,Fulham,Ipswich,D Bond,fouls,away,14,11.537884778529813,0.00033546262790251185,10.757460501326294,0.015610944957797442
2025-01-05,2425,16,Liverpool,Man United,M Oliver,fouls,away,13,10.265660282947957,0.00033546262790251185,10.757460501326294,0.015610944957797442
2025-01-06,2425,16,Wolves,Nott'm Forest,P Bankes,fouls,away,8,10.371452892235101,0.00033546262790251185,10.757460501326294,0.015610944957797442
2025-01-14,2425,17,Brentford,Man City,A Taylor,yellows,home,0,1.7864667904096383,0.00033546262790251185,1.810354857508006,0.00033546262790251185
2025-01-14,2425,17,Chelsea,Bournemouth,R Jones,yellows,home,2,2.400472454089438,0.00033546262790251185,1.810354857508006,0.00033546262790251185
2025-01-14,2425,17,Nott'm Forest,Liverpool,C Kavanagh,yellows,home,2,2.0996476052286472,0.00033546262790251185,1.810354857508006,0.00033546262790251185
2025-01-14,2425,17,West Ham,Fulham,C Pawson,yellows,home,3,1.614052414073053,0.00033546262790251185,1.810354857508006,0.00033546262790251185
2025-01-15,2425,17,Arsenal,Tottenham,S Hooper,yellows,home,3,1.9241030352005781,0.00033546262790251185,1.810354857508006,0.00033546262790251185
2025-01-15,2425,17,Everton,Aston Villa,S Barrott,yellows,home,2,2.2555298946134137,0.00033546262790251185,1.810354857508006,0.00033546262790251185
2025-01-15,2425,17,Leicester,Crystal Palace,A Madley,yellows,home,0,1.9094831309427251,0.00033546262790251185,1.810354857508006,0.00033546262790251185
2025-01-15,2425,17,Newcastle,Wolves,D England,yellows,home,0,1.9507157909083388,0.00033546262790251185,1.810354857508006,0.00033546262790251185
2025-01-16,2425,17,Ipswich,Brighton,T Harrington,yellows,home,2,2.421507938745188,0.00033546262790251185,1.810354857508006,0.00033546262790251185
2025-01-16,2425,17,Man United,Southampton,J Brooks,yellows,home,1,1.8786752854776605,0.00033546262790251185,1.810354857508006,0.00033546262790251185
2025-01-18,2425,17,Arsenal,Aston Villa,C Kavanagh,yellows,home,2,1.9539898684983756,0.00033546262790251185,1.810354857508006,0.00033546262790251185
2025-01-18,2425,17,Brentford,Liverpool,A Madley,yellows,home,2,1.9724808498822237,0.00033546262790251185,1.810354857508006,0.00033546262790251185
2025-01-18,2425,17,Leicester,Fulham,M Salisbury,yellows,home,3,1.7038454243486871,0.00033546262790251185,1.810354857508006,0.00033546262790251185
2025-01-18,2425,17,Newcastle,Bournemouth,S Attwell,yellows,home,1,1.8578907721532807,0.00033546262790251185,1.810354857508006,0.00033546262790251185
2025-01-18,2425,17,West Ham,Crystal Palace,T Bramall,yellows,home,1,1.7875289874750184,0.00033546262790251185,1.810354857508006,0.00033546262790251185
2025-01-19,2425,17,Everton,Tottenham,D England,yellows,home,2,2.150589758384298,0.00033546262790251185,1.810354857508006,0.00033546262790251185
2025-01-19,2425,17,Ipswich,Man City,S Barrott,yellows,home,0,2.3623614051861206,0.00033546262790251185,1.810354857508006,0.00033546262790251185
2025-01-19,2425,17,Man United,Brighton,P Bankes,yellows,home,3,2.1538367284770104,0.00033546262790251185,1.810354857508006,0.00033546262790251185
2025-01-19,2425,17,Nott'm Forest,Southampton,A Taylor,yellows,home,0,1.7080009820245365,0.00033546262790251185,1.810354857508006,0.00033546262790251185
2025-01-20,2425,17,Chelsea,Wolves,S Hooper,yellows,home,4,2.4207400463498483,0.00033546262790251185,1.810354857508006,0.00033546262790251185
2025-01-14,2425,17,Brentford,Man City,A Taylor,yellows,away,0,1.5563129759787333,0.00033546262790251185,1.810354857508006,0.00033546262790251185
2025-01-14,2425,17,Chelsea,Bournemouth,R Jones,yellows,away,3,2.6928768252425312,0.00033546262790251185,1.810354857508006,0.00033546262790251185
2025-01-14,2425,17,Nott'm Forest,Liverpool,C Kavanagh,yellows,away,1,2.179079867811038,0.00033546262790251185,1.810354857508006,0.00033546262790251185
2025-01-14,2425,17,West Ham,Fulham,C Pawson,yellows,away,3,1.857015453976187,0.00033546262790251185,1.810354857508006,0.00033546262790251185
2025-01-15,2425,17,Arsenal,Tottenham,S Hooper,yellows,away,1,2.3419915474526283,0.00033546262790251185,1.810354857508006,0.00033546262790251185
2025-01-15,2425,17,Everton,Aston Villa,S Barrott,yellows,away,1,1.782537398945622,0.00033546262790251185,1.810354857508006,0.00033546262790251185
2025-01-15,2425,17,Leicester,Crystal Palace,A Madley,yellows,away,0,1.9977321530686398,0.00033546262790251185,1.810354857508006,0.00033546262790251185
2025-01-15,2425,17,Newcastle,Wolves,D England,yellows,away,2,2.721100918825901,0.00033546262790251185,1.810354857508006,0.00033546262790251185
2025-01-16,2425,17,Ipswich,Brighton,T Harrington,yellows,away,2,1.766662431235313,0.00033546262790251185,1.810354857508006,0.00033546262790251185
2025-01-16,2425,17,Man United,Southampton,J Brooks,yellows,away,3,2.523345300840443,0.00033546262790251185,1.810354857508006,0.00033546262790251185
2025-01-18,2425,17,Arsenal,Aston Villa,C Kavanagh,yellows,away,3,2.4130203068410108,0.00033546262790251185,1.810354857508006,0.00033546262790251185
2025-01-18,2425,17,Brentford,Liverpool,A Madley,yellows,away,3,1.8553042028629392,0.00033546262790251185,1.810354857508006,0.00033546262790251185
2025-01-18,2425,17,Leicester,Fulham,M Salisbury,yellows,away,1,1.9955601383091868,0.00033546262790251185,1.810354857508006,0.00033546262790251185
2025-01-18,2425,17,Newcastle,Bournemouth,S Attwell,yellows,away,6,2.56895114181688,0.00033546262790251185,1.810354857508006,0.00033546262790251185
2025-01-18,2425,17,West Ham,Crystal Palace,T Bramall,yellows,away,0,1.8371210909378013,0.00033546262790251185,1.810354857508006,0.00033546262790251185
2025-01-19,2425,17,Everton,Tottenham,D England,yellows,away,1,1.675197304677133,0.00033546262790251185,1.810354857508006,0.00033546262790251185
2025-01-19,2425,17,Ipswich,Man City,S Barrott,yellows,away,1,1.5301955078313372,0.00033546262790251185,1.810354857508006,0.00033546262790251185
2025-01-19,2425,17,Man United,Brighton,P Bankes,yellows,away,3,2.002822399771543,0.00033546262790251185,1.810354857508006,0.00033546262790251185
2025-01-19,2425,17,Nott'm Forest,Southampton,A Taylor,yellows,away,4,2.6710185568386673,0.00033546262790251185,1.810354857508006,0.00033546262790251185
2025-01-20,2425,17,Chelsea,Wolves,S Hooper,yellows,away,2,2.739573138769582,0.00033546262790251185,1.810354857508006,0.00033546262790251185
2025-01-14,2425,17,Brentford,Man City,A Taylor,reds,home,0,0.057415781407546926,0.0,0.058755090168702735,0.0
2025-01-14,2425,17,Chelsea,Bournemouth,R Jones,reds,home,0,0.057564833382857734,0.0,0.058755090168702735,0.0
2025-01-14,2425,17,Nott'm Forest,Liverpool,C Kavanagh,reds,home,0,0.057717866606243166,0.0,0.058755090168702735,0.0
2025-01-14,2425,17,West Ham,Fulham,C Pawson,reds,home,0,0.06072350935552106,0.0,0.058755090168702735,0.0
2025-01-15,2425,17,Arsenal,Tottenham,S Hooper,reds,home,0,0.06986084516163148,0.0,0.058755090168702735,0.0
2025-01-15,2425,17,Everton,Aston Villa,S Barrott,reds,home,0,0.06503310509828437,0.0,0.058755090168702735,0.0
2025-01-15,2425,17,Leicester,Crystal Palace,A Madley,reds,home,0,0.05612784500833812,0.0,0.058755090168702735,0.0
2025-01-15,2425,17,Newcastle,Wolves,D England,reds,home,0,0.05723677661244497,0.0,0.058755090168702735,0.0
2025-01-16,2425,17,Ipswich,Brighton,T Harrington,reds,home,0,0.060581235400820936,0.0,0.058755090168702735,0.0
2025-01-16,2425,17,Man United,Southampton,J Brooks,reds,home,0,0.05325944414771494,0.0,0.058755090168702735,0.0
2025-01-18,2425,17,Arsenal,Aston Villa,C Kavanagh,reds,home,0,0.06742765439886587,0.0,0.058755090168702735,0.0
2025-01-18,2425,17,Brentford,Liverpool,A Madley,reds,home,0,0.05747675022686836,0.0,0.058755090168702735,0.0
2025-01-18,2425,17,Leicester,Fulham,M Salisbury,reds,home,0,0.05442708478766401,0.0,0.058755090168702735,0.0
2025-01-18,2425,17,Newcastle,Bournemouth,S Attwell,reds,home,0,0.05347306544636316,0.0,0.058755090168702735,0.0
2025-01-18,2425,17,West Ham,Crystal Palace,T Bramall,reds,home,1,0.06264633735226804,0.0,0.058755090168702735,0.0
2025-01-19,2425,17,Everton,Tottenham,D England,reds,home,0,0.06743746646170411,0.0,0.058755090168702735,0.0
2025-01-19,2425,17,Ipswich,Man City,S Barrott,reds,home,0,0.05941658562518809,0.0,0.058755090168702735,0.0
2025-01-19,2425,17,Man United,Brighton,P Bankes,reds,home,0,0.056142379403153364,0.0,0.058755090168702735,0.0
2025-01-19,2425,17,Nott'm Forest,Southampton,A Taylor,reds,home,0,0.05573381491768108,0.0,0.058755090168702735,0.0
2025-01-20,2425,17,Chelsea,Wolves,S Hooper,reds,home,0,0.06160421594592947,0.0,0.058755090168702735,0.0
2025-01-14,2425,17,Brentford,Man City,A Taylor,reds,away,0,0.057553412136857315,0.0,0.058755090168702735,0.0
2025-01-14,2425,17,Chelsea,Bournemouth,R Jones,reds,away,0,0.059566876425587396,0.0,0.058755090168702735,0.0
2025-01-14,2425,17,Nott'm Forest,Liverpool,C Kavanagh,reds,away,0,0.06024123167405966,0.0,0.058755090168702735,0.0
2025-01-14,2425,17,West Ham,Fulham,C Pawson,reds,away,0,0.056486711054136454,0.0,0.058755090168702735,0.0
2025-01-15,2425,17,Arsenal,Tottenham,S Hooper,reds,away,0,0.057281600425486516,0.0,0.058755090168702735,0.0
2025-01-15,2425,17,Everton,Aston Villa,S Barrott,reds,away,0,0.05323122701177972,0.0,0.058755090168702735,0.0
2025-01-15,2425,17,Leicester,Crystal Palace,A Madley,reds,away,0,0.05423024634229049,0.0,0.058755090168702735,0.0
2025-01-15,2425,17,Newcastle,Wolves,D England,reds,away,0,0.06382766313971973,0.0,0.058755090168702735,0.0
2025-01-16,2425,17,Ipswich,Brighton,T Harrington,reds,away,0,0.06030427677923795,0.0,0.058755090168702735,0.0
2025-01-16,2425,17,Man United,Southampton,J Brooks,reds,away,0,0.05432840206244869,0.0,0.058755090168702735,0.0
2025-01-18,2425,17,Arsenal,Aston Villa,C Kavanagh,reds,away,0,0.05627118457906273,0.0,0.058755090168702735,0.0
2025-01-18,2425,17,Brentford,Liverpool,A Madley,reds,away,0,0.058666053866217156,0.0,0.058755090168702735,0.0
2025-01-18,2425,17,Leicester,Fulham,M Salisbury,reds,away,0,0.057624289708417306,0.0,0.058755090168702735,0.0
2025-01-18,2425,17,Newcastle,Bournemouth,S Attwell,reds,away,0,0.058459371871788304,0.0,0.058755090168702735,0.0
2025-01-18,2425,17,West Ham,Crystal Palace,T Bramall,reds,away,0,0.05318116026880555,0.0,0.058755090168702735,0.0
2025-01-19,2425,17,Everton,Tottenham,D England,reds,away,0,0.05423336292596465,0.0,0.058755090168702735,0.0
2025-01-19,2425,17,Ipswich,Man City,S Barrott,reds,away,0,0.05498959399478462,0.0,0.058755090168702735,0.0
2025-01-19,2425,17,Man United,Brighton,P Bankes,reds,away,0,0.05612822683038161,0.0,0.058755090168702735,0.0
2025-01-19,2425,17,Nott'm Forest,Southampton,A Taylor,reds,away,0,0.06269377618100976,0.0,0.058755090168702735,0.0
2025-01-20,2425,17,Chelsea,Wolves,S Hooper,reds,away,0,0.06502385645336138,0.0,0.058755090168702735,0.0
2025-01-14,2425,17,Brentford,Man City,A Taylor,corners,home,4,3.477087096604519,0.07207636602489122,5.2201861469999224,0.1457269513405835
2025-01-14,2425,17,Chelsea,Bournemouth,R Jones,corners,home,9,6.594990104034753,0.07207636602489122,5.2201861469999224,0.1457269513405835
2025-01-14,2425,17,Nott'm Forest,Liverpool,C Kavanagh,corners,home,0,3.9318583523504818,0.07207636602489122,5.2201861469999224,0.1457269513405835
2025-01-14,2425,17,West Ham,Fulham,C Pawson,corners,home,0,5.214759938575731,0.07207636602489122,5.2201861469999224,0.1457269513405835
2025-01-15,2425,17,Arsenal,Tottenham,S Hooper,corners,home,10,7.093587642400619,0.07207636602489122,5.2201861469999224,0.1457269513405835
2025-01-15,2425,17,Everton,Aston Villa,S Barrott,corners,home,8,4.362906852247861,0.07207636602489122,5.2201861469999224,0.1457269513405835
2025-01-15,2425,17,Leicester,Crystal Palace,A Madley,corners,home,4,4.649266591180768,0.07207636602489122,5.2201861469999224,0.1457269513405835
2025-01-15,2425,17,Newcastle,Wolves,D England,corners,home,4,7.145030746857467,0.07207636602489122,5.2201861469999224,0.1457269513405835
2025-01-16,2425,17,Ipswich,Brighton,T Harrington,corners,home,1,4.709697037679947,0.07207636602489122,5.2201861469999224,0.1457269513405835
2025-01-16,2425,17,Man United,Southampton,J Brooks,corners,home,5,6.823979827502584,0.07207636602489122,5.2201861469999224,0.1457269513405835
2025-01-18,2425,17,Arsenal,Aston Villa,C Kavanagh,corners,home,10,5.750608829285515,0.07207636602489122,5.2201861469999224,0.1457269513405835
2025-01-18,2425,17,Brentford,Liverpool,A Madley,corners,home,2,4.297890511983371,0.07207636602489122,5.2201861469999224,0.1457269513405835
2025-01-18,2425,17,Leicester,Fulham,M Salisbury,corners,home,5,4.2275291289006205,0.07207636602489122,5.2201861469999224,0.1457269513405835
2025-01-18,2425,17,Newcastle,Bournemouth,S Attwell,corners,home,7,6.4327445890764885,0.07207636602489122,5.2201861469999224,0.1457269513405835
2025-01-18,2425,17,West Ham,Crystal Palace,T Bramall,corners,home,2,5.665690579130794,0.07207636602489122,5.2201861469999224,0.1457269513405835
2025-01-19,2425,17,Everton,Tottenham,D England,corners,home,3,5.4792848886308105,0.07207636602489122,5.2201861469999224,0.1457269513405835
2025-01-19,2425,17,Ipswich,Man City,S Barrott,corners,home,4,3.328127647356076,0.07207636602489122,5.2201861469999224,0.1457269513405835
2025-01-19,2425,17,Man United,Brighton,P Bankes,corners,home,4,5.53216106152468,0.07207636602489122,5.2201861469999224,0.1457269513405835
2025-01-19,2425,17,Nott'm Forest,Southampton,A Taylor,corners,home,2,5.559248884325888,0.07207636602489122,5.2201861469999224,0.1457269513405835
2025-01-20,2425,17,Chelsea,Wolves,S Hooper,corners,home,3,7.182498806479596,0.07207636602489122,5.2201861469999224,0.1457269513405835
2025-01-14,2425,17,Brentford,Man City,A Taylor,corners,away,5,7.070196329093571,0.07207636602489122,5.2201861469999224,0.1457269513405835
2025-01-14,2425,17,Chelsea,Bournemouth,R Jones,corners,away,3,4.594219763019466,0.07207636602489122,5.2201861469999224,0.1457269513405835
2025-01-14,2425,17,Nott'm Forest,Liverpool,C Kavanagh,corners,away,9,6.865118854936634,0.07207636602489122,5.2201861469999224,0.1457269513405835
2025-01-14,2425,17,West Ham,Fulham,C Pawson,corners,away,3,5.069910351450334,0.07207636602489122,5.2201861469999224,0.1457269513405835
2025-01-15,2425,17,Arsenal,Tottenham,S Hooper,corners,away,4,3.830855658519332,0.07207636602489122,5.2201861469999224,0.1457269513405835
2025-01-15,2425,17,Everton,Aston Villa,S Barrott,corners,away,5,5.905972597686754,0.07207636602489122,5.2201861469999224,0.1457269513405835
2025-01-15,2425,17,Leicester,Crystal Palace,A Madley,corners,away,3,5.232312320788099,0.07207636602489122,5.2201861469999224,0.1457269513405835
2025-01-15,2425,17,Newcastle,Wolves,D England,corners,away,2,3.5253817028990766,0.07207636602489122,5.2201861469999224,0.1457269513405835
2025-01-16,2425,17,Ipswich,Brighton,T Harrington,corners,away,9,5.597485486989421,0.07207636602489122,5.2201861469999224,0.1457269513405835
2025-01-16,2425,17,Man United,Southampton,J Brooks,corners,away,4,4.356020378189776,0.07207636602489122,5.2201861469999224,0.1457269513405835
2025-01-18,2425,17,Arsenal,Aston Villa,C Kavanagh,corners,away,1,3.5444972196186204,0.07207636602489122,5.2201861469999224,0.1457269513405835
2025-01-18,2425,17,Brentford,Liverpool,A Madley,corners,away,15,6.713735213999747,0.07207636602489122,5.2201861469999224,0.1457269513405835
2025-01-18,2425,17,Leicester,Fulham,M Salisbury,corners,away,2,5.485448744629026,0.07207636602489122,5.2201861469999224,0.1457269513405835
2025-01-18,2425,17,Newcastle,Bournemouth,S Attwell,corners,away,6,5.133922343344445,0.07207636602489122,5.2201861469999224,0.1457269513405835
2025-01-18,2425,17,West Ham,Crystal Palace,T Bramall,corners,away,4,4.7775195112893,0.07207636602489122,5.2201861469999224,0.1457269513405835
2025-01-19,2425,17,Everton,Tottenham,D England,corners,away,8,6.498728668018561,0.07207636602489122,5.2201861469999224,0.1457269513405835
2025-01-19,2425,17,Ipswich,Man City,S Barrott,corners,away,7,7.444824036430884,0.07207636602489122,5.2201861469999224,0.1457269513405835
2025-01-19,2425,17,Man United,Brighton,P Bankes,corners,away,2,5.038786434251372,0.07207636602489122,5.2201861469999224,0.1457269513405835
2025-01-19,2425,17,Nott'm Forest,Southampton,A Taylor,corners,away,8,4.704786636743565,0.07207636602489122,5.2201861469999224,0.1457269513405835
2025-01-20,2425,17,Chelsea,Wolves,S Hooper,corners,away,6,3.0933013927017523,0.07207636602489122,5.2201861469999224,0.1457269513405835
2025-01-14,2425,17,Brentford,Man City,A Taylor,fouls,home,4,8.991259169947758,0.00033546262790251185,10.761198372110275,0.015407376060685863
2025-01-14,2425,17,Chelsea,Bournemouth,R Jones,fouls,home,15,11.433841251929698,0.00033546262790251185,10.761198372110275,0.015407376060685863
2025-01-14,2425,17,Nott'm Forest,Liverpool,C Kavanagh,fouls,home,7,9.801195572747517,0.00033546262790251185,10.761198372110275,0.015407376060685863
2025-01-14,2425,17,West Ham,Fulham,C Pawson,fouls,home,9,10.300569992958781,0.00033546262790251185,10.761198372110275,0.015407376060685863
2025-01-15,2425,17,Arsenal,Tottenham,S Hooper,fouls,home,16,11.7978465386684,0.00033546262790251185,10.761198372110275,0.015407376060685863
2025-01-15,2425,17,Everton,Aston Villa,S Barrott,fouls,home,17,12.561671340795831,0.00033546262790251185,10.761198372110275,0.015407376060685863
2025-01-15,2425,17,Leicester,Crystal Palace,A Madley,fouls,home,7,11.706182584632018,0.00033546262790251185,10.761198372110275,0.015407376060685863
2025-01-15,2425,17,Newcastle,Wolves,D England,fouls,home,10,10.281512519364846,0.00033546262790251185,10.761198372110275,0.015407376060685863
2025-01-16,2425,17,Ipswich,Brighton,T Harrington,fouls,home,13,12.016678883078377,0.00033546262790251185,10.761198372110275,0.015407376060685863
2025-01-16,2425,17,Man United,Southampton,J Brooks,fouls,home,7,12.27948464339578,0.00033546262790251185,10.761198372110275,0.015407376060685863
2025-01-18,2425,17,Arsenal,Aston Villa,C Kavanagh,fouls,home,10,11.83987641890952,0.00033546262790251185,10.761198372110275,0.015407376060685863
2025-01-18,2425,17,Brentford,Liverpool,A Madley,fouls,home,6,8.92685270752549,0.00033546262790251185,10.761198372110275,0.015407376060685863
2025-01-18,2425,17,Leicester,Fulham,M Salisbury,fouls,home,8,10.907912459532408,0.00033546262790251185,10.761198372110275,0.015407376060685863
2025-01-18,2425,17,Newcastle,Bournemouth,S Attwell,fouls,home,7,9.009626206761368,0.00033546262790251185,10.761198372110275,0.015407376060685863
2025-01-18,2425,17,West Ham,Crystal Palace,T Bramall,fouls,home,13,11.392673505668178,0.00033546262790251185,10.761198372110275,0.015407376060685863
2025-01-19,2425,17,Everton,Tottenham,D England,fouls,home,14,12.838759482889834,0.00033546262790251185,10.761198372110275,0.015407376060685863
2025-01-19,2425,17,Ipswich,Man City,S Barrott,fouls,home,4,10.940295969968178,0.00033546262790251185,10.761198372110275,0.015407376060685863
2025-01-19,2425,17,Man United,Brighton,P Bankes,fouls,home,13,10.6349147848297,0.00033546262790251185,10.761198372110275,0.015407376060685863
2025-01-19,2425,17,Nott'm Forest,Southampton,A Taylor,fouls,home,4,11.71041233788424,0.00033546262790251185,10.761198372110275,0.015407376060685863
2025-01-20,2425,17,Chelsea,Wolves,S Hooper,fouls,home,8,10.911865354693408,0.00033546262790251185,10.761198372110275,0.015407376060685863
2025-01-14,2425,17,Brentford,Man City,A Taylor,fouls,away,4,8.230662805434635,0.00033546262790251185,10.761198372110275,0.015407376060685863
2025-01-14,2425,17,Chelsea,Bournemouth,R Jones,fouls,away,16,14.507088697864917,0.00033546262790251185,10.761198372110275,0.015407376060685863
2025-01-14,2425,17,Nott'm Forest,Liverpool,C Kavanagh,fouls,away,10,11.291268154503486,0.00033546262790251185,10.761198372110275,0.015407376060685863
2025-01-14,2425,17,West Ham,Fulham,C Pawson,fouls,away,18,10.109344992169069,0.00033546262790251185,10.761198372110275,0.015407376060685863
2025-01-15,2425,17,Arsenal,Tottenham,S Hooper,fouls,away,9,10.564962385308787,0.00033546262790251185,10.761198372110275,0.015407376060685863
2025-01-15,2425,17,Everton,Aston Villa,S Barrott,fouls,away,10,10.184309022303562,0.00033546262790251185,10.761198372110275,0.015407376060685863
2025-01-15,2425,17,Leicester,Crystal Palace,A Madley,fouls,away,6,12.004912568425027,0.00033546262790251185,10.761198372110275,0.015407376060685863
2025-01-15,2425,17,Newcastle,Wolves,D England,fouls,away,13,13.599818274377055,0.00033546262790251185,10.761198372110275,0.015407376060685863
2025-01-16,2425,17,Ipswich,Brighton,T Harrington,fouls,away,14,11.140419210908084,0.00033546262790251185,10.761198372110275,0.015407376060685863
2025-01-16,2425,17,Man United,Southampton,J Brooks,fouls,away,10,10.694615120561034,0.00033546262790251185,10.761198372110275,0.015407376060685863
2025-01-18,2425,17,Arsenal,Aston Villa,C Kavanagh,fouls,away,18,10.630123382529547,0.00033546262790251185,10.761198372110275,0.015407376060685863
2025-01-18,2425,17,Brentford,Liverpool,A Madley,fouls,away,14,11.743268236162672,0.00033546262790251185,10.761198372110275,0.015407376060685863
2025-01-18,2425,17,Leicester,Fulham,M Salisbury,fouls,away,8,11.235712382036443,0.00033546262790251185,10.761198372110275,0.015407376060685863
2025-01-18,2425,17,Newcastle,Bournemouth,S Attwell,fouls,away,18,12.60293322109851,0.00033546262790251185,10.761198372110275,0.015407376060685863
2025-01-18,2425,17,West Ham,Crystal Palace,T Bramall,fouls,away,10,11.13197314092148,0.00033546262790251185,10.761198372110275,0.015407376060685863
2025-01-19,2425,17,Everton,Tottenham,D England,fouls,away,14,10.382006144591834,0.00033546262790251185,10.761198372110275,0.015407376060685863
2025-01-19,2425,17,Ipswich,Man City,S Barrott,fouls,away,7,8.088410949253026,0.00033546262790251185,10.761198372110275,0.015407376060685863
2025-01-19,2425,17,Man United,Brighton,P Bankes,fouls,away,12,9.409602404767591,0.00033546262790251185,10.761198372110275,0.015407376060685863
2025-01-19,2425,17,Nott'm Forest,Southampton,A Taylor,fouls,away,18,11.58751305600564,0.00033546262790251185,10.761198372110275,0.015407376060685863
2025-01-20,2425,17,Chelsea,Wolves,S Hooper,fouls,away,14,13.091769230745939,0.00033546262790251185,10.761198372110275,0.015407376060685863
2025-01-25,2425,18,Bournemouth,Nott'm Forest,C Pawson,yellows,home,2,2.3113116553494675,0.00033546262790251185,1.8105232890548641,0.00033546262790251185
2025-01-25,2425,18,Brighton,Everton,T Robinson,yellows,home,3,1.4947189924283493,0.00033546262790251185,1.8105232890548641,0.00033546262790251185
2025-01-25,2425,18,Liverpool,Ipswich,M Salisbury,yellows,home,0,1.491764181099857,0.00033546262790251185,1.8105232890548641,0.00033546262790251185
2025-01-25,2425,18,Man City,Chelsea,J Brooks,yellows,home,3,1.8932847643602504,0.00033546262790251185,1.8105232890548641,0.00033546262790251185
2025-01-25,2425,18,Southampton,Newcastle,S Barrott,yellows,home,1,2.706698239762687,0.00033546262790251185,1.8105232890548641,0.00033546262790251185
2025-01-25,2425,18,Wolves,Arsenal,M Oliver,yellows,home,0,2.2450695003213856,0.00033546262790251185,1.8105232890548641,0.00033546262790251185
2025-01-26,2425,18,Aston Villa,West Ham,P Bankes,yellows,home,2,1.6720097792629622,0.00033546262790251185,1.8105232890548641,0.00033546262790251185
2025-01-26,2425,18,Crystal Palace,Brentford,T Harrington,yellows,home,2,1.592062938489442,0.00033546262790251185,1.8105232890548641,0.00033546262790251185
2025-01-26,2425,18,Fulham,Man United,A Taylor,yellows,home,0,1.810244002967438,0.00033546262790251185,1.8105232890548641,0.00033546262790251185
2025-01-26,2425,18,Tottenham,Leicester,R Jones,yellows,home,1,1.6574648595055603,0.00033546262790251185,1.8105232890548641,0.00033546262790251185
2025-01-25,2425,18,Bournemouth,Nott'm Forest,C Pawson,yellows,away,3,2.22381407702944,0.00033546262790251185,1.8105232890548641,0.00033546262790251185
2025-01-25,2425,18,Brighton,Everton,T Robinson,yellows,away,4,2.509233348350913,0.00033546262790251185,1.8105232890548641,0.00033546262790251185
2025-01-25,2425,18,Liverpool,Ipswich,M Salisbury,yellows,away,2,2.626903335623698,0.00033546262790251185,1.8105232890548641,0.00033546262790251185
2025-01-25,2425,18,Man City,Chelsea,J Brooks,yellows,away,2,2.796170273527765,0.00033546262790251185,1.8105232890548641,0.00033546262790251185
2025-01-25,2425,18,Southampton,Newcastle,S Barrott,yellows,away,0,1.8020526947652695,0.00033546262790251185,1.8105232890548641,0.00033546262790251185
2025-01-25,2425,18,Wolves,Arsenal,M Oliver,yellows,away,1,2.1304069637441967,0.00033546262790251185,1.8105232890548641,0.00033546262790251185
2025-01-26,2425,18,Aston Villa,West Ham,P Bankes,yellows,away,3,2.367663764186696,0.00033546262790251185,1.8105232890548641,0.00033546262790251185
2025-01-26,2425,18,Crystal Palace,Brentford,T Harrington,yellows,away,2,1.7828732083483532,0.00033546262790251185,1.8105232890548641,0.00033546262790251185
2025-01-26,2425,18,Fulham,Man United,A Taylor,yellows,away,1,1.9440390290998149,0.00033546262790251185,1.8105232890548641,0.00033546262790251185
2025-01-26,2425,18,Tottenham,Leicester,R Jones,yellows,away,5,2.456206119643495,0.00033546262790251185,1.8105232890548641,0.00033546262790251185
2025-01-25,2425,18,Bournemouth,Nott'm Forest,C Pawson,reds,home,0,0.05868866150124878,0.0,0.05836687751581369,0.0
2025-01-25,2425,18,Brighton,Everton,T Robinson,reds,home,0,0.054705266882239485,0.0,0.05836687751581369,0.0
2025-01-25,2425,18,Liverpool,Ipswich,M Salisbury,reds,home,0,0.055518293885134865,0.0,0.05836687751581369,0.0
2025-01-25,2425,18,Man City,Chelsea,J Brooks,reds,home,0,0.058808909467166194,0.0,0.05836687751581369,0.0
2025-01-25,2425,18,Southampton,Newcastle,S Barrott,reds,home,0,0.0612204764041173,0.0,0.05836687751581369,0.0
2025-01-25,2425,18,Wolves,Arsenal,M Oliver,reds,home,1,0.05781947017616068,0.0,0.05836687751581369,0.0
2025-01-26,2425,18,Aston Villa,West Ham,P Bankes,reds,home,0,0.05372719041951615,0.0,0.05836687751581369,0.0
2025-01-26,2425,18,Crystal Palace,Brentford,T Harrington,reds,home,0,0.05921926549721289,0.0,0.05836687751581369,0.0
2025-01-26,2425,18,Fulham,Man United,A Taylor,reds,home,0,0.05596150816442904,0.0,0.05836687751581369,0.0
2025-01-26,2425,18,Tottenham,Leicester,R Jones,reds,home,0,0.05580154847322738,0.0,0.05836687751581369,0.0
2025-01-25,2425,18,Bournemouth,Nott'm Forest,C Pawson,reds,away,0,0.05531726491024548,0.0,0.05836687751581369,0.0
2025-01-25,2425,18,Brighton,Everton,T Robinson,reds,away,0,0.06103863802392591,0.0,0.05836687751581369,0.0
2025-01-25,2425,18,Liverpool,Ipswich,M Salisbury,reds,away,0,0.058913787967655305,0.0,0.05836687751581369,0.0
2025-01-25,2425,18,Man City,Chelsea,J Brooks,reds,away,0,0.05883895980399228,0.0,0.05836687751581369,0.0
2025-01-25,2425,18,Southampton,Newcastle,S Barrott,reds,away,0,0.052838218066706244,0.0,0.05836687751581369,0.0
2025-01-25,2425,18,Wolves,Arsenal,M Oliver,reds,away,1,0.06445695303141674,0.0,0.05836687751581369,0.0
2025-01-26,2425,18,Aston Villa,West Ham,P Bankes,reds,away,0,0.06439770946733331,0.0,0.05836687751581369,0.0
2025-01-26,2425,18,Crystal Palace,Brentford,T Harrington,reds,away,0,0.06121837495092875,0.0,0.05836687751581369,0.0
2025-01-26,2425,18,Fulham,Man United,A Taylor,reds,away,0,0.055929090530081195,0.0,0.05836687751581369,0.0
2025-01-26,2425,18,Tottenham,Leicester,R Jones,reds,away,0,0.058746577445983036,0.0,0.05836687751581369,0.0
2025-01-25,2425,18,Bournemouth,Nott'm Forest,C Pawson,corners,home,3,7.652661997980163,0.0744215831416984,5.215641180806849,0.14658831919048954
2025-01-25,2425,18,Brighton,Everton,T Robinson,corners,home,9,6.49930031988302,0.0744215831416984,5.215641180806849,0.14658831919048954
2025-01-25,2425,18,Liverpool,Ipswich,M Salisbury,corners,home,3,9.115971909294599,0.0744215831416984,5.215641180806849,0.14658831919048954
2025-01-25,2425,18,Man City,Chelsea,J Brooks,corners,home,2,6.6055623974938795,0.0744215831416984,5.215641180806849,0.14658831919048954
2025-01-25,2425,18,Southampton,Newcastle,S Barrott,corners,home,3,4.947480731062285,0.0744215831416984,5.215641180806849,0.14658831919048954
2025-01-25,2425,18,Wolves,Arsenal,M Oliver,corners,home,1,2.9834289447721605,0.0744215831416984,5.215641180806849,0.14658831919048954
2025-01-26,2425,18,Aston Villa,West Ham,P Bankes,corners,home,4,6.884644718208246,0.0744215831416984,5.215641180806849,0.14658831919048954
2025-01-26,2425,18,Crystal Palace,Brentford,T Harrington,corners,home,4,6.215219157974685,0.0744215831416984,5.215641180806849,0.14658831919048954
2025-01-26,2425,18,Fulham,Man United,A Taylor,corners,home,3,5.992599458742432,0.0744215831416984,5.215641180806849,0.14658831919048954
2025-01-26,2425,18,Tottenham,Leicester,R Jones,corners,home,6,8.19452989589997,0.0744215831416984,5.215641180806849,0.14658831919048954
2025-01-25,2425,18,Bournemouth,Nott'm Forest,C Pawson,corners,away,9,3.942573991241199,0.0744215831416984,5.215641180806849,0.14658831919048954
2025-01-25,2425,18,Brighton,Everton,T Robinson,corners,away,1,3.8180732269153914,0.0744215831416984,5.215641180806849,0.14658831919048954
2025-01-25,2425,18,Liverpool,Ipswich,M Salisbury,corners,away,4,3.1529482489572223,0.0744215831416984,5.215641180806849,0.14658831919048954
2025-01-25,2425,18,Man City,Chelsea,J Brooks,corners,away,4,3.418418989018784,0.0744215831416984,5.215641180806849,0.14658831919048954
2025-01-25,2425,18,Southampton,Newcastle,S Barrott,corners,away,8,5.648418639998468,0.0744215831416984,5.215641180806849,0.14658831919048954
2025-01-25,2425,18,Wolves,Arsenal,M Oliver,corners,away,5,6.236822438711857,0.0744215831416984,5.215641180806849,0.14658831919048954
2025-01-26,2425,18,Aston Villa,West Ham,P Bankes,corners,away,3,3.8352891441798973,0.0744215831416984,5.215641180806849,0.14658831919048954
2025-01-26,2425,18,Crystal Palace,Brentford,T Harrington,corners,away,7,4.313348676853854,0.0744215831416984,5.215641180806849,0.14658831919048954
2025-01-26,2425,18,Fulham,Man United,A Taylor,corners,away,0,4.462179128301961,0.0744215831416984,5.215641180806849,0.14658831919048954
2025-01-26,2425,18,Tottenham,Leicester,R Jones,corners,away,4,3.9346763118000743,0.0744215831416984,5.215641180806849,0.14658831919048954
2025-01-25,2425,18,Bournemouth,Nott'm Forest,C Pawson,fouls,home,9,12.40463598929696,0.00033546262790251185,10.76250718100324,0.01598152359721459
2025-01-25,2425,18,Brighton,Everton,T Robinson,fouls,home,8,10.729533600708441,0.00033546262790251185,10.76250718100324,0.01598152359721459
2025-01-25,2425,18,Liverpool,Ipswich,M Salisbury,fouls,home,10,11.307362539682346,0.00033546262790251185,10.76250718100324,0.01598152359721459
2025-01-25,2425,18,Man City,Chelsea,J Brooks,fouls,home,6,9.176326853144168,0.00033546262790251185,10.76250718100324,0.01598152359721459
2025-01-25,2425,18,Southampton,Newcastle,S Barrott,fouls,home,10,12.548917255339486,0.00033546262790251185,10.76250718100324,0.01598152359721459
2025-01-25,2425,18,Wolves,Arsenal,M Oliver,fouls,home,20,11.684924144683642,0.00033546262790251185,10.76250718100324,0.01598152359721459
2025-01-26,2425,18,Aston Villa,West Ham,P Bankes,fouls,home,13,9.813895951521019,0.00033546262790251185,10.76250718100324,0.01598152359721459
2025-01-26,2425,18,Crystal Palace,Brentford,T Harrington,fouls,home,8,10.686063465268688,0.00033546262790251185,10.76250718100324,0.01598152359721459
2025-01-26,2425,18,Fulham,Man United,A Taylor,fouls,home,7,9.053294582213606,0.00033546262790251185,10.76250718100324,0.01598152359721459
2025-01-26,2425,18,Tottenham,Leicester,R Jones,fouls,home,6,11.537314285350687,0.00033546262790251185,10.76250718100324,0.01598152359721459
2025-01-25,2425,18,Bournemouth,Nott'm Forest,C Pawson,fouls,away,12,10.59903376637694,0.00033546262790251185,10.76250718100324,0.01598152359721459
2025-01-25,2425,18,Brighton,Everton,T Robinson,fouls,away,11,12.582865195022148,0.00033546262790251185,10.76250718100324,0.01598152359721459
2025-01-25,2425,18,Liverpool,Ipswich,M Salisbury,fouls,away,11,10.924450916867388,0.00033546262790251185,10.76250718100324,0.01598152359721459
2025-01-25,2425,18,Man City,Chelsea,J Brooks,fouls,away,8,11.356923401468478,0.00033546262790251185,10.76250718100324,0.01598152359721459
2025-01-25,2425,18,Southampton,Newcastle,S Barrott,fouls,away,5,10.926601283683054,0.00033546262790251185,10.76250718100324,0.01598152359721459
2025-01-25,2425,18,Wolves,Arsenal,M Oliver,fouls,away,10,10.840787493496904,0.00033546262790251185,10.76250718100324,0.01598152359721459
2025-01-26,2425,18,Aston Villa,West Ham,P Bankes,fouls,away,16,11.630194217786622,0.00033546262790251185,10.76250718100324,0.01598152359721459
2025-01-26,2425,18,Crystal Palace,Brentford,T Harrington,fouls,away,11,9.92724302162789,0.00033546262790251185,10.76250718100324,0.01598152359721459
2025-01-26,2425,18,Fulham,Man United,A Taylor,fouls,away,9,10.620434922590926,0.00033546262790251185,10.76250718100324,0.01598152359721459
2025-01-26,2425,18,Tottenham,Leicester,R Jones,fouls,away,16,13.49274318447984,0.00033546262790251185,10.76250718100324,0.01598152359721459
2025-02-01,2425,19,Bournemouth,Liverpool,D England,yellows,home,2,2.293739293384282,0.00033546262790251185,1.8107489994476509,0.00033546262790251185
2025-02-01,2425,19,Everton,Leicester,D Bond,yellows,home,0,1.7620215333507334,0.00033546262790251185,1.8107489994476509,0.00033546262790251185
2025-02-01,2425,19,Ipswich,Southampton,M Oliver,yellows,home,0,1.8366301237053264,0.00033546262790251185,1.8107489994476509,0.00033546262790251185
2025-02-01,2425,19,Newcastle,Fulham,C Kavanagh,yellows,home,4,1.5785842086927608,0.00033546262790251185,1.8107489994476509,0.00033546262790251185
2025-02-01,2425,19,Nott'm Forest,Brighton,S Hooper,yellows,home,1,2.2004897815159565,0.00033546262790251185,1.8107489994476509,0.00033546262790251185
2025-02-01,2425,19,Wolves,Aston Villa,A Madley,yellows,home,2,2.3040294338447174,0.00033546262790251185,1.8107489994476509,0.00033546262790251185
2025-02-02,2425,19,Arsenal,Man City,P Bankes,yellows,home,2,1.7354766865796079,0.00033546262790251185,1.8107489994476509,0.00033546262790251185
2025-02-02,2425,19,Brentford,Tottenham,J Gillett,yellows,home,0,1.9765991788263242,0.00033546262790251185,1.8107489994476509,0.00033546262790251185
2025-02-02,2425,19,Man United,Crystal Palace,J Brooks,yellows,home,3,1.9021313024067363,0.00033546262790251185,1.8107489994476509,0.00033546262790251185
2025-02-03,2425,19,Chelsea,West Ham,S Attwell,yellows,home,3,1.867930217713838,0.00033546262790251185,1.8107489994476509,0.00033546262790251185
2025-02-01,2425,19,Bournemouth,Liverpool,D England,yellows,away,3,2.0926472082322816,0.00033546262790251185,1.8107489994476509,0.00033546262790251185
2025-02-01,2425,19,Everton,Leicester,D Bond,yellows,away,0,1.8294648554353783,0.00033546262790251185,1.8107489994476509,0.00033546262790251185
2025-02-01,2425,19,Ipswich,Southampton,M Oliver,yellows,away,3,2.127020263635889,0.00033546262790251185,1.8107489994476509,0.00033546262790251185
2025-02-01,2425,19,Newcastle,Fulham,C Kavanagh,yellows,away,4,2.5427419144647456,0.00033546262790251185,1.8107489994476509,0.00033546262790251185
2025-02-01,2425,19,Nott'm Forest,Brighton,S Hooper,yellows,away,3,2.4602579583318818,0.00033546262790251185,1.8107489994476509,0.00033546262790251185
2025-02-01,2425,19,Wolves,Aston Villa,A Madley,yellows,away,3,2.393612331634779,0.00033546262790251185,1.8107489994476509,0.00033546262790251185
2025-02-02,2425,19,Arsenal,Man City,P Bankes,yellows,away,0,1.885725756295753,0.00033546262790251185,1.8107489994476509,0.00033546262790251185
2025-02-02,2425,19,Brentford,Tottenham,J Gillett,yellows,away,1,1.9221658412544897,0.00033546262790251185,1.8107489994476509,0.00033546262790251185
2025-02-02,2425,19,Man United,Crystal Palace,J Brooks,yellows,away,1,2.075760665349692,0.00033546262790251185,1.8107489994476509,0.00033546262790251185
2025-02-03,2425,19,Chelsea,West Ham,S Attwell,yellows,away,1,2.390606504224604,0.00033546262790251185,1.8107489994476509,0.00033546262790251185
2025-02-01,2425,19,Bournemouth,Liverpool,D England,reds,home,0,0.054885044572780865,0.0,0.058604917095483135,0.0
2025-02-01,2425,19,Everton,Leicester,D Bond,reds,home,0,0.056773112834857004,0.0,0.058604917095483135,0.0
2025-02-01,2425,19,Ipswich,Southampton,M Oliver,reds,home,0,0.05692848654695932,0.0,0.058604917095483135,0.0
2025-02-01,2425,19,Newcastle,Fulham,C Kavanagh,reds,home,0,0.05600141415821663,0.0,0.058604917095483135,0.0
2025-02-01,2425,19,Nott'm Forest,Brighton,S Hooper,reds,home,0,0.05816601298523397,0.0,0.058604917095483135,0.0
2025-02-01,2425,19,Wolves,Aston Villa,A Madley,reds,home,0,0.06562622942490699,0.0,0.058604917095483135,0.0
2025-02-02,2425,19,Arsenal,Man City,P Bankes,reds,home,0,0.06318440006490028,0.0,0.058604917095483135,0.0
2025-02-02,2425,19,Brentford,Tottenham,J Gillett,reds,home,0,0.06345201859207818,0.0,0.058604917095483135,0.0
2025-02-02,2425,19,Man United,Crystal Palace,J Brooks,reds,home,0,0.05874110349831581,0.0,0.058604917095483135,0.0
2025-02-03,2425,19,Chelsea,West Ham,S Attwell,reds,home,0,0.0547147794916828,0.0,0.058604917095483135,0.0
2025-02-01,2425,19,Bournemouth,Liverpool,D England,reds,away,0,0.05398958252095,0.0,0.058604917095483135,0.0
2025-02-01,2425,19,Everton,Leicester,D Bond,reds,away,0,0.04810035557006661,0.0,0.058604917095483135,0.0
2025-02-01,2425,19,Ipswich,Southampton,M Oliver,reds,away,0,0.057814915075336065,0.0,0.058604917095483135,0.0
2025-02-01,2425,19,Newcastle,Fulham,C Kavanagh,reds,away,0,0.06364206189072122,0.0,0.058604917095483135,0.0
2025-02-01,2425,19,Nott'm Forest,Brighton,S Hooper,reds,away,0,0.06412300349809424,0.0,0.058604917095483135,0.0
2025-02-01,2425,19,Wolves,Aston Villa,A Madley,reds,away,0,0.061096434122033895,0.0,0.058604917095483135,0.0
2025-02-02,2425,19,Arsenal,Man City,P Bankes,reds,away,0,0.053710770777354026,0.0,0.058604917095483135,0.0
2025-02-02,2425,19,Brentford,Tottenham,J Gillett,reds,away,0,0.06143267966047503,0.0,0.058604917095483135,0.0
2025-02-02,2425,19,Man United,Crystal Palace,J Brooks,reds,away,0,0.05269051616853008,0.0,0.058604917095483135,0.0
2025-02-03,2425,19,Chelsea,West Ham,S Attwell,reds,away,0,0.06440862650491419,0.0,0.058604917095483135,0.0
2025-02-01,2425,19,Bournemouth,Liverpool,D England,corners,home,3,5.1226706689808115,0.07823653814734682,5.209548328207488,0.14676403734647214
2025-02-01,2425,19,Everton,Leicester,D Bond,corners,home,5,5.625471790230396,0.07823653814734682,5.209548328207488,0.14676403734647214
2025-02-01,2425,19,Ipswich,Southampton,M Oliver,corners,home,1,5.625842370672347,0.07823653814734682,5.209548328207488,0.14676403734647214
2025-02-01,2425,19,Newcastle,Fulham,C Kavanagh,corners,home,4,5.7097691434488675,0.07823653814734682,5.209548328207488,0.14676403734647214
2025-02-01,2425,19,Nott'm Forest,Brighton,S Hooper,corners,home,4,4.26010307188399,0.07823653814734682,5.209548328207488,0.14676403734647214
2025-02-01,2425,19,Wolves,Aston Villa,A Madley,corners,home,5,4.054660883996171,0.07823653814734682,5.209548328207488,0.14676403734647214
2025-02-02,2425,19,Arsenal,Man City,P Bankes,corners,home,5,4.543750882288718,0.07823653814734682,5.209548328207488,0.14676403734647214
2025-02-02,2425,19,Brentford,Tottenham,J Gillett,corners,home,10,5.653848013648774,0.07823653814734682,5.209548328207488,0.14676403734647214
2025-02-02,2425,19,Man United,Crystal Palace,J Brooks,corners,home,11,5.832301193283203,0.07823653814734682,5.209548328207488,0.14676403734647214
2025-02-03,2425,19,Chelsea,West Ham,S Attwell,corners,home,4,6.516576247366311,0.07823653814734682,5.209548328207488,0.14676403734647214
2025-02-01,2425,19,Bournemouth,Liverpool,D England,corners,away,3,6.6041128433000456,0.07823653814734682,5.209548328207488,0.14676403734647214
2025-02-01,2425,19,Everton,Leicester,D Bond,corners,away,6,4.172224163524406,0.07823653814734682,5.209548328207488,0.14676403734647214
2025-02-01,2425,19,Ipswich,Southampton,M Oliver,corners,away,2,4.91755267848579,0.07823653814734682,5.209548328207488,0.14676403734647214
2025-02-01,2425,19,Newcastle,Fulham,C Kavanagh,corners,away,7,4.4680942412372655,0.07823653814734682,5.209548328207488,0.14676403734647214
2025-02-01,2425,19,Nott'm Forest,Brighton,S Hooper,corners,away,6,5.57868165930056,0.07823653814734682,5.209548328207488,0.14676403734647214
2025-02-01,2425,19,Wolves,Aston Villa,A Madley,corners,away,8,5.9816655734222515,0.07823653814734682,5.209548328207488,0.14676403734647214
2025-02-02,2425,19,Arsenal,Man City,P Bankes,corners,away,2,4.040991520933825,0.07823653814734682,5.209548328207488,0.14676403734647214
2025-02-02,2425,19,Brentford,Tottenham,J Gillett,corners,away,3,6.763691363638261,0.07823653814734682,5.209548328207488,0.14676403734647214
2025-02-02,2425,19,Man United,Crystal Palace,J Brooks,corners,away,0,4.5916522570593825,0.07823653814734682,5.209548328207488,0.14676403734647214
2025-02-03,2425,19,Chelsea,West Ham,S Attwell,corners,away,3,3.635913786805018,0.07823653814734682,5.209548328207488,0.14676403734647214
2025-02-01,2425,19,Bournemouth,Liverpool,D England,fouls,home,15,11.206965591266872,0.00033546262790251185,10.759862803555519,0.01604702664747332
2025-02-01,2425,19,Everton,Leicester,D Bond,fouls,home,7,11.259702263459829,0.00033546262790251185,10.759862803555519,0.01604702664747332
2025-02-01,2425,19,Ipswich,Southampton,M Oliver,fouls,home,11,11.820649487301852,0.00033546262790251185,10.759862803555519,0.01604702664747332
2025-02-01,2425,19,Newcastle,Fulham,C Kavanagh,fouls,home,10,9.573448327272846,0.00033546262790251185,10.759862803555519,0.01604702664747332
2025-02-01,2425,19,Nott'm Forest,Brighton,S Hooper,fouls,home,8,10.890081166963943,0.00033546262790251185,10.759862803555519,0.01604702664747332
2025-02-01,2425,19,Wolves,Aston Villa,A Madley,fouls,home,20,14.276374479087819,0.00033546262790251185,10.759862803555519,0.01604702664747332
2025-02-02,2425,19,Arsenal,Man City,P Bankes,fouls,home,6,9.519100448238214,0.00033546262790251185,10.759862803555519,0.01604702664747332
2025-02-02,2425,19,Brentford,Tottenham,J Gillett,fouls,home,4,10.312380442329026,0.00033546262790251185,10.759862803555519,0.01604702664747332
2025-02-02,2425,19,Man United,Crystal Palace,J Brooks,fouls,home,12,11.364411510705406,0.00033546262790251185,10.759862803555519,0.01604702664747332
2025-02-03,2425,19,Chelsea,West Ham,S Attwell,fouls,home,11,9.901592183659062,0.00033546262790251185,10.759862803555519,0.01604702664747332
2025-02-01,2425,19,Bournemouth,Liverpool,D England,fouls,away,9,11.32208741924323,0.00033546262790251185,10.759862803555519,0.01604702664747332
2025-02-01,2425,19,Everton,Leicester,D Bond,fouls,away,13,10.530558578113654,0.00033546262790251185,10.759862803555519,0.01604702664747332
2025-02-01,2425,19,Ipswich,Southampton,M Oliver,fouls,away,14,11.775454155019235,0.00033546262790251185,10.759862803555519,0.01604702664747332
2025-02-01,2425,19,Newcastle,Fulham,C Kavanagh,fouls,away,15,11.772180150081123,0.00033546262790251185,10.759862803555519,0.01604702664747332
2025-02-01,2425,19,Nott'm Forest,Brighton,S Hooper,fouls,away,13,11.330334802368686,0.00033546262790251185,10.759862803555519,0.01604702664747332
2025-02-01,2425,19,Wolves,Aston Villa,A Madley,fouls,away,13,11.624812380884478,0.00033546262790251185,10.759862803555519,0.01604702664747332
2025-02-02,2425,19,Arsenal,Man City,P Bankes,fouls,away,7,8.01560747201086,0.00033546262790251185,10.759862803555519,0.01604702664747332
2025-02-02,2425,19,Brentford,Tottenham,J Gillett,fouls,away,11,10.52691899369231,0.00033546262790251185,10.759862803555519,0.01604702664747332
2025-02-02,2425,19,Man United,Crystal Palace,J Brooks,fouls,away,13,10.075930655278327,0.00033546262790251185,10.759862803555519,0.01604702664747332
2025-02-03,2425,19,Chelsea,West Ham,S Attwell,fouls,away,10,11.060011308828543,0.00033546262790251185,10.759862803555519,0.01604702664747332
2025-02-12,2425,20,Everton,Liverpool,M Oliver,yellows,home,2,2.1386842146063656,0.00033546262790251185,1.8106878909051491,0.00033546262790251185
2025-02-14,2425,20,Brighton,Chelsea,K Kavanagh,yellows,home,1,2.266341455092629,0.00033546262790251185,1.8106878909051491,0.00033546262790251185
2025-02-15,2425,20,Aston Villa,Ipswich,R Jones,yellows,home,0,1.710236823963431,0.00033546262790251185,1.8106878909051491,0.00033546262790251185
2025-02-15,2425,20,Crystal Palace,Everton,A Taylor,yellows,home,0,1.3231060449194993,0.00033546262790251185,1.8106878909051491,0.00033546262790251185
2025-02-15,2425,20,Fulham,Nott'm Forest,T Bramall,yellows,home,0,2.1606304424417573,0.00033546262790251185,1.8106878909051491,0.00033546262790251185
2025-02-15,2425,20,Leicester,Arsenal,S Barrott,yellows,home,2,1.9750057795868552,0.00033546262790251185,1.8106878909051491,0.00033546262790251185
2025-02-15,2425,20,Man City,Newcastle,A Madley,yellows,home,0,1.833618888896975,0.00033546262790251185,1.8106878909051491,0.00033546262790251185
2025-02-15,2425,20,Southampton,Bournemouth,J Gillett,yellows,home,1,2.3550125922240506,0.00033546262790251185,1.8106878909051491,0.00033546262790251185
2025-02-15,2425,20,West Ham,Brentford,D England,yellows,home,1,1.608347670137535,0.00033546262790251185,1.8106878909051491,0.00033546262790251185
2025-02-16,2425,20,Liverpool,Wolves,S Hooper,yellows,home,2,1.8885680655057524,0.00033546262790251185,1.8106878909051491,0.00033546262790251185
2025-02-16,2425,20,Tottenham,Man United,P Bankes,yellows,home,1,1.701801539559623,0.00033546262790251185,1.8106878909051491,0.00033546262790251185
2025-02-12,2425,20,Everton,Liverpool,M Oliver,yellows,away,2,1.5839407561840029,0.00033546262790251185,1.8106878909051491,0.00033546262790251185
2025-02-14,2425,20,Brighton,Chelsea,K Kavanagh,yellows,away,2,2.975789144002892,0.00033546262790251185,1.8106878909051491,0.00033546262790251185
2025-02-15,2425,20,Aston Villa,Ipswich,R Jones,yellows,away,3,2.716573344339435,0.00033546262790251185,1.8106878909051491,0.00033546262790251185
2025-02-15,2425,20,Crystal Palace,Everton,A Taylor,yellows,away,1,1.9927099257765755,0.00033546262790251185,1.8106878909051491,0.00033546262790251185
2025-02-15,2425,20,Fulham,Nott'm Forest,T Bramall,yellows,away,0,2.0258409328014717,0.00033546262790251185,1.8106878909051491,0.00033546262790251185
2025-02-15,2425,20,Leicester,Arsenal,S Barrott,yellows,away,1,1.659940937220134,0.00033546262790251185,1.8106878909051491,0.00033546262790251185
2025-02-15,2425,20,Man City,Newcastle,A Madley,yellows,away,1,2.102367950133527,0.00033546262790251185,1.8106878909051491,0.00033546262790251185
2025-02-15,2425,20,Southampton,Bournemouth,J Gillett,yellows,away,3,2.0062124597558566,0.00033546262790251185,1.8106878909051491,0.00033546262790251185
2025-02-15,2425,20,West Ham,Brentford,D England,yellows,away,1,1.6369745544232668,0.00033546262790251185,1.8106878909051491,0.00033546262790251185
2025-02-16,2425,20,Liverpool,Wolves,S Hooper,yellows,away,2,2.528811379683472,0.00033546262790251185,1.8106878909051491,0.00033546262790251185
2025-02-16,2425,20,Tottenham,Man United,P Bankes,yellows,away,2,2.465094856484996,0.00033546262790251185,1.8106878909051491,0.00033546262790251185
2025-02-12,2425,20,Everton,Liverpool,M Oliver,reds,home,1,0.05966213873496895,0.0,0.05827174530983513,0.0
2025-02-14,2425,20,Brighton,Chelsea,K Kavanagh,reds,home,0,0.06410729409900005,0.0,0.05827174530983513,0.0
2025-02-15,2425,20,Aston Villa,Ipswich,R Jones,reds,home,0,0.0572247290344584,0.0,0.05827174530983513,0.0
2025-02-15,2425,20,Crystal Palace,Everton,A Taylor,reds,home,0,0.05154364779527692,0.0,0.05827174530983513,0.0
2025-02-15,2425,20,Fulham,Nott'm Forest,T Bramall,reds,home,0,0.06409990810354699,0.0,0.05827174530983513,0.0
2025-02-15,2425,20,Leicester,Arsenal,S Barrott,reds,home,0,0.051447931254856936,0.0,0.05827174530983513,0.0
2025-02-15,2425,20,Man City,Newcastle,A Madley,reds,home,0,0.05736977054293713,0.0,0.05827174530983513,0.0
2025-02-15,2425,20,Southampton,Bournemouth,J Gillett,reds,home,0,0.055817417422838744,0.0,0.05827174530983513,0.0
2025-02-15,2425,20,West Ham,Brentford,D England,reds,home,0,0.06206353016316423,0.0,0.05827174530983513,0.0
2025-02-16,2425,20,Liverpool,Wolves,S Hooper,reds,home,0,0.05853782387838397,0.0,0.05827174530983513,0.0
2025-02-16,2425,20,Tottenham,Man United,P Bankes,reds,home,0,0.054375336812115274,0.0,0.05827174530983513,0.0
2025-02-12,2425,20,Everton,Liverpool,M Oliver,reds,away,1,0.050626799030839297,0.0,0.05827174530983513,0.0
2025-02-14,2425,20,Brighton,Chelsea,K Kavanagh,reds,away,0,0.05963985126975265,0.0,0.05827174530983513,0.0
2025-02-15,2425,20,Aston Villa,Ipswich,R Jones,reds,away,1,0.06288370893588577,0.0,0.05827174530983513,0.0
2025-02-15,2425,20,Crystal Palace,Everton,A Taylor,reds,away,0,0.06408609259624498,0.0,0.05827174530983513,0.0
2025-02-15,2425,20,Fulham,Nott'm Forest,T Bramall,reds,away,0,0.058113496849805185,0.0,0.05827174530983513,0.0
2025-02-15,2425,20,Leicester,Arsenal,S Barrott,reds,away,0,0.059524429831773557,0.0,0.05827174530983513,0.0
2025-02-15,2425,20,Man City,Newcastle,A Madley,reds,away,0,0.05433662131789697,0.0,0.05827174530983513,0.0
2025-02-15,2425,20,Southampton,Bournemouth,J Gillett,reds,away,0,0.052659285981854834,0.0,0.05827174530983513,0.0
2025-02-15,2425,20,West Ham,Brentford,D England,reds,away,0,0.052562217249976395,0.0,0.05827174530983513,0.0
2025-02-16,2425,20,Liverpool,Wolves,S Hooper,reds,away,0,0.060706756931979654,0.0,0.05827174530983513,0.0
2025-02-16,2425,20,Tottenham,Man United,P Bankes,reds,away,0,0.06057160242702757,0.0,0.05827174530983513,0.0
2025-02-12,2425,20,Everton,Liverpool,M Oliver,corners,home,2,3.957278398791382,0.0797722671350404,5.206083003305117,0.14684022449062242
2025-02-14,2425,20,Brighton,Chelsea,K Kavanagh,corners,home,2,4.979714968032644,0.0797722671350404,5.206083003305117,0.14684022449062242
2025-02-15,2425,20,Aston Villa,Ipswich,R Jones,corners,home,16,7.434160590164564,0.0797722671350404,5.206083003305117,0.14684022449062242
2025-02-15,2425,20,Crystal Palace,Everton,A Taylor,corners,home,6,5.981812590993396,0.0797722671350404,5.206083003305117,0.14684022449062242
2025-02-15,2425,20,Fulham,Nott'm Forest,T Bramall,corners,home,8,6.545634323694648,0.0797722671350404,5.206083003305117,0.14684022449062242
2025-02-15,2425,20,Leicester,Arsenal,S Barrott,corners,home,3,2.8958660585323424,0.0797722671350404,5.206083003305117,0.14684022449062242
2025-02-15,2425,20,Man City,Newcastle,A Madley,corners,home,7,7.40322100481376,0.0797722671350404,5.206083003305117,0.14684022449062242
2025-02-15,2425,20,Southampton,Bournemouth,J Gillett,corners,home,4,5.349317123309743,0.0797722671350404,5.206083003305117,0.14684022449062242
2025-02-15,2425,20,West Ham,Brentford,D England,corners,home,9,5.828309256024547,0.0797722671350404,5.206083003305117,0.14684022449062242
2025-02-16,2425,20,Liverpool,Wolves,S Hooper,corners,home,4,8.20659811252531,0.0797722671350404,5.206083003305117,0.14684022449062242
2025-02-16,2425,20,Tottenham,Man United,P Bankes,corners,home,10,7.203630093710583,0.0797722671350404,5.206083003305117,0.14684022449062242
2025-02-12,2425,20,Everton,Liverpool,M Oliver,corners,away,3,6.859128361348292,0.0797722671350404,5.206083003305117,0.14684022449062242
2025-02-14,2425,20,Brighton,Chelsea,K Kavanagh,corners,away,9,4.610896382775952,0.0797722671350404,5.206083003305117,0.14684022449062242
2025-02-15,2425,20,Aston Villa,Ipswich,R Jones,corners,away,1,3.5454930270232667,0.0797722671350404,5.206083003305117,0.14684022449062242
2025-02-15,2425,20,Crystal Palace,Everton,A Taylor,corners,away,2,4.350436951181146,0.0797722671350404,5.206083003305117,0.14684022449062242
2025-02-15,2425,20,Fulham,Nott'm Forest,T Bramall,corners,away,4,3.5437837996445882,0.0797722671350404,5.206083003305117,0.14684022449062242
2025-02-15,2425,20,Leicester,Arsenal,S Barrott,corners,away,7,6.162723573134116,0.0797722671350404,5.206083003305117,0.14684022449062242
2025-02-15,2425,20,Man City,Newcastle,A Madley,corners,away,4,3.511502615236507,0.0797722671350404,5.206083003305117,0.14684022449062242
2025-02-15,2425,20,Southampton,Bournemouth,J Gillett,corners,away,6,5.8921961584329585,0.0797722671350404,5.206083003305117,0.14684022449062242
2025-02-15,2425,20,West Ham,Brentford,D England,corners,away,2,4.567412255822116,0.0797722671350404,5.206083003305117,0.14684022449062242
2025-02-16,2425,20,Liverpool,Wolves,S Hooper,corners,away,3,2.9296116274747157,0.0797722671350404,5.206083003305117,0.14684022449062242
2025-02-16,2425,20,Tottenham,Man United,P Bankes,corners,away,5,5.237384807025867,0.0797722671350404,5.206083003305117,0.14684022449062242
2025-02-12,2425,20,Everton,Liverpool,M Oliver,fouls,home,9,10.462349704424652,0.00033546262790251185,10.761796483985808,0.016051855422274053
2025-02-14,2425,20,Brighton,Chelsea,K Kavanagh,fouls,home,12,12.240650021270426,0.00033546262790251185,10.761796483985808,0.016051855422274053
2025-02-15,2425,20,Aston Villa,Ipswich,R Jones,fouls,home,7,11.636031909215983,0.00033546262790251185,10.761796483985808,0.016051855422274053
2025-02-15,2425,20,Crystal Palace,Everton,A Taylor,fouls,home,9,9.965080652424145,0.00033546262790251185,10.761796483985808,0.016051855422274053
2025-02-15,2425,20,Fulham,Nott'm Forest,T Bramall,fouls,home,13,10.87332106164921,0.00033546262790251185,10.761796483985808,0.016051855422274053
2025-02-15,2425,20,Leicester,Arsenal,S Barrott,fouls,home,9,10.072589426003331,0.00033546262790251185,10.761796483985808,0.016051855422274053
2025-02-15,2425,20,Man City,Newcastle,A Madley,fouls,home,5,9.362771396438497,0.00033546262790251185,10.761796483985808,0.016051855422274053
2025-02-15,2425,20,Southampton,Bournemouth,J Gillett,fouls,home,13,10.551325772044384,0.00033546262790251185,10.761796483985808,0.016051855422274053
2025-02-15,2425,20,West Ham,Brentford,D England,fouls,home,10,10.221403687832115,0.00033546262790251185,10.761796483985808,0.016051855422274053
2025-02-16,2425,20,Liverpool,Wolves,S Hooper,fouls,home,15,10.776964712155655,0.00033546262790251185,10.761796483985808,0.016051855422274053
2025-02-16,2425,20,Tottenham,Man United,P Bankes,fouls,home,13,9.018679512256583,0.00033546262790251185,10.761796483985808,0.016051855422274053
2025-02-12,2425,20,Everton,Liverpool,M Oliver,fouls,away,20,11.114846411655407,0.00033546262790251185,10.761796483985808,0.016051855422274053
2025-02-14,2425,20,Brighton,Chelsea,K Kavanagh,fouls,away,15,12.240384922078805,0.00033546262790251185,10.761796483985808,0.016051855422274053
2025-02-15,2425,20,Aston Villa,Ipswich,R Jones,fouls,away,11,14.559844363352438,0.00033546262790251185,10.761796483985808,0.016051855422274053
2025-02-15,2425,20,Crystal Palace,Everton,A Taylor,fouls,away,12,11.835246761612396,0.00033546262790251185,10.761796483985808,0.016051855422274053
2025-02-15,2425,20,Fulham,Nott'm Forest,T Bramall,fouls,away,8,11.009328830222397,0.00033546262790251185,10.761796483985808,0.016051855422274053
2025-02-15,2425,20,Leicester,Arsenal,S Barrott,fouls,away,10,10.026696966912201,0.00033546262790251185,10.761796483985808,0.016051855422274053
2025-02-15,2425,20,Man City,Newcastle,A Madley,fouls,away,13,10.3055695595172,0.00033546262790251185,10.761796483985808,0.016051855422274053
2025-02-15,2425,20,Southampton,Bournemouth,J Gillett,fouls,away,15,12.65035229520896,0.00033546262790251185,10.761796483985808,0.016051855422274053
2025-02-15,2425,20,West Ham,Brentford,D England,fouls,away,13,9.11420067567776,0.00033546262790251185,10.761796483985808,0.016051855422274053
2025-02-16,2425,20,Liverpool,Wolves,S Hooper,fouls,away,13,11.407492043256863,0.00033546262790251185,10.761796483985808,0.016051855422274053
2025-02-16,2425,20,Tottenham,Man United,P Bankes,fouls,away,9,12.152352094597122,0.00033546262790251185,10.761796483985808,0.016051855422274053
2025-02-19,2425,21,Aston Villa,Liverpool,C Pawson,yellows,home,1,2.206230311434488,0.00033546262790251185,1.807344632752605,0.00033546262790251185
2025-02-21,2425,21,Leicester,Brentford,T Harrington,yellows,home,4,1.695902342659373,0.00033546262790251185,1.807344632752605,0.00033546262790251185
2025-02-22,2425,21,Arsenal,West Ham,C Pawson,yellows,home,1,1.469116392514179,0.00033546262790251185,1.807344632752605,0.00033546262790251185
2025-02-22,2425,21,Aston Villa,Chelsea,M Oliver,yellows,home,1,2.315532878279242,0.00033546262790251185,1.807344632752605,0.00033546262790251185
2025-02-22,2425,21,Bournemouth,Wolves,M Salisbury,yellows,home,3,2.1537891055309553,0.00033546262790251185,1.807344632752605,0.00033546262790251185
2025-02-22,2425,21,Everton,Man United,A Madley,yellows,home,4,1.7497376980994361,0.00033546262790251185,1.807344632752605,0.00033546262790251185
2025-02-22,2425,21,Fulham,Crystal Palace,R Jones,yellows,home,1,1.8345266049827547,0.00033546262790251185,1.807344632752605,0.00033546262790251185
2025-02-22,2425,21,Ipswich,Tottenham,T Robinson,yellows,home,2,2.353805133709221,0.00033546262790251185,1.807344632752605,0.00033546262790251185
2025-02-22,2425,21,Southampton,Brighton,D Bond,yellows,home,2,2.5362462169248468,0.00033546262790251185,1.807344632752605,0.00033546262790251185
2025-02-23,2425,21,Man City,Liverpool,A Taylor,yellows,home,0,1.5680654797729399,0.00033546262790251185,1.807344632752605,0.00033546262790251185
2025-02-23,2425,21,Newcastle,Nott'm Forest,J Gillett,yellows,home,1,1.8980582699263082,0.00033546262790251185,1.807344632752605,0.00033546262790251185
2025-02-25,2425,21,Brighton,Bournemouth,M Oliver,yellows,home,2,2.0467147498218154,0.00033546262790251185,1.807344632752605,0.00033546262790251185
2025-02-25,2425,21,Chelsea,Southampton,T Bramall,yellows,home,1,1.9299194198555072,0.00033546262790251185,1.807344632752605,0.00033546262790251185
2025-02-25,2425,21,Crystal Palace,Aston Villa,S Barrott,yellows,home,3,2.031719189785137,0.00033546262790251185,1.807344632752605,0.00033546262790251185
2025-02-25,2425,21,Wolves,Fulham,P Bankes,yellows,home,1,1.801178475889546,0.00033546262790251185,1.807344632752605,0.00033546262790251185
2025-02-26,2425,21,Brentford,Everton,S Hooper,yellows,home,2,1.289885060437576,0.00033546262790251185,1.807344632752605,0.00033546262790251185
2025-02-26,2425,21,Liverpool,Newcastle,C Kavanagh,yellows,home,0,2.1092188751422603,0.00033546262790251185,1.807344632752605,0.00033546262790251185
2025-02-26,2425,21,Man United,Ipswich,D England,yellows,home,4,1.549970738890522,0.00033546262790251185,1.807344632752605,0.00033546262790251185
2025-02-26,2425,21,Nott'm Forest,Arsenal,A Madley,yellows,home,1,1.8915291279142499,0.00033546262790251185,1.807344632752605,0.00033546262790251185
2025-02-26,2425,21,Tottenham,Man City,J Gillett,yellows,home,3,1.8195545607178794,0.00033546262790251185,1.807344632752605,0.00033546262790251185
2025-02-27,2425,21,West Ham,Leicester,S Attwell,yellows,home,0,1.4933548352227015,0.00033546262790251185,1.807344632752605,0.00033546262790251185
2025-02-19,2425,21,Aston Villa,Liverpool,C Pawson,yellows,away,0,2.423389245752418,0.00033546262790251185,1.807344632752605,0.00033546262790251185
2025-02-21,2425,21,Leicester,Brentford,T Harrington,yellows,away,0,1.6134314176554445,0.00033546262790251185,1.807344632752605,0.00033546262790251185
2025-02-22,2425,21,Arsenal,West Ham,C Pawson,yellows,away,3,2.1698153396958393,0.00033546262790251185,1.807344632752605,0.00033546262790251185
2025-02-22,2425,21,Aston Villa,Chelsea,M Oliver,yellows,away,3,3.081942748291211,0.00033546262790251185,1.807344632752605,0.00033546262790251185
2025-02-22,2425,21,Bournemouth,Wolves,M Salisbury,yellows,away,3,2.3103419705942105,0.00033546262790251185,1.807344632752605,0.00033546262790251185
2025-02-22,2425,21,Everton,Man United,A Madley,yellows,away,1,1.6784114140235917,0.00033546262790251185,1.807344632752605,0.00033546262790251185
2025-02-22,2425,21,Fulham,Crystal Palace,R Jones,yellows,away,3,1.9173333401512032,0.00033546262790251185,1.807344632752605,0.00033546262790251185
2025-02-22,2425,21,Ipswich,Tottenham,T Robinson,yellows,away,1,1.7635245013922531,0.00033546262790251185,1.807344632752605,0.00033546262790251185
2025-02-22,2425,21,Southampton,Brighton,D Bond,yellows,away,0,1.9474570034520684,0.00033546262790251185,1.807344632752605,0.00033546262790251185
2025-02-23,2425,21,Man City,Liverpool,A Taylor,yellows,away,0,1.975049789591649,0.00033546262790251185,1.807344632752605,0.00033546262790251185
2025-02-23,2425,21,Newcastle,Nott'm Forest,J Gillett,yellows,away,4,2.4498532501476182,0.00033546262790251185,1.807344632752605,0.00033546262790251185
2025-02-25,2425,21,Brighton,Bournemouth,M Oliver,yellows,away,1,2.780479577889317,0.00033546262790251185,1.807344632752605,0.00033546262790251185
2025-02-25,2425,21,Chelsea,Southampton,T Bramall,yellows,away,2,2.8914013926184916,0.00033546262790251185,1.807344632752605,0.00033546262790251185
2025-02-25,2425,21,Crystal Palace,Aston Villa,S Barrott,yellows,away,1,2.1322929536726085,0.00033546262790251185,1.807344632752605,0.00033546262790251185
2025-02-25,2425,21,Wolves,Fulham,P Bankes,yellows,away,3,2.2975357067640036,0.00033546262790251185,1.807344632752605,0.00033546262790251185
2025-02-26,2425,21,Brentford,Everton,S Hooper,yellows,away,1,1.971315548218274,0.00033546262790251185,1.807344632752605,0.00033546262790251185
2025-02-26,2425,21,Liverpool,Newcastle,C Kavanagh,yellows,away,1,2.2642219430818553,0.00033546262790251185,1.807344632752605,0.00033546262790251185
2025-02-26,2425,21,Man United,Ipswich,D England,yellows,away,4,2.159764112592533,0.00033546262790251185,1.807344632752605,0.00033546262790251185
2025-02-26,2425,21,Nott'm Forest,Arsenal,A Madley,yellows,away,1,2.108462685997003,0.00033546262790251185,1.807344632752605,0.00033546262790251185
2025-02-26,2425,21,Tottenham,Man City,J Gillett,yellows,away,0,1.9297749704507423,0.00033546262790251185,1.807344632752605,0.00033546262790251185
2025-02-27,2425,21,West Ham,Leicester,S Attwell,yellows,away,0,1.8565719560456502,0.00033546262790251185,1.807344632752605,0.00033546262790251185
2025-02-19,2425,21,Aston Villa,Liverpool,C Pawson,reds,home,0,0.05873861470774934,0.0,0.05875706214689265,0.0
2025-02-21,2425,21,Leicester,Brentford,T Harrington,reds,home,0,0.054825788340746154,0.0,0.05875706214689265,0.0
2025-02-22,2425,21,Arsenal,West Ham,C Pawson,reds,home,1,0.05859966776432767,0.0,0.05875706214689265,0.0
2025-02-22,2425,21,Aston Villa,Chelsea,M Oliver,reds,home,0,0.06208421696323383,0.0,0.05875706214689265,0.0
2025-02-22,2425,21,Bournemouth,Wolves,M Salisbury,reds,home,1,0.057832007865562494,0.0,0.05875706214689265,0.0
2025-02-22,2425,21,Everton,Man United,A Madley,reds,home,0,0.056445082379828385,0.0,0.05875706214689265,0.0
2025-02-22,2425,21,Fulham,Crystal Palace,R Jones,reds,home,0,0.0646397466435577,0.0,0.05875706214689265,0.0
2025-02-22,2425,21,Ipswich,Tottenham,T Robinson,reds,home,0,0.06689887055169223,0.0,0.05875706214689265,0.0
2025-02-22,2425,21,Southampton,Brighton,D Bond,reds,home,0,0.05895113335605689,0.0,0.05875706214689265,0.0
2025-02-23,2425,21,Man City,Liverpool,A Taylor,reds,home,0,0.05554118346394017,0.0,0.05875706214689265,0.0
2025-02-23,2425,21,Newcastle,Nott'm Forest,J Gillett,reds,home,0,0.05836594442435296,0.0,0.05875706214689265,0.0
2025-02-25,2425,21,Brighton,Bournemouth,M Oliver,reds,home,0,0.05795159993493896,0.0,0.05875706214689265,0.0
2025-02-25,2425,21,Chelsea,Southampton,T Bramall,reds,home,0,0.05677477362526299,0.0,0.05875706214689265,0.0
2025-02-25,2425,21,Crystal Palace,Aston Villa,S Barrott,reds,home,0,0.061974860738183674,0.0,0.05875706214689265,0.0
2025-02-25,2425,21,Wolves,Fulham,P Bankes,reds,home,0,0.062304787800348725,0.0,0.05875706214689265,0.0
2025-02-26,2425,21,Brentford,Everton,S Hooper,reds,home,0,0.05275450963520967,0.0,0.05875706214689265,0.0
2025-02-26,2425,21,Liverpool,Newcastle,C Kavanagh,reds,home,0,0.059747630090387235,0.0,0.05875706214689265,0.0
2025-02-26,2425,21,Man United,Ipswich,D England,reds,home,1,0.054284857238850966,0.0,0.05875706214689265,0.0
2025-02-26,2425,21,Nott'm Forest,Arsenal,A Madley,reds,home,0,0.05599481786275575,0.0,0.05875706214689265,0.0
2025-02-26,2425,21,Tottenham,Man City,J Gillett,reds,home,0,0.058704441740768276,0.0,0.05875706214689265,0.0
2025-02-27,2425,21,West Ham,Leicester,S Attwell,reds,home,0,0.05656433495580246,0.0,0.05875706214689265,0.0
2025-02-19,2425,21,Aston Villa,Liverpool,C Pawson,reds,away,0,0.06193790617453097,0.0,0.05875706214689265,0.0
2025-02-21,2425,21,Leicester,Brentford,T Harrington,reds,away,0,0.0537876124131205,0.0,0.05875706214689265,0.0
2025-02-22,2425,21,Arsenal,West Ham,C Pawson,reds,away,0,0.058667698795431954,0.0,0.05875706214689265,0.0
2025-02-22,2425,21,Aston Villa,Chelsea,M Oliver,reds,away,0,0.06432392418008064,0.0,0.05875706214689265,0.0
2025-02-22,2425,21,Bournemouth,Wolves,M Salisbury,reds,away,0,0.058983273149242024,0.0,0.05875706214689265,0.0
2025-02-22,2425,21,Everton,Man United,A Madley,reds,away,0,0.050650399554890146,0.0,0.05875706214689265,0.0
2025-02-22,2425,21,Fulham,Crystal Palace,R Jones,reds,away,0,0.05797917912944593,0.0,0.05875706214689265,0.0
2025-02-22,2425,21,Ipswich,Tottenham,T Robinson,reds,away,0,0.05852809968737594,0.0,0.05875706214689265,0.0
2025-02-22,2425,21,Southampton,Brighton,D Bond,reds,away,0,0.057792116297030745,0.0,0.05875706214689265,0.0
2025-02-23,2425,21,Man City,Liverpool,A Taylor,reds,away,0,0.056561839816225,0.0,0.05875706214689265,0.0
2025-02-23,2425,21,Newcastle,Nott'm Forest,J Gillett,reds,away,0,0.060130671651154224,0.0,0.05875706214689265,0.0
2025-02-25,2425,21,Brighton,Bournemouth,M Oliver,reds,away,0,0.05578001252446897,0.0,0.05875706214689265,0.0
2025-02-25,2425,21,Chelsea,Southampton,T Bramall,reds,away,0,0.062238149496086775,0.0,0.05875706214689265,0.0
2025-02-25,2425,21,Crystal Palace,Aston Villa,S Barrott,reds,away,0,0.06201149766317535,0.0,0.05875706214689265,0.0
2025-02-25,2425,21,Wolves,Fulham,P Bankes,reds,away,0,0.0635110869736654,0.0,0.05875706214689265,0.0
2025-02-26,2425,21,Brentford,Everton,S Hooper,reds,away,0,0.06338141570053268,0.0,0.05875706214689265,0.0
2025-02-26,2425,21,Liverpool,Newcastle,C Kavanagh,reds,away,0,0.05557566439353675,0.0,0.05875706214689265,0.0
2025-02-26,2425,21,Man United,Ipswich,D England,reds,away,0,0.05571998049391178,0.0,0.05875706214689265,0.0
2025-02-26,2425,21,Nott'm Forest,Arsenal,A Madley,reds,away,0,0.06746439887122593,0.0,0.05875706214689265,0.0
2025-02-26,2425,21,Tottenham,Man City,J Gillett,reds,away,0,0.060786072339867624,0.0,0.05875706214689265,0.0
2025-02-27,2425,21,West Ham,Leicester,S Attwell,reds,away,0,0.04885798441667855,0.0,0.05875706214689265,0.0
2025-02-19,2425,21,Aston Villa,Liverpool,C Pawson,corners,home,6,5.16776761044314,0.07859351998430825,5.2067796993578375,0.1472181616993576
2025-02-21,2425,21,Leicester,Brentford,T Harrington,corners,home,5,5.169572670314129,0.07859351998430825,5.2067796993578375,0.1472181616993576
2025-02-22,2425,21,Arsenal,West Ham,C Pawson,corners,home,2,6.956827551280202,0.07859351998430825,5.2067796993578375,0.1472181616993576
2025-02-22,2425,21,Aston Villa,Chelsea,M Oliver,corners,home,2,5.540871492603523,0.07859351998430825,5.2067796993578375,0.1472181616993576
2025-02-22,2425,21,Bournemouth,Wolves,M Salisbury,corners,home,6,7.097811245746312,0.07859351998430825,5.2067796993578375,0.1472181616993576
2025-02-22,2425,21,Everton,Man United,A Madley,corners,home,7,5.16334511773717,0.07859351998430825,5.2067796993578375,0.1472181616993576
2025-02-22,2425,21,Fulham,Crystal Palace,R Jones,corners,home,7,6.016997839337639,0.07859351998430825,5.2067796993578375,0.1472181616993576
2025-02-22,2425,21,Ipswich,Tottenham,T Robinson,corners,home,4,5.122251878440889,0.07859351998430825,5.2067796993578375,0.1472181616993576
2025-02-22,2425,21,Southampton,Brighton,D Bond,corners,home,5,4.624607121340003,0.07859351998430825,5.2067796993578375,0.1472181616993576
2025-02-23,2425,21,Man City,Liverpool,A Taylor,corners,home,7,5.865283089284058,0.07859351998430825,5.2067796993578375,0.1472181616993576
2025-02-23,2425,21,Newcastle,Nott'm Forest,J Gillett,corners,home,7,7.2236333644837325,0.07859351998430825,5.2067796993578375,0.1472181616993576
2025-02-25,2425,21,Brighton,Bournemouth,M Oliver,corners,home,1,6.160066215893595,0.07859351998430825,5.2067796993578375,0.1472181616993576
2025-02-25,2425,21,Chelsea,Southampton,T Bramall,corners,home,4,6.985080148364227,0.07859351998430825,5.2067796993578375,0.1472181616993576
2025-02-25,2425,21,Crystal Palace,Aston Villa,S Barrott,corners,home,3,4.686650974158111,0.07859351998430825,5.2067796993578375,0.1472181616993576
2025-02-25,2425,21,Wolves,Fulham,P Bankes,corners,home,7,4.140960078704101,0.07859351998430825,5.2067796993578375,0.1472181616993576
2025-02-26,2425,21,Brentford,Everton,S Hooper,corners,home,2,5.89248168784678,0.07859351998430825,5.2067796993578375,0.1472181616993576
2025-02-26,2425,21,Liverpool,Newcastle,C Kavanagh,corners,home,4,6.95958423121771,0.07859351998430825,5.2067796993578375,0.1472181616993576
2025-02-26,2425,21,Man United,Ipswich,D England,corners,home,5,6.965025631069652,0.07859351998430825,5.2067796993578375,0.1472181616993576
2025-02-26,2425,21,Nott'm Forest,Arsenal,A Madley,corners,home,3,3.1176743276570837,0.07859351998430825,5.2067796993578375,0.1472181616993576
2025-02-26,2425,21,Tottenham,Man City,J Gillett,corners,home,8,4.930358028383394,0.07859351998430825,5.2067796993578375,0.1472181616993576
2025-02-27,2425,21,West Ham,Leicester,S Attwell,corners,home,3,5.878390289453644,0.07859351998430825,5.2067796993578375,0.1472181616993576
2025-02-19,2425,21,Aston Villa,Liverpool,C Pawson,corners,away,8,5.162133195715368,0.07859351998430825,5.2067796993578375,0.1472181616993576
2025-02-21,2425,21,Leicester,Brentford,T Harrington,corners,away,6,4.853107325083687,0.07859351998430825,5.2067796993578375,0.1472181616993576
2025-02-22,2425,21,Arsenal,West Ham,C Pawson,corners,away,0,2.7856381563530688,0.07859351998430825,5.2067796993578375,0.1472181616993576
2025-02-22,2425,21,Aston Villa,Chelsea,M Oliver,corners,away,3,4.577767260810178,0.07859351998430825,5.2067796993578375,0.1472181616993576
2025-02-22,2425,21,Bournemouth,Wolves,M Salisbury,corners,away,7,3.939194597261957,0.07859351998430825,5.2067796993578375,0.1472181616993576
2025-02-22,2425,21,Everton,Man United,A Madley,corners,away,9,5.437456827444093,0.07859351998430825,5.2067796993578375,0.1472181616993576
2025-02-22,2425,21,Fulham,Crystal Palace,R Jones,corners,away,7,3.9976267381976776,0.07859351998430825,5.2067796993578375,0.1472181616993576
2025-02-22,2425,21,Ipswich,Tottenham,T Robinson,corners,away,4,7.055257145975029,0.07859351998430825,5.2067796993578375,0.1472181616993576
2025-02-22,2425,21,Southampton,Brighton,D Bond,corners,away,6,5.36346864218564,0.07859351998430825,5.2067796993578375,0.1472181616993576
2025-02-23,2425,21,Man City,Liverpool,A Taylor,corners,away,5,4.00704089894198,0.07859351998430825,5.2067796993578375,0.1472181616993576
2025-02-23,2425,21,Newcastle,Nott'm Forest,J Gillett,corners,away,6,3.7932849442253023,0.07859351998430825,5.2067796993578375,0.1472181616993576
2025-02-25,2425,21,Brighton,Bournemouth,M Oliver,corners,away,9,4.8577037049846234,0.07859351998430825,5.2067796993578375,0.1472181616993576
2025-02-25,2425,21,Chelsea,Southampton,T Bramall,corners,away,2,3.3758819406452663,0.07859351998430825,5.2067796993578375,0.1472181616993576
2025-02-25,2425,21,Crystal Palace,Aston Villa,S Barrott,corners,away,8,5.692780750769075,0.07859351998430825,5.2067796993578375,0.1472181616993576
2025-02-25,2425,21,Wolves,Fulham,P Bankes,corners,away,5,5.179365779292447,0.07859351998430825,5.2067796993578375,0.1472181616993576
2025-02-26,2425,21,Brentford,Everton,S Hooper,corners,away,5,4.5644264441947335,0.07859351998430825,5.2067796993578375,0.1472181616993576
2025-02-26,2425,21,Liverpool,Newcastle,C Kavanagh,corners,away,2,3.9876864597905906,0.07859351998430825,5.2067796993578375,0.1472181616993576
2025-02-26,2425,21,Man United,Ipswich,D England,corners,away,6,3.934700900481218,0.07859351998430825,5.2067796993578375,0.1472181616993576
2025-02-26,2425,21,Nott'm Forest,Arsenal,A Madley,corners,away,11,6.580033629506186,0.07859351998430825,5.2067796993578375,0.1472181616993576
2025-02-26,2425,21,Tottenham,Man City,J Gillett,corners,away,3,6.796318277495133,0.07859351998430825,5.2067796993578375,0.1472181616993576
2025-02-27,2425,21,West Ham,Leicester,S Attwell,corners,away,3,3.8118643114679296,0.07859351998430825,5.2067796993578375,0.1472181616993576
2025-02-19,2425,21,Aston Villa,Liverpool,C Pawson,fouls,home,8,10.337044439898186,0.00033546262790251185,10.766666669101625,0.015904888950295425
2025-02-21,2425,21,Leicester,Brentford,T Harrington,fouls,home,10,10.178100400238003,0.00033546262790251185,10.766666669101625,0.015904888950295425
2025-02-22,2425,21,Arsenal,West Ham,C Pawson,fouls,home,16,10.20886774281868,0.00033546262790251185,10.766666669101625,0.015904888950295425
2025-02-22,2425,21,Aston Villa,Chelsea,M Oliver,fouls,home,15,12.312759275282964,0.00033546262790251185,10.766666669101625,0.015904888950295425
2025-02-22,2425,21,Bournemouth,Wolves,M Salisbury,fouls,home,17,12.3728332312951,0.00033546262790251185,10.766666669101625,0.015904888950295425
2025-02-22,2425,21,Everton,Man United,A Madley,fouls,home,12,10.189654131792135,0.00033546262790251185,10.766666669101625,0.015904888950295425
2025-02-22,2425,21,Fulham,Crystal Palace,R Jones,fouls,home,10,11.62391552649914,0.00033546262790251185,10.766666669101625,0.015904888950295425
2025-02-22,2425,21,Ipswich,Tottenham,T Robinson,fouls,home,15,12.600443005099564,0.00033546262790251185,10.766666669101625,0.015904888950295425
2025-02-22,2425,21,Southampton,Brighton,D Bond,fouls,home,11,12.55795807500641,0.00033546262790251185,10.766666669101625,0.015904888950295425
2025-02-23,2425,21,Man City,Liverpool,A Taylor,fouls,home,3,7.22625582187702,0.00033546262790251185,10.766666669101625,0.015904888950295425
2025-02-23,2425,21,Newcastle,Nott'm Forest,J Gillett,fouls,home,11,9.908542559656938,0.00033546262790251185,10.766666669101625,0.015904888950295425
2025-02-25,2425,21,Brighton,Bournemouth,M Oliver,fouls,home,12,10.977969806392204,0.00033546262790251185,10.766666669101625,0.015904888950295425
2025-02-25,2425,21,Chelsea,Southampton,T Bramall,fouls,home,6,12.13351101741492,0.00033546262790251185,10.766666669101625,0.015904888950295425
2025-02-25,2425,21,Crystal Palace,Aston Villa,S Barrott,fouls,home,19,12.112883268173627,0.00033546262790251185,10.766666669101625,0.015904888950295425
2025-02-25,2425,21,Wolves,Fulham,P Bankes,fouls,home,8,11.010548727063583,0.00033546262790251185,10.766666669101625,0.015904888950295425
2025-02-26,2425,21,Brentford,Everton,S Hooper,fouls,home,3,8.436488660397877,0.00033546262790251185,10.766666669101625,0.015904888950295425
2025-02-26,2425,21,Liverpool,Newcastle,C Kavanagh,fouls,home,12,12.454990781524533,0.00033546262790251185,10.766666669101625,0.015904888950295425
2025-02-26,2425,21,Man United,Ipswich,D England,fouls,home,9,10.490294087539695,0.00033546262790251185,10.766666669101625,0.015904888950295425
2025-02-26,2425,21,Nott'm Forest,Arsenal,A Madley,fouls,home,10,10.580953713768231,0.00033546262790251185,10.766666669101625,0.015904888950295425
2025-02-26,2425,21,Tottenham,Man City,J Gillett,fouls,home,12,9.98971247794727,0.00033546262790251185,10.766666669101625,0.015904888950295425
2025-02-27,2425,21,West Ham,Leicester,S Attwell,fouls,home,12,9.269726341235508,0.00033546262790251185,10.766666669101625,0.015904888950295425
2025-02-19,2425,21,Aston Villa,Liverpool,C Pawson,fouls,away,6,14.132104297140373,0.00033546262790251185,10.766666669101625,0.015904888950295425
2025-02-21,2425,21,Leicester,Brentford,T Harrington,fouls,away,10,9.12407091309483,0.00033546262790251185,10.766666669101625,0.015904888950295425
2025-02-22,2425,21,Arsenal,West Ham,C Pawson,fouls,away,15,10.979045945467066,0.00033546262790251185,10.766666669101625,0.015904888950295425
2025-02-22,2425,21,Aston Villa,Chelsea,M Oliver,fouls,away,16,13.992046464667522,0.00033546262790251185,10.766666669101625,0.015904888950295425
2025-02-22,2425,21,Bournemouth,Wolves,M Salisbury,fouls,away,9,12.424354566730779,0.00033546262790251185,10.766666669101625,0.015904888950295425
2025-02-22,2425,21,Everton,Man United,A Madley,fouls,away,9,10.921499171800853,0.00033546262790251185,10.766666669101625,0.015904888950295425
2025-02-22,2425,21,Fulham,Crystal Palace,R Jones,fouls,away,7,11.586295947757634,0.00033546262790251185,10.766666669101625,0.015904888950295425
2025-02-22,2425,21,Ipswich,Tottenham,T Robinson,fouls,away,14,10.96700553997104,0.00033546262790251185,10.766666669101625,0.015904888950295425
2025-02-22,2425,21,Southampton,Brighton,D Bond,fouls,away,12,12.583901977599265,0.00033546262790251185,10.766666669101625,0.015904888950295425
2025-02-23,2425,21,Man City,Liverpool,A Taylor,fouls,away,10,11.036415255170143,0.00033546262790251185,10.766666669101625,0.015904888950295425
2025-02-23,2425,21,Newcastle,Nott'm Forest,J Gillett,fouls,away,13,11.722666593675472,0.00033546262790251185,10.766666669101625,0.015904888950295425
2025-02-25,2425,21,Brighton,Bournemouth,M Oliver,fouls,away,14,13.76810212286196,0.00033546262790251185,10.766666669101625,0.015904888950295425
2025-02-25,2425,21,Chelsea,Southampton,T Bramall,fouls,away,9,13.690540479520838,0.00033546262790251185,10.766666669101625,0.015904888950295425
2025-02-25,2425,21,Crystal Palace,Aston Villa,S Barrott,fouls,away,10,11.532980783845339,0.00033546262790251185,10.766666669101625,0.015904888950295425
2025-02-25,2425,21,Wolves,Fulham,P Bankes,fouls,away,15,10.321436288410508,0.00033546262790251185,10.766666669101625,0.015904888950295425
2025-02-26,2425,21,Brentford,Everton,S Hooper,fouls,away,6,10.945292373335791,0.00033546262790251185,10.766666669101625,0.015904888950295425
2025-02-26,2425,21,Liverpool,Newcastle,C Kavanagh,fouls,away,11,9.69028653619913,0.00033546262790251185,10.766666669101625,0.015904888950295425
2025-02-26,2425,21,Man United,Ipswich,D England,fouls,away,16,10.510314077057991,0.00033546262790251185,10.766666669101625,0.015904888950295425
2025-02-26,2425,21,Nott'm Forest,Arsenal,A Madley,fouls,away,17,11.211257281945938,0.00033546262790251185,10.766666669101625,0.015904888950295425
2025-02-26,2425,21,Tottenham,Man City,J Gillett,fouls,away,15,9.320484256455662,0.00033546262790251185,10.766666669101625,0.015904888950295425
2025-02-27,2425,21,West Ham,Leicester,S Attwell,fouls,away,6,9.854741451241821,0.00033546262790251185,10.766666669101625,0.015904888950295425
2025-03-08,2425,22,Brentford,Aston Villa,J Gillett,yellows,home,2,1.915599127224164,0.00033546262790251185,1.8054159688066622,0.00033546262790251185
2025-03-08,2425,22,Brighton,Fulham,S Barrott,yellows,home,0,1.7496038518071635,0.00033546262790251185,1.8054159688066622,0.00033546262790251185
2025-03-08,2425,22,Crystal Palace,Ipswich,S Hooper,yellows,home,4,1.5744273347882163,0.00033546262790251185,1.8054159688066622,0.00033546262790251185
2025-03-08,2425,22,Liverpool,Southampton,L Smith,yellows,home,2,1.3993855981043688,0.00033546262790251185,1.8054159688066622,0.00033546262790251185
2025-03-08,2425,22,Nott'm Forest,Man City,C Kavanagh,yellows,home,3,1.851961182866038,0.00033546262790251185,1.8054159688066622,0.00033546262790251185
2025-03-08,2425,22,Wolves,Everton,S Attwell,yellows,home,2,1.4719259033668302,0.00033546262790251185,1.8054159688066622,0.00033546262790251185
2025-03-09,2425,22,Chelsea,Leicester,T Robinson,yellows,home,1,1.9119517206344743,0.00033546262790251185,1.8054159688066622,0.00033546262790251185
2025-03-09,2425,22,Man United,Arsenal,A Taylor,yellows,home,0,1.9397430957504262,0.00033546262790251185,1.8054159688066622,0.00033546262790251185
2025-03-09,2425,22,Tottenham,Bournemouth,J Brooks,yellows,home,3,2.0498508973270035,0.00033546262790251185,1.8054159688066622,0.00033546262790251185
2025-03-10,2425,22,West Ham,Newcastle,M Salisbury,yellows,home,0,2.0692478859870094,0.00033546262790251185,1.8054159688066622,0.00033546262790251185
2025-03-08,2425,22,Brentford,Aston Villa,J Gillett,yellows,away,2,1.9952316997510744,0.00033546262790251185,1.8054159688066622,0.00033546262790251185
2025-03-08,2425,22,Brighton,Fulham,S Barrott,yellows,away,2,2.3987812130051807,0.00033546262790251185,1.8054159688066622,0.00033546262790251185
2025-03-08,2425,22,Crystal Palace,Ipswich,S Hooper,yellows,away,3,2.256871303037857,0.00033546262790251185,1.8054159688066622,0.00033546262790251185
2025-03-08,2425,22,Liverpool,Southampton,L Smith,yellows,away,1,2.6318492682746513,0.00033546262790251185,1.8054159688066622,0.00033546262790251185
2025-03-08,2425,22,Nott'm Forest,Man City,C Kavanagh,yellows,away,2,1.7530803557364552,0.00033546262790251185,1.8054159688066622,0.00033546262790251185
2025-03-08,2425,22,Wolves,Everton,S Attwell,yellows,away,2,2.2707157222244305,0.00033546262790251185,1.8054159688066622,0.00033546262790251185
2025-03-09,2425,22,Chelsea,Leicester,T Robinson,yellows,away,0,2.5917516669820464,0.00033546262790251185,1.8054159688066622,0.00033546262790251185
2025-03-09,2425,22,Man United,Arsenal,A Taylor,yellows,away,1,1.7752402669359892,0.00033546262790251185,1.8054159688066622,0.00033546262790251185
2025-03-09,2425,22,Tottenham,Bournemouth,J Brooks,yellows,away,3,2.7849097501714755,0.00033546262790251185,1.8054159688066622,0.00033546262790251185
2025-03-10,2425,22,West Ham,Newcastle,M Salisbury,yellows,away,1,1.644199834416946,0.00033546262790251185,1.8054159688066622,0.00033546262790251185
2025-03-08,2425,22,Brentford,Aston Villa,J Gillett,reds,home,0,0.06192298946528868,0.0,0.05890563930764936,0.0
2025-03-08,2425,22,Brighton,Fulham,S Barrott,reds,home,0,0.06103483181379557,0.0,0.05890563930764936,0.0
2025-03-08,2425,22,Crystal Palace,Ipswich,S Hooper,reds,home,0,0.05751297010075653,0.0,0.05890563930764936,0.0
2025-03-08,2425,22,Liverpool,Southampton,L Smith,reds,home,0,0.05452796886668852,0.0,0.05890563930764936,0.0
2025-03-08,2425,22,Nott'm Forest,Man City,C Kavanagh,reds,home,0,0.05684274172765235,0.0,0.05890563930764936,0.0
2025-03-08,2425,22,Wolves,Everton,S Attwell,reds,home,0,0.056488241862688235,0.0,0.05890563930764936,0.0
2025-03-09,2425,22,Chelsea,Leicester,T Robinson,reds,home,0,0.05549576339443381,0.0,0.05890563930764936,0.0
2025-03-09,2425,22,Man United,Arsenal,A Taylor,reds,home,0,0.05445786631257547,0.0,0.05890563930764936,0.0
2025-03-09,2425,22,Tottenham,Bournemouth,J Brooks,reds,home,0,0.05680249217671984,0.0,0.05890563930764936,0.0
2025-03-10,2425,22,West Ham,Newcastle,M Salisbury,reds,home,0,0.06290130070075542,0.0,0.05890563930764936,0.0
2025-03-08,2425,22,Brentford,Aston Villa,J Gillett,reds,away,0,0.05994164881831197,0.0,0.05890563930764936,0.0
2025-03-08,2425,22,Brighton,Fulham,S Barrott,reds,away,0,0.06106454228892667,0.0,0.05890563930764936,0.0
2025-03-08,2425,22,Crystal Palace,Ipswich,S Hooper,reds,away,0,0.0643367228728445,0.0,0.05890563930764936,0.0
2025-03-08,2425,22,Liverpool,Southampton,L Smith,reds,away,0,0.05873280370056209,0.0,0.05890563930764936,0.0
2025-03-08,2425,22,Nott'm Forest,Man City,C Kavanagh,reds,away,0,0.058231475069196285,0.0,0.05890563930764936,0.0
2025-03-08,2425,22,Wolves,Everton,S Attwell,reds,away,0,0.06526512541061626,0.0,0.05890563930764936,0.0
2025-03-09,2425,22,Chelsea,Leicester,T Robinson,reds,away,0,0.05639498730057627,0.0,0.05890563930764936,0.0
2025-03-09,2425,22,Man United,Arsenal,A Taylor,reds,away,0,0.05948790568295895,0.0,0.05890563930764936,0.0
2025-03-09,2425,22,Tottenham,Bournemouth,J Brooks,reds,away,0,0.06208430252058419,0.0,0.05890563930764936,0.0
2025-03-10,2425,22,West Ham,Newcastle,M Salisbury,reds,away,0,0.05156318525914788,0.0,0.05890563930764936,0.0
2025-03-08,2425,22,Brentford,Aston Villa,J Gillett,corners,home,6,4.616326963924814,0.0771192511155264,5.205192478399665,0.14596904011957743
2025-03-08,2425,22,Brighton,Fulham,S Barrott,corners,home,3,5.352905200753703,0.0771192511155264,5.205192478399665,0.14596904011957743
2025-03-08,2425,22,Crystal Palace,Ipswich,S Hooper,corners,home,5,6.109211061417042,0.0771192511155264,5.205192478399665,0.14596904011957743
2025-03-08,2425,22,Liverpool,Southampton,L Smith,corners,home,6,7.804212752778195,0.0771192511155264,5.205192478399665,0.14596904011957743
2025-03-08,2425,22,Nott'm Forest,Man City,C Kavanagh,corners,home,3,3.3981360994241716,0.0771192511155264,5.205192478399665,0.14596904011957743
2025-03-08,2425,22,Wolves,Everton,S Attwell,corners,home,5,5.174994913042909,0.0771192511155264,5.205192478399665,0.14596904011957743
2025-03-09,2425,22,Chelsea,Leicester,T Robinson,corners,home,12,6.7597766792164675,0.0771192511155264,5.205192478399665,0.14596904011957743
2025-03-09,2425,22,Man United,Arsenal,A Taylor,corners,home,2,3.7022816531349867,0.0771192511155264,5.205192478399665,0.14596904011957743
2025-03-09,2425,22,Tottenham,Bournemouth,J Brooks,corners,home,3,7.4408288042524475,0.0771192511155264,5.205192478399665,0.14596904011957743
2025-03-10,2425,22,West Ham,Newcastle,M Salisbury,corners,home,3,4.934199429602829,0.0771192511155264,5.205192478399665,0.14596904011957743
2025-03-08,2425,22,Brentford,Aston Villa,J Gillett,corners,away,5,6.29877624183315,0.0771192511155264,5.205192478399665,0.14596904011957743
2025-03-08,2425,22,Brighton,Fulham,S Barrott,corners,away,7,4.4962919806605095,0.0771192511155264,5.205192478399665,0.14596904011957743
2025-03-08,2425,22,Crystal Palace,Ipswich,S Hooper,corners,away,4,4.094270739262996,0.0771192511155264,5.205192478399665,0.14596904011957743
2025-03-08,2425,22,Liverpool,Southampton,L Smith,corners,away,4,3.1892530474951655,0.0771192511155264,5.205192478399665,0.14596904011957743
2025-03-08,2425,22,Nott'm Forest,Man City,C Kavanagh,corners,away,2,7.3670877808798245,0.0771192511155264,5.205192478399665,0.14596904011957743
2025-03-08,2425,22,Wolves,Everton,S Attwell,corners,away,5,4.517893683553841,0.0771192511155264,5.205192478399665,0.14596904011957743
2025-03-09,2425,22,Chelsea,Leicester,T Robinson,corners,away,2,3.035526107553019,0.0771192511155264,5.205192478399665,0.14596904011957743
2025-03-09,2425,22,Man United,Arsenal,A Taylor,corners,away,9,5.882428441798596,0.0771192511155264,5.205192478399665,0.14596904011957743
2025-03-09,2425,22,Tottenham,Bournemouth,J Brooks,corners,away,6,5.7709172470677,0.0771192511155264,5.205192478399665,0.14596904011957743
2025-03-10,2425,22,West Ham,Newcastle,M Salisbury,corners,away,4,5.102274401032411,0.0771192511155264,5.205192478399665,0.14596904011957743
2025-03-08,2425,22,Brentford,Aston Villa,J Gillett,fouls,home,10,10.32530341520817,0.00033546262790251185,10.771915388577442,0.016064367162607097
2025-03-08,2425,22,Brighton,Fulham,S Barrott,fouls,home,6,10.276628644477961,0.00033546262790251185,10.771915388577442,0.016064367162607097
2025-03-08,2425,22,Crystal Palace,Ipswich,S Hooper,fouls,home,8,10.219788437438075,0.00033546262790251185,10.771915388577442,0.016064367162607097
2025-03-08,2425,22,Liverpool,Southampton,L Smith,fouls,home,10,11.778148424890063,0.00033546262790251185,10.771915388577442,0.016064367162607097
2025-03-08,2425,22,Nott'm Forest,Man City,C Kavanagh,fouls,home,9,9.739898932690501,0.00033546262790251185,10.771915388577442,0.016064367162607097
2025-03-08,2425,22,Wolves,Everton,S Attwell,fouls,home,11,10.398515318158985,0.00033546262790251185,10.771915388577442,0.016064367162607097
2025-03-09,2425,22,Chelsea,Leicester,T Robinson,fouls,home,12,10.942313312391274,0.00033546262790251185,10.771915388577442,0.016064367162607097
2025-03-09,2425,22,Man United,Arsenal,A Taylor,fouls,home,8,10.248590110812433,0.00033546262790251185,10.771915388577442,0.016064367162607097
2025-03-09,2425,22,Tottenham,Bournemouth,J Brooks,fouls,home,15,10.53262603063387,0.00033546262790251185,10.771915388577442,0.016064367162607097
2025-03-10,2425,22,West Ham,Newcastle,M Salisbury,fouls,home,7,12.053300674358333,0.00033546262790251185,10.771915388577442,0.016064367162607097
2025-03-08,2425,22,Brentford,Aston Villa,J Gillett,fouls,away,5,10.820102932496361,0.00033546262790251185,10.771915388577442,0.016064367162607097
2025-03-08,2425,22,Brighton,Fulham,S Barrott,fouls,away,12,11.248704305634407,0.00033546262790251185,10.771915388577442,0.016064367162607097
2025-03-08,2425,22,Crystal Palace,Ipswich,S Hooper,fouls,away,7,11.814396235808656,0.00033546262790251185,10.771915388577442,0.016064367162607097
2025-03-08,2425,22,Liverpool,Southampton,L Smith,fouls,away,9,11.145828221271563,0.00033546262790251185,10.771915388577442,0.016064367162607097
2025-03-08,2425,22,Nott'm Forest,Man City,C Kavanagh,fouls,away,7,8.439055479998128,0.00033546262790251185,10.771915388577442,0.016064367162607097
2025-03-08,2425,22,Wolves,Everton,S Attwell,fouls,away,16,10.776496308392842,0.00033546262790251185,10.771915388577442,0.016064367162607097
2025-03-09,2425,22,Chelsea,Leicester,T Robinson,fouls,away,13,12.042894546293972,0.00033546262790251185,10.771915388577442,0.016064367162607097
2025-03-09,2425,22,Man United,Arsenal,A Taylor,fouls,away,11,9.789132553953783,0.00033546262790251185,10.771915388577442,0.016064367162607097
2025-03-09,2425,22,Tottenham,Bournemouth,J Brooks,fouls,away,16,14.937984443827158,0.00033546262790251185,10.771915388577442,0.016064367162607097
2025-03-10,2425,22,West Ham,Newcastle,M Salisbury,fouls,away,15,10.662357328631803,0.00033546262790251185,10.771915388577442,0.016064367162607097
2025-03-15,2425,23,Bournemouth,Brentford,C Pawson,yellows,home,3,1.9350032566063884,0.00033546262790251185,1.8048306496404618,0.00033546262790251185
2025-03-15,2425,23,Everton,West Ham,D Bond,yellows,home,1,1.6129656999461879,0.00033546262790251185,1.8048306496404618,0.00033546262790251185
2025-03-15,2425,23,Ipswich,Nott'm Forest,M Salisbury,yellows,home,1,2.1920306918746695,0.00033546262790251185,1.8048306496404618,0.00033546262790251185
2025-03-15,2425,23,Man City,Brighton,S Hooper,yellows,home,2,1.6705403611744905,0.00033546262790251185,1.8048306496404618,0.00033546262790251185
2025-03-15,2425,23,Southampton,Wolves,R Jones,yellows,home,0,2.335339643146599,0.00033546262790251185,1.8048306496404618,0.00033546262790251185
2025-03-16,2425,23,Arsenal,Chelsea,C Kavanagh,yellows,home,3,1.8731147687517122,0.00033546262790251185,1.8048306496404618,0.00033546262790251185
2025-03-16,2425,23,Fulham,Tottenham,A Madley,yellows,home,0,2.132855949585582,0.00033546262790251185,1.8048306496404618,0.00033546262790251185
2025-03-16,2425,23,Leicester,Man United,T Bramall,yellows,home,2,1.8043493253052845,0.00033546262790251185,1.8048306496404618,0.00033546262790251185
2025-03-15,2425,23,Bournemouth,Brentford,C Pawson,yellows,away,0,2.0383202440450505,0.00033546262790251185,1.8048306496404618,0.00033546262790251185
2025-03-15,2425,23,Everton,West Ham,D Bond,yellows,away,2,1.558666173340536,0.00033546262790251185,1.8048306496404618,0.00033546262790251185
2025-03-15,2425,23,Ipswich,Nott'm Forest,M Salisbury,yellows,away,1,1.8300926212180681,0.00033546262790251185,1.8048306496404618,0.00033546262790251185
2025-03-15,2425,23,Man City,Brighton,S Hooper,yellows,away,5,2.2199044490138817,0.00033546262790251185,1.8048306496404618,0.00033546262790251185
2025-03-15,2425,23,Southampton,Wolves,R Jones,yellows,away,0,1.9355444434977556,0.00033546262790251185,1.8048306496404618,0.00033546262790251185
2025-03-16,2425,23,Arsenal,Chelsea,C Kavanagh,yellows,away,3,2.6175712478401922,0.00033546262790251185,1.8048306496404618,0.00033546262790251185
2025-03-16,2425,23,Fulham,Tottenham,A Madley,yellows,away,0,1.9320688484721875,0.00033546262790251185,1.8048306496404618,0.00033546262790251185
2025-03-16,2425,23,Leicester,Man United,T Bramall,yellows,away,0,1.7497259233305176,0.00033546262790251185,1.8048306496404618,0.00033546262790251185
2025-03-15,2425,23,Bournemouth,Brentford,C Pawson,reds,home,0,0.057732568387369405,0.0,0.058578567462520825,0.0
2025-03-15,2425,23,Everton,West Ham,D Bond,reds,home,0,0.05713009250224204,0.0,0.058578567462520825,0.0
2025-03-15,2425,23,Ipswich,Nott'm Forest,M Salisbury,reds,home,0,0.06361876614650948,0.0,0.058578567462520825,0.0
2025-03-15,2425,23,Man City,Brighton,S Hooper,reds,home,0,0.05508770903749641,0.0,0.058578567462520825,0.0
2025-03-15,2425,23,Southampton,Wolves,R Jones,reds,home,0,0.061744146647755106,0.0,0.058578567462520825,0.0
2025-03-16,2425,23,Arsenal,Chelsea,C Kavanagh,reds,home,0,0.0685164291671317,0.0,0.058578567462520825,0.0
2025-03-16,2425,23,Fulham,Tottenham,A Madley,reds,home,0,0.0664446306853592,0.0,0.058578567462520825,0.0
2025-03-16,2425,23,Leicester,Man United,T Bramall,reds,home,0,0.04844119688599146,0.0,0.058578567462520825,0.0
2025-03-15,2425,23,Bournemouth,Brentford,C Pawson,reds,away,0,0.054559502854841554,0.0,0.058578567462520825,0.0
2025-03-15,2425,23,Everton,West Ham,D Bond,reds,away,0,0.05509989326227858,0.0,0.058578567462520825,0.0
2025-03-15,2425,23,Ipswich,Nott'm Forest,M Salisbury,reds,away,0,0.057513365881343766,0.0,0.058578567462520825,0.0
2025-03-15,2425,23,Man City,Brighton,S Hooper,reds,away,0,0.059247336172001556,0.0,0.058578567462520825,0.0
2025-03-15,2425,23,Southampton,Wolves,R Jones,reds,away,0,0.058393702531840785,0.0,0.058578567462520825,0.0
2025-03-16,2425,23,Arsenal,Chelsea,C Kavanagh,reds,away,0,0.057297044946135516,0.0,0.058578567462520825,0.0
2025-03-16,2425,23,Fulham,Tottenham,A Madley,reds,away,0,0.05965451608557163,0.0,0.058578567462520825,0.0
2025-03-16,2425,23,Leicester,Man United,T Bramall,reds,away,0,0.05218753278788701,0.0,0.058578567462520825,0.0
2025-03-15,2425,23,Bournemouth,Brentford,C Pawson,corners,home,4,7.257696777949791,0.07547364506472443,5.202942846055505,0.14534451444215477
2025-03-15,2425,23,Everton,West Ham,D Bond,corners,home,6,5.016207461649396,0.07547364506472443,5.202942846055505,0.14534451444215477
2025-03-15,2425,23,Ipswich,Nott'm Forest,M Salisbury,corners,home,6,5.408384043200834,0.07547364506472443,5.202942846055505,0.14534451444215477
2025-03-15,2425,23,Man City,Brighton,S Hooper,corners,home,4,6.898059775032384,0.07547364506472443,5.202942846055505,0.14534451444215477
2025-03-15,2425,23,Southampton,Wolves,R Jones,corners,home,5,5.490765984361792,0.07547364506472443,5.202942846055505,0.14534451444215477
2025-03-16,2425,23,Arsenal,Chelsea,C Kavanagh,corners,home,5,5.5133751498845385,0.07547364506472443,5.202942846055505,0.14534451444215477
2025-03-16,2425,23,Fulham,Tottenham,A Madley,corners,home,6,6.334886254891484,0.07547364506472443,5.202942846055505,0.14534451444215477
2025-03-16,2425,23,Leicester,Man United,T Bramall,corners,home,6,4.6973136226677,0.07547364506472443,5.202942846055505,0.14534451444215477
2025-03-15,2425,23,Bournemouth,Brentford,C Pawson,corners,away,3,4.485952277077031,0.07547364506472443,5.202942846055505,0.14534451444215477
2025-03-15,2425,23,Everton,West Ham,D Bond,corners,away,5,4.790642316528701,0.07547364506472443,5.202942846055505,0.14534451444215477
2025-03-15,2425,23,Ipswich,Nott'm Forest,M Salisbury,corners,away,3,4.629369362668615,0.07547364506472443,5.202942846055505,0.14534451444215477
2025-03-15,2425,23,Man City,Brighton,S Hooper,corners,away,5,3.29548729733424,0.07547364506472443,5.202942846055505,0.14534451444215477
2025-03-15,2425,23,Southampton,Wolves,R Jones,corners,away,1,4.301812799342731,0.07547364506472443,5.202942846055505,0.14534451444215477
2025-03-16,2425,23,Arsenal,Chelsea,C Kavanagh,corners,away,4,3.3078318731752105,0.07547364506472443,5.202942846055505,0.14534451444215477
2025-03-16,2425,23,Fulham,Tottenham,A Madley,corners,away,5,5.571413451978815,0.07547364506472443,5.202942846055505,0.14534451444215477
2025-03-16,2425,23,Leicester,Man United,T Bramall,corners,away,4,5.450421578552467,0.07547364506472443,5.202942846055505,0.14534451444215477
2025-03-15,2425,23,Bournemouth,Brentford,C Pawson,fouls,home,13,11.661544460870397,0.00033546262790251185,10.769572454272552,0.016011901810172802
2025-03-15,2425,23,Everton,West Ham,D Bond,fouls,home,12,11.121094430063394,0.00033546262790251185,10.769572454272552,0.016011901810172802
2025-03-15,2425,23,Ipswich,Nott'm Forest,M Salisbury,fouls,home,4,11.498462870561568,0.00033546262790251185,10.769572454272552,0.016011901810172802
2025-03-15,2425,23,Man City,Brighton,S Hooper,fouls,home,10,8.129541476537037,0.00033546262790251185,10.769572454272552,0.016011901810172802
2025-03-15,2425,23,Southampton,Wolves,R Jones,fouls,home,12,12.139715531930273,0.00033546262790251185,10.769572454272552,0.016011901810172802
2025-03-16,2425,23,Arsenal,Chelsea,C Kavanagh,fouls,home,10,11.358915583491626,0.00033546262790251185,10.769572454272552,0.016011901810172802
2025-03-16,2425,23,Fulham,Tottenham,A Madley,fouls,home,13,12.667189847744156,0.00033546262790251185,10.769572454272552,0.016011901810172802
2025-03-16,2425,23,Leicester,Man United,T Bramall,fouls,home,6,9.625438431887005,0.00033546262790251185,10.769572454272552,0.016011901810172802
2025-03-15,2425,23,Bournemouth,Brentford,C Pawson,fouls,away,7,9.131815950411516,0.00033546262790251185,10.769572454272552,0.016011901810172802
2025-03-15,2425,23,Everton,West Ham,D Bond,fouls,away,8,10.559208445382225,0.00033546262790251185,10.769572454272552,0.016011901810172802
2025-03-15,2425,23,Ipswich,Nott'm Forest,M Salisbury,fouls,away,13,10.758989083777413,0.00033546262790251185,10.769572454272552,0.016011901810172802
2025-03-15,2425,23,Man City,Brighton,S Hooper,fouls,away,10,10.565237314171883,0.00033546262790251185,10.769572454272552,0.016011901810172802
2025-03-15,2425,23,Southampton,Wolves,R Jones,fouls,away,13,13.485567363108272,0.00033546262790251185,10.769572454272552,0.016011901810172802
2025-03-16,2425,23,Arsenal,Chelsea,C Kavanagh,fouls,away,13,11.350877981198217,0.00033546262790251185,10.769572454272552,0.016011901810172802
2025-03-16,2425,23,Fulham,Tottenham,A Madley,fouls,away,10,11.263346875078915,0.00033546262790251185,10.769572454272552,0.016011901810172802
2025-03-16,2425,23,Leicester,Man United,T Bramall,fouls,away,6,10.865314519548098,0.00033546262790251185,10.769572454272552,0.016011901810172802
2025-04-01,2425,24,Arsenal,Fulham,J Brooks,yellows,home,1,1.6308340670726074,0.00033546262790251185,1.8032061912444246,0.00033546262790251185
2025-04-01,2425,24,Nott'm Forest,Man United,J Gillett,yellows,home,1,1.8088980852934489,0.00033546262790251185,1.8032061912444246,0.00033546262790251185
2025-04-01,2425,24,Wolves,West Ham,T Harrington,yellows,home,4,1.6134605411965008,0.00033546262790251185,1.8032061912444246,0.00033546262790251185
2025-04-02,2425,24,Bournemouth,Ipswich,R Jones,yellows,home,1,1.866666025159059,0.00033546262790251185,1.8032061912444246,0.00033546262790251185
2025-04-02,2425,24,Brighton,Aston Villa,S Attwell,yellows,home,1,2.1636414379752256,0.00033546262790251185,1.8032061912444246,0.00033546262790251185
2025-04-02,2425,24,Liverpool,Everton,S Barrott,yellows,home,2,1.3118497469794326,0.00033546262790251185,1.8032061912444246,0.00033546262790251185
2025-04-02,2425,24,Man City,Leicester,D England,yellows,home,1,1.200032035234798,0.00033546262790251185,1.8032061912444246,0.00033546262790251185
2025-04-02,2425,24,Newcastle,Brentford,P Bankes,yellows,home,1,1.614437973060308,0.00033546262790251185,1.8032061912444246,0.00033546262790251185
2025-04-02,2425,24,Southampton,Crystal Palace,A Madley,yellows,home,2,1.9644607709594522,0.00033546262790251185,1.8032061912444246,0.00033546262790251185
2025-04-03,2425,24,Chelsea,Tottenham,C Pawson,yellows,home,5,2.4505788576807714,0.00033546262790251185,1.8032061912444246,0.00033546262790251185
2025-04-05,2425,24,Aston Villa,Nott'm Forest,S Hooper,yellows,home,2,2.1229708785311066,0.00033546262790251185,1.8032061912444246,0.00033546262790251185
2025-04-05,2425,24,Crystal Palace,Brighton,A Taylor,yellows,home,0,1.9780312763671681,0.00033546262790251185,1.8032061912444246,0.00033546262790251185
2025-04-05,2425,24,Everton,Arsenal,D England,yellows,home,3,1.999114302799898,0.00033546262790251185,1.8032061912444246,0.00033546262790251185
2025-04-05,2425,24,Ipswich,Wolves,P Bankes,yellows,home,2,2.172004393206882,0.00033546262790251185,1.8032061912444246,0.00033546262790251185
2025-04-05,2425,24,West Ham,Bournemouth,T Robinson,yellows,home,2,1.8845858957181025,0.00033546262790251185,1.8032061912444246,0.00033546262790251185
2025-04-06,2425,24,Brentford,Chelsea,M Oliver,yellows,home,1,1.8638694636150264,0.00033546262790251185,1.8032061912444246,0.00033546262790251185
2025-04-06,2425,24,Fulham,Liverpool,C Kavanagh,yellows,home,3,2.0040768296342244,0.00033546262790251185,1.8032061912444246,0.00033546262790251185
2025-04-06,2425,24,Man United,Man City,J Brooks,yellows,home,3,2.110600704990847,0.00033546262790251185,1.8032061912444246,0.00033546262790251185
2025-04-06,2425,24,Tottenham,Southampton,M Salisbury,yellows,home,1,1.453043484410292,0.00033546262790251185,1.8032061912444246,0.00033546262790251185
2025-04-07,2425,24,Leicester,Newcastle,R Jones,yellows,home,2,2.19547155505656,0.00033546262790251185,1.8032061912444246,0.00033546262790251185
2025-04-01,2425,24,Arsenal,Fulham,J Brooks,yellows,away,2,2.3287693789306854,0.00033546262790251185,1.8032061912444246,0.00033546262790251185
2025-04-01,2425,24,Nott'm Forest,Man United,J Gillett,yellows,away,3,2.265812778013193,0.00033546262790251185,1.8032061912444246,0.00033546262790251185
2025-04-01,2425,24,Wolves,West Ham,T Harrington,yellows,away,2,2.081592591814775,0.00033546262790251185,1.8032061912444246,0.00033546262790251185
2025-04-02,2425,24,Bournemouth,Ipswich,R Jones,yellows,away,2,2.46763629933267,0.00033546262790251185,1.8032061912444246,0.00033546262790251185
2025-04-02,2425,24,Brighton,Aston Villa,S Attwell,yellows,away,3,2.3719015066118554,0.00033546262790251185,1.8032061912444246,0.00033546262790251185
2025-04-02,2425,24,Liverpool,Everton,S Barrott,yellows,away,2,2.2353737482244895,0.00033546262790251185,1.8032061912444246,0.00033546262790251185
2025-04-02,2425,24,Man City,Leicester,D England,yellows,away,4,2.2855467006914996,0.00033546262790251185,1.8032061912444246,0.00033546262790251185
2025-04-02,2425,24,Newcastle,Brentford,P Bankes,yellows,away,1,2.1376080287141654,0.00033546262790251185,1.8032061912444246,0.00033546262790251185
2025-04-02,2425,24,Southampton,Crystal Palace,A Madley,yellows,away,1,1.7373680502792386,0.00033546262790251185,1.8032061912444246,0.00033546262790251185
2025-04-03,2425,24,Chelsea,Tottenham,C Pawson,yellows,away,5,2.3105417691125125,0.00033546262790251185,1.8032061912444246,0.00033546262790251185
2025-04-05,2425,24,Aston Villa,Nott'm Forest,S Hooper,yellows,away,2,2.5282542590855432,0.00033546262790251185,1.8032061912444246,0.00033546262790251185
2025-04-05,2425,24,Crystal Palace,Brighton,A Taylor,yellows,away,1,1.9540656835829622,0.00033546262790251185,1.8032061912444246,0.00033546262790251185
2025-04-05,2425,24,Everton,Arsenal,D England,yellows,away,1,1.534311497974797,0.00033546262790251185,1.8032061912444246,0.00033546262790251185
2025-04-05,2425,24,Ipswich,Wolves,P Bankes,yellows,away,2,1.9362884806062368,0.00033546262790251185,1.8032061912444246,0.00033546262790251185
2025-04-05,2425,24,West Ham,Bournemouth,T Robinson,yellows,away,2,2.0278201097241983,0.00033546262790251185,1.8032061912444246,0.00033546262790251185
2025-04-06,2425,24,Brentford,Chelsea,M Oliver,yellows,away,3,2.3838708753839657,0.00033546262790251185,1.8032061912444246,0.00033546262790251185
2025-04-06,2425,24,Fulham,Liverpool,C Kavanagh,yellows,away,0,1.7556197576703485,0.00033546262790251185,1.8032061912444246,0.00033546262790251185
2025-04-06,2425,24,Man United,Man City,J Brooks,yellows,away,2,1.725306102298171,0.00033546262790251185,1.8032061912444246,0.00033546262790251185
2025-04-06,2425,24,Tottenham,Southampton,M Salisbury,yellows,away,1,2.4866747268689644,0.00033546262790251185,1.8032061912444246,0.00033546262790251185
2025-04-07,2425,24,Leicester,Newcastle,R Jones,yellows,away,0,1.5815497034871508,0.00033546262790251185,1.8032061912444246,0.00033546262790251185
2025-04-01,2425,24,Arsenal,Fulham,J Brooks,reds,home,0,0.06482933955435939,0.0,0.05831951354339413,0.0
2025-04-01,2425,24,Nott'm Forest,Man United,J Gillett,reds,home,0,0.05220150940508785,0.0,0.05831951354339413,0.0
2025-04-01,2425,24,Wolves,West Ham,T Harrington,reds,home,0,0.056926992089289565,0.0,0.05831951354339413,0.0
2025-04-02,2425,24,Bournemouth,Ipswich,R Jones,reds,home,0,0.05598456663945976,0.0,0.05831951354339413,0.0
2025-04-02,2425,24,Brighton,Aston Villa,S Attwell,reds,home,0,0.06460970411223463,0.0,0.05831951354339413,0.0
2025-04-02,2425,24,Liverpool,Everton,S Barrott,reds,home,0,0.05193646547498287,0.0,0.05831951354339413,0.0
2025-04-02,2425,24,Man City,Leicester,D England,reds,home,0,0.050994858543990995,0.0,0.05831951354339413,0.0
2025-04-02,2425,24,Newcastle,Brentford,P Bankes,reds,home,0,0.056231764252548826,0.0,0.05831951354339413,0.0
2025-04-02,2425,24,Southampton,Crystal Palace,A Madley,reds,home,0,0.06143589944410657,0.0,0.05831951354339413,0.0
2025-04-03,2425,24,Chelsea,Tottenham,C Pawson,reds,home,0,0.06463711097822604,0.0,0.05831951354339413,0.0
2025-04-05,2425,24,Aston Villa,Nott'm Forest,S Hooper,reds,home,0,0.060840156901675255,0.0,0.05831951354339413,0.0
2025-04-05,2425,24,Crystal Palace,Brighton,A Taylor,reds,home,2,0.05702670998925777,0.0,0.05831951354339413,0.0
2025-04-05,2425,24,Everton,Arsenal,D England,reds,home,0,0.059007039826346634,0.0,0.05831951354339413,0.0
2025-04-05,2425,24,Ipswich,Wolves,P Bankes,reds,home,0,0.06359808970311935,0.0,0.05831951354339413,0.0
2025-04-05,2425,24,West Ham,Bournemouth,T Robinson,reds,home,0,0.05707421213742489,0.0,0.05831951354339413,0.0
2025-04-06,2425,24,Brentford,Chelsea,M Oliver,reds,home,0,0.06030909093099012,0.0,0.05831951354339413,0.0
2025-04-06,2425,24,Fulham,Liverpool,C Kavanagh,reds,home,0,0.060411977806370726,0.0,0.05831951354339413,0.0
2025-04-06,2425,24,Man United,Man City,J Brooks,reds,home,0,0.05478302986082422,0.0,0.05831951354339413,0.0
2025-04-06,2425,24,Tottenham,Southampton,M Salisbury,reds,home,0,0.05607585066843178,0.0,0.05831951354339413,0.0
2025-04-07,2425,24,Leicester,Newcastle,R Jones,reds,home,0,0.05483741583664616,0.0,0.05831951354339413,0.0
2025-04-01,2425,24,Arsenal,Fulham,J Brooks,reds,away,0,0.05829045587276636,0.0,0.05831951354339413,0.0
2025-04-01,2425,24,Nott'm Forest,Man United,J Gillett,reds,away,0,0.05857964586038534,0.0,0.05831951354339413,0.0
2025-04-01,2425,24,Wolves,West Ham,T Harrington,reds,away,0,0.06342992566107535,0.0,0.05831951354339413,0.0
2025-04-02,2425,24,Bournemouth,Ipswich,R Jones,reds,away,0,0.05725513079187978,0.0,0.05831951354339413,0.0
2025-04-02,2425,24,Brighton,Aston Villa,S Attwell,reds,away,0,0.058022737167379615,0.0,0.05831951354339413,0.0
2025-04-02,2425,24,Liverpool,Everton,S Barrott,reds,away,0,0.061118279235897605,0.0,0.05831951354339413,0.0
2025-04-02,2425,24,Man City,Leicester,D England,reds,away,0,0.051859830854129846,0.0,0.05831951354339413,0.0
2025-04-02,2425,24,Newcastle,Brentford,P Bankes,reds,away,0,0.059216493714724296,0.0,0.05831951354339413,0.0
2025-04-02,2425,24,Southampton,Crystal Palace,A Madley,reds,away,0,0.0540764278981864,0.0,0.05831951354339413,0.0
2025-04-03,2425,24,Chelsea,Tottenham,C Pawson,reds,away,0,0.06239058142375032,0.0,0.05831951354339413,0.0
2025-04-05,2425,24,Aston Villa,Nott'm Forest,S Hooper,reds,away,0,0.06149936779951935,0.0,0.05831951354339413,0.0
2025-04-05,2425,24,Crystal Palace,Brighton,A Taylor,reds,away,1,0.063527285894257,0.0,0.05831951354339413,0.0
2025-04-05,2425,24,Everton,Arsenal,D England,reds,away,0,0.0589193619982636,0.0,0.05831951354339413,0.0
2025-04-05,2425,24,Ipswich,Wolves,P Bankes,reds,away,0,0.061103583403236045,0.0,0.05831951354339413,0.0
2025-04-05,2425,24,West Ham,Bournemouth,T Robinson,reds,away,0,0.05213090452342065,0.0,0.05831951354339413,0.0
2025-04-06,2425,24,Brentford,Chelsea,M Oliver,reds,away,0,0.06049634791400627,0.0,0.05831951354339413,0.0
2025-04-06,2425,24,Fulham,Liverpool,C Kavanagh,reds,away,0,0.057180014935923285,0.0,0.05831951354339413,0.0
2025-04-06,2425,24,Man United,Man City,J Brooks,reds,away,0,0.050006287652161065,0.0,0.05831951354339413,0.0
2025-04-06,2425,24,Tottenham,Southampton,M Salisbury,reds,away,0,0.06366118284329582,0.0,0.05831951354339413,0.0
2025-04-07,2425,24,Leicester,Newcastle,R Jones,reds,away,0,0.05109027016668584,0.0,0.05831951354339413,0.0
2025-04-01,2425,24,Arsenal,Fulham,J Brooks,corners,home,5,6.269370940564381,0.07273782789200496,5.1998342037215135,0.14432245746855674
2025-04-01,2425,24,Nott'm Forest,Man United,J Gillett,corners,home,3,5.113046138133277,0.07273782789200496,5.1998342037215135,0.14432245746855674
2025-04-01,2425,24,Wolves,West Ham,T Harrington,corners,home,1,4.658220252151457,0.07273782789200496,5.1998342037215135,0.14432245746855674
2025-04-02,2425,24,Bournemouth,Ipswich,R Jones,corners,home,8,7.376091189178297,0.07273782789200496,5.1998342037215135,0.14432245746855674
2025-04-02,2425,24,Brighton,Aston Villa,S Attwell,corners,home,4,5.0449290647005505,0.07273782789200496,5.1998342037215135,0.14432245746855674
2025-04-02,2425,24,Liverpool,Everton,S Barrott,corners,home,11,7.909689511085765,0.07273782789200496,5.1998342037215135,0.14432245746855674
2025-04-02,2425,24,Man City,Leicester,D England,corners,home,5,8.074851330489006,0.07273782789200496,5.1998342037215135,0.14432245746855674
2025-04-02,2425,24,Newcastle,Brentford,P Bankes,corners,home,4,6.75180190769663,0.07273782789200496,5.1998342037215135,0.14432245746855674
2025-04-02,2425,24,Southampton,Crystal Palace,A Madley,corners,home,2,5.286611975733538,0.07273782789200496,5.1998342037215135,0.14432245746855674
2025-04-03,2425,24,Chelsea,Tottenham,C Pawson,corners,home,4,6.687035057539147,0.07273782789200496,5.1998342037215135,0.14432245746855674
2025-04-05,2425,24,Aston Villa,Nott'm Forest,S Hooper,corners,home,4,7.602652636368195,0.07273782789200496,5.1998342037215135,0.14432245746855674
2025-04-05,2425,24,Crystal Palace,Brighton,A Taylor,corners,home,2,4.973644013945882,0.07273782789200496,5.1998342037215135,0.14432245746855674
2025-04-05,2425,24,Everton,Arsenal,D England,corners,home,3,3.163211275061734,0.07273782789200496,5.1998342037215135,0.14432245746855674
2025-04-05,2425,24,Ipswich,Wolves,P Bankes,corners,home,4,5.179968735458359,0.07273782789200496,5.1998342037215135,0.14432245746855674
2025-04-05,2425,24,West Ham,Bournemouth,T Robinson,corners,home,4,5.229920303947099,0.07273782789200496,5.1998342037215135,0.14432245746855674
2025-04-06,2425,24,Brentford,Chelsea,M Oliver,corners,home,3,4.189521619484555,0.07273782789200496,5.1998342037215135,0.14432245746855674
2025-04-06,2425,24,Fulham,Liverpool,C Kavanagh,corners,home,4,4.562021487864991,0.07273782789200496,5.1998342037215135,0.14432245746855674
2025-04-06,2425,24,Man United,Man City,J Brooks,corners,home,5,4.089553293600686,0.07273782789200496,5.1998342037215135,0.14432245746855674
2025-04-06,2425,24,Tottenham,Southampton,M Salisbury,corners,home,4,7.449236989944104,0.07273782789200496,5.1998342037215135,0.14432245746855674
2025-04-07,2425,24,Leicester,Newcastle,R Jones,corners,home,12,4.351790470827507,0.07273782789200496,5.1998342037215135,0.14432245746855674
2025-04-01,2425,24,Arsenal,Fulham,J Brooks,corners,away,4,3.054281072440273,0.07273782789200496,5.1998342037215135,0.14432245746855674
2025-04-01,2425,24,Nott'm Forest,Man United,J Gillett,corners,away,10,5.635206311554305,0.07273782789200496,5.1998342037215135,0.14432245746855674
2025-04-01,2425,24,Wolves,West Ham,T Harrington,corners,away,2,4.711173049572153,0.07273782789200496,5.1998342037215135,0.14432245746855674
2025-04-02,2425,24,Bournemouth,Ipswich,R Jones,corners,away,3,4.078794138841597,0.07273782789200496,5.1998342037215135,0.14432245746855674
2025-04-02,2425,24,Brighton,Aston Villa,S Attwell,corners,away,0,5.161183473282797,0.07273782789200496,5.1998342037215135,0.14432245746855674
2025-04-02,2425,24,Liverpool,Everton,S Barrott,corners,away,5,3.288494398370863,0.07273782789200496,5.1998342037215135,0.14432245746855674
2025-04-02,2425,24,Man City,Leicester,D England,corners,away,0,2.6733115633496394,0.07273782789200496,5.1998342037215135,0.14432245746855674
2025-04-02,2425,24,Newcastle,Brentford,P Bankes,corners,away,5,4.154765945770913,0.07273782789200496,5.1998342037215135,0.14432245746855674
2025-04-02,2425,24,Southampton,Crystal Palace,A Madley,corners,away,2,4.801782871080534,0.07273782789200496,5.1998342037215135,0.14432245746855674
2025-04-03,2425,24,Chelsea,Tottenham,C Pawson,corners,away,6,4.687371834308287,0.07273782789200496,5.1998342037215135,0.14432245746855674
2025-04-05,2425,24,Aston Villa,Nott'm Forest,S Hooper,corners,away,4,3.530110843615754,0.07273782789200496,5.1998342037215135,0.14432245746855674
2025-04-05,2425,24,Crystal Palace,Brighton,A Taylor,corners,away,4,5.0198300476982185,0.07273782789200496,5.1998342037215135,0.14432245746855674
2025-04-05,2425,24,Everton,Arsenal,D England,corners,away,8,6.316865119684548,0.07273782789200496,5.1998342037215135,0.14432245746855674
2025-04-05,2425,24,Ipswich,Wolves,P Bankes,corners,away,8,4.395531233298187,0.07273782789200496,5.1998342037215135,0.14432245746855674
2025-04-05,2425,24,West Ham,Bournemouth,T Robinson,corners,away,7,5.387400773094391,0.07273782789200496,5.1998342037215135,0.14432245746855674
2025-04-06,2425,24,Brentford,Chelsea,M Oliver,corners,away,6,5.847618005007925,0.07273782789200496,5.1998342037215135,0.14432245746855674
2025-04-06,2425,24,Fulham,Liverpool,C Kavanagh,corners,away,4,5.513713683898207,0.07273782789200496,5.1998342037215135,0.14432245746855674
2025-04-06,2425,24,Man United,Man City,J Brooks,corners,away,3,6.416892164999586,0.07273782789200496,5.1998342037215135,0.14432245746855674
2025-04-06,2425,24,Tottenham,Southampton,M Salisbury,corners,away,1,4.409987859503741,0.07273782789200496,5.1998342037215135,0.14432245746855674
2025-04-07,2425,24,Leicester,Newcastle,R Jones,corners,away,2,5.721412603190109,0.07273782789200496,5.1998342037215135,0.14432245746855674
2025-04-01,2425,24,Arsenal,Fulham,J Brooks,fouls,home,2,10.219508111474434,0.00033546262790251185,10.766169149129734,0.01591425315448466
2025-04-01,2425,24,Nott'm Forest,Man United,J Gillett,fouls,home,5,9.32346126410161,0.00033546262790251185,10.766169149129734,0.01591425315448466
2025-04-01,2425,24,Wolves,West Ham,T Harrington,fouls,home,16,11.915322343001026,0.00033546262790251185,10.766169149129734,0.01591425315448466
2025-04-02,2425,24,Bournemouth,Ipswich,R Jones,fouls,home,14,12.416299347954295,0.00033546262790251185,10.766169149129734,0.01591425315448466
2025-04-02,2425,24,Brighton,Aston Villa,S Attwell,fouls,home,16,12.081424083175225,0.00033546262790251185,10.766169149129734,0.01591425315448466
2025-04-02,2425,24,Liverpool,Everton,S Barrott,fouls,home,7,10.067114387434684,0.00033546262790251185,10.766169149129734,0.01591425315448466
2025-04-02,2425,24,Man City,Leicester,D England,fouls,home,11,8.025015157415293,0.00033546262790251185,10.766169149129734,0.01591425315448466
2025-04-02,2425,24,Newcastle,Brentford,P Bankes,fouls,home,12,9.243324172358431,0.00033546262790251185,10.766169149129734,0.01591425315448466
2025-04-02,2425,24,Southampton,Crystal Palace,A Madley,fouls,home,14,12.155013227325702,0.00033546262790251185,10.766169149129734,0.01591425315448466
2025-04-03,2425,24,Chelsea,Tottenham,C Pawson,fouls,home,7,13.025923556934567,0.00033546262790251185,10.766169149129734,0.01591425315448466
2025-04-05,2425,24,Aston Villa,Nott'm Forest,S Hooper,fouls,home,7,10.405327049370083,0.00033546262790251185,10.766169149129734,0.01591425315448466
2025-04-05,2425,24,Crystal Palace,Brighton,A Taylor,fouls,home,12,11.14603419515611,0.00033546262790251185,10.766169149129734,0.01591425315448466
2025-04-05,2425,24,Everton,Arsenal,D England,fouls,home,17,11.370483225998889,0.00033546262790251185,10.766169149129734,0.01591425315448466
2025-04-05,2425,24,Ipswich,Wolves,P Bankes,fouls,home,12,10.519853115665281,0.00033546262790251185,10.766169149129734,0.01591425315448466
2025-04-05,2425,24,West Ham,Bournemouth,T Robinson,fouls,home,13,10.249034618572614,0.00033546262790251185,10.766169149129734,0.01591425315448466
2025-04-06,2425,24,Brentford,Chelsea,M Oliver,fouls,home,12,10.034614415527722,0.00033546262790251185,10.766169149129734,0.01591425315448466
2025-04-06,2425,24,Fulham,Liverpool,C Kavanagh,fouls,home,10,9.499349758821444,0.00033546262790251185,10.766169149129734,0.01591425315448466
2025-04-06,2425,24,Man United,Man City,J Brooks,fouls,home,13,10.170138847072115,0.00033546262790251185,10.766169149129734,0.01591425315448466
2025-04-06,2425,24,Tottenham,Southampton,M Salisbury,fouls,home,16,11.423142558196172,0.00033546262790251185,10.766169149129734,0.01591425315448466
2025-04-07,2425,24,Leicester,Newcastle,R Jones,fouls,home,8,11.911408776229061,0.00033546262790251185,10.766169149129734,0.01591425315448466
2025-04-01,2425,24,Arsenal,Fulham,J Brooks,fouls,away,10,11.314280746758625,0.00033546262790251185,10.766169149129734,0.01591425315448466
2025-04-01,2425,24,Nott'm Forest,Man United,J Gillett,fouls,away,12,10.780675345685877,0.00033546262790251185,10.766169149129734,0.01591425315448466
2025-04-01,2425,24,Wolves,West Ham,T Harrington,fouls,away,12,11.338727792234296,0.00033546262790251185,10.766169149129734,0.01591425315448466
2025-04-02,2425,24,Bournemouth,Ipswich,R Jones,fouls,away,15,11.383640834909018,0.00033546262790251185,10.766169149129734,0.01591425315448466
2025-04-02,2425,24,Brighton,Aston Villa,S Attwell,fouls,away,11,11.270574309277443,0.00033546262790251185,10.766169149129734,0.01591425315448466
2025-04-02,2425,24,Liverpool,Everton,S Barrott,fouls,away,11,10.24801824281831,0.00033546262790251185,10.766169149129734,0.01591425315448466
2025-04-02,2425,24,Man City,Leicester,D England,fouls,away,8,10.59937992819738,0.00033546262790251185,10.766169149129734,0.01591425315448466
2025-04-02,2425,24,Newcastle,Brentford,P Bankes,fouls,away,12,9.75439670028302,0.00033546262790251185,10.766169149129734,0.01591425315448466
2025-04-02,2425,24,Southampton,Crystal Palace,A Madley,fouls,away,9,12.127851846643654,0.00033546262790251185,10.766169149129734,0.01591425315448466
2025-04-03,2425,24,Chelsea,Tottenham,C Pawson,fouls,away,16,12.633137827627012,0.00033546262790251185,10.766169149129734,0.01591425315448466
2025-04-05,2425,24,Aston Villa,Nott'm Forest,S Hooper,fouls,away,15,12.231624931828048,0.00033546262790251185,10.766169149129734,0.01591425315448466
2025-04-05,2425,24,Crystal Palace,Brighton,A Taylor,fouls,away,13,11.635948697489734,0.00033546262790251185,10.766169149129734,0.01591425315448466
2025-04-05,2425,24,Everton,Arsenal,D England,fouls,away,13,10.693858226294857,0.00033546262790251185,10.766169149129734,0.01591425315448466
2025-04-05,2425,24,Ipswich,Wolves,P Bankes,fouls,away,16,11.54373351613309,0.00033546262790251185,10.766169149129734,0.01591425315448466
2025-04-05,2425,24,West Ham,Bournemouth,T Robinson,fouls,away,13,12.921527951283345,0.00033546262790251185,10.766169149129734,0.01591425315448466
2025-04-06,2425,24,Brentford,Chelsea,M Oliver,fouls,away,12,11.429581655438824,0.00033546262790251185,10.766169149129734,0.01591425315448466
2025-04-06,2425,24,Fulham,Liverpool,C Kavanagh,fouls,away,9,10.817368020679181,0.00033546262790251185,10.766169149129734,0.01591425315448466
2025-04-06,2425,24,Man United,Man City,J Brooks,fouls,away,9,7.902120518284993,0.00033546262790251185,10.766169149129734,0.01591425315448466
2025-04-06,2425,24,Tottenham,Southampton,M Salisbury,fouls,away,20,13.933914215017706,0.00033546262790251185,10.766169149129734,0.01591425315448466
2025-04-07,2425,24,Leicester,Newcastle,R Jones,fouls,away,9,10.86750506337509,0.00033546262790251185,10.766169149129734,0.01591425315448466
2025-04-12,2425,25,Arsenal,Brentford,S Hooper,yellows,home,1,1.6256985501606003,0.00033546262790251185,1.8045379990281147,0.00033546262790251185
2025-04-12,2425,25,Brighton,Leicester,D Bond,yellows,home,2,1.491572562423069,0.00033546262790251185,1.8045379990281147,0.00033546262790251185
2025-04-12,2425,25,Man City,Crystal Palace,J Gillett,yellows,home,2,1.403506051622824,0.00033546262790251185,1.8045379990281147,0.00033546262790251185
2025-04-12,2425,25,Nott'm Forest,Everton,C Pawson,yellows,home,0,1.4838187872768425,0.00033546262790251185,1.8045379990281147,0.00033546262790251185
2025-04-12,2425,25,Southampton,Aston Villa,T Bramall,yellows,home,3,2.2867566059287388,0.00033546262790251185,1.8045379990281147,0.00033546262790251185
2025-04-13,2425,25,Chelsea,Ipswich,S Attwell,yellows,home,2,1.9558052945432738,0.00033546262790251185,1.8045379990281147,0.00033546262790251185
2025-04-13,2425,25,Liverpool,West Ham,A Madley,yellows,home,0,1.4261809627018096,0.00033546262790251185,1.8045379990281147,0.00033546262790251185
2025-04-13,2425,25,Newcastle,Man United,C Kavanagh,yellows,home,0,1.668210017287428,0.00033546262790251185,1.8045379990281147,0.00033546262790251185
2025-04-13,2425,25,Wolves,Tottenham,A Taylor,yellows,home,1,2.058772499578422,0.00033546262790251185,1.8045379990281147,0.00033546262790251185
2025-04-14,2425,25,Bournemouth,Fulham,O Oliver,yellows,home,3,1.8557676841535622,0.00033546262790251185,1.8045379990281147,0.00033546262790251185
2025-04-16,2425,25,Newcastle,Crystal Palace,D England,yellows,home,2,1.6493594226005557,0.00033546262790251185,1.8045379990281147,0.00033546262790251185
2025-04-12,2425,25,Arsenal,Brentford,S Hooper,yellows,away,3,1.952492668956854,0.00033546262790251185,1.8045379990281147,0.00033546262790251185
2025-04-12,2425,25,Brighton,Leicester,D Bond,yellows,away,5,2.4251425093957675,0.00033546262790251185,1.8045379990281147,0.00033546262790251185
2025-04-12,2425,25,Man City,Crystal Palace,J Gillett,yellows,away,3,2.219587082134169,0.00033546262790251185,1.8045379990281147,0.00033546262790251185
2025-04-12,2425,25,Nott'm Forest,Everton,C Pawson,yellows,away,3,2.3544180586941055,0.00033546262790251185,1.8045379990281147,0.00033546262790251185
2025-04-12,2425,25,Southampton,Aston Villa,T Bramall,yellows,away,1,1.7424288611542111,0.00033546262790251185,1.8045379990281147,0.00033546262790251185
2025-04-13,2425,25,Chelsea,Ipswich,S Attwell,yellows,away,2,2.5765761443511486,0.00033546262790251185,1.8045379990281147,0.00033546262790251185
2025-04-13,2425,25,Liverpool,West Ham,A Madley,yellows,away,2,2.0932709260059523,0.00033546262790251185,1.8045379990281147,0.00033546262790251185
2025-04-13,2425,25,Newcastle,Man United,C Kavanagh,yellows,away,2,2.494336758971328,0.00033546262790251185,1.8045379990281147,0.00033546262790251185
2025-04-13,2425,25,Wolves,Tottenham,A Taylor,yellows,away,2,2.0540565007247116,0.00033546262790251185,1.8045379990281147,0.00033546262790251185
2025-04-14,2425,25,Bournemouth,Fulham,O Oliver,yellows,away,2,2.234616602343924,0.00033546262790251185,1.8045379990281147,0.00033546262790251185
2025-04-16,2425,25,Newcastle,Crystal Palace,D England,yellows,away,3,2.4060132885995587,0.00033546262790251185,1.8045379990281147,0.00033546262790251185
2025-04-12,2425,25,Arsenal,Brentford,S Hooper,reds,home,0,0.0658306178512803,0.0,0.0585019136139967,0.0
2025-04-12,2425,25,Brighton,Leicester,D Bond,reds,home,0,0.05678219472850938,0.0,0.0585019136139967,0.0
2025-04-12,2425,25,Man City,Crystal Palace,J Gillett,reds,home,0,0.05882536880020429,0.0,0.0585019136139967,0.0
2025-04-12,2425,25,Nott'm Forest,Everton,C Pawson,reds,home,0,0.05212214862219962,0.0,0.0585019136139967,0.0
2025-04-12,2425,25,Southampton,Aston Villa,T Bramall,reds,home,0,0.06228726464143947,0.0,0.0585019136139967,0.0
2025-04-13,2425,25,Chelsea,Ipswich,S Attwell,reds,home,0,0.05876135155212691,0.0,0.0585019136139967,0.0
2025-04-13,2425,25,Liverpool,West Ham,A Madley,reds,home,0,0.052751287344557696,0.0,0.0585019136139967,0.0
2025-04-13,2425,25,Newcastle,Man United,C Kavanagh,reds,home,0,0.04998015223534538,0.0,0.0585019136139967,0.0
2025-04-13,2425,25,Wolves,Tottenham,A Taylor,reds,home,0,0.06682554176601499,0.0,0.0585019136139967,0.0
2025-04-14,2425,25,Bournemouth,Fulham,O Oliver,reds,home,0,0.056178899373285095,0.0,0.0585019136139967,0.0
2025-04-16,2425,25,Newcastle,Crystal Palace,D England,reds,home,0,0.05893368595955467,0.0,0.0585019136139967,0.0
2025-04-12,2425,25,Arsenal,Brentford,S Hooper,reds,away,0,0.05489854799552071,0.0,0.0585019136139967,0.0
2025-04-12,2425,25,Brighton,Leicester,D Bond,reds,away,0,0.05467608906470385,0.0,0.0585019136139967,0.0
2025-04-12,2425,25,Man City,Crystal Palace,J Gillett,reds,away,0,0.05784562636557224,0.0,0.0585019136139967,0.0
2025-04-12,2425,25,Nott'm Forest,Everton,C Pawson,reds,away,0,0.0639635681868581,0.0,0.0585019136139967,0.0
2025-04-12,2425,25,Southampton,Aston Villa,T Bramall,reds,away,0,0.05487117796830759,0.0,0.0585019136139967,0.0
2025-04-13,2425,25,Chelsea,Ipswich,S Attwell,reds,away,0,0.06338646334247323,0.0,0.0585019136139967,0.0
2025-04-13,2425,25,Liverpool,West Ham,A Madley,reds,away,0,0.059848944499393444,0.0,0.0585019136139967,0.0
2025-04-13,2425,25,Newcastle,Man United,C Kavanagh,reds,away,0,0.057771055698091815,0.0,0.0585019136139967,0.0
2025-04-13,2425,25,Wolves,Tottenham,A Taylor,reds,away,0,0.06223660768719836,0.0,0.0585019136139967,0.0
2025-04-14,2425,25,Bournemouth,Fulham,O Oliver,reds,away,0,0.057249897350342666,0.0,0.0585019136139967,0.0
2025-04-16,2425,25,Newcastle,Crystal Palace,D England,reds,away,0,0.06116287547489574,0.0,0.0585019136139967,0.0
2025-04-12,2425,25,Arsenal,Brentford,S Hooper,corners,home,13,7.496046344374247,0.07527970240328838,5.191087935668093,0.1445480793774943
2025-04-12,2425,25,Brighton,Leicester,D Bond,corners,home,3,6.202506238121803,0.07527970240328838,5.191087935668093,0.1445480793774943
2025-04-12,2425,25,Man City,Crystal Palace,J Gillett,corners,home,1,7.372783082882945,0.07527970240328838,5.191087935668093,0.1445480793774943
2025-04-12,2425,25,Nott'm Forest,Everton,C Pawson,corners,home,1,5.348207077124471,0.07527970240328838,5.191087935668093,0.1445480793774943
2025-04-12,2425,25,Southampton,Aston Villa,T Bramall,corners,home,2,4.185884719138956,0.07527970240328838,5.191087935668093,0.1445480793774943
2025-04-13,2425,25,Chelsea,Ipswich,S Attwell,corners,home,15,7.279350789341082,0.07527970240328838,5.191087935668093,0.1445480793774943
2025-04-13,2425,25,Liverpool,West Ham,A Madley,corners,home,10,7.216332067702308,0.07527970240328838,5.191087935668093,0.1445480793774943
2025-04-13,2425,25,Newcastle,Man United,C Kavanagh,corners,home,7,6.204661157315993,0.07527970240328838,5.191087935668093,0.1445480793774943
2025-04-13,2425,25,Wolves,Tottenham,A Taylor,corners,home,1,4.825082646042477,0.07527970240328838,5.191087935668093,0.1445480793774943
2025-04-14,2425,25,Bournemouth,Fulham,O Oliver,corners,home,6,5.9386941405491225,0.07527970240328838,5.191087935668093,0.1445480793774943
2025-04-16,2425,25,Newcastle,Crystal Palace,D England,corners,home,5,6.094704109703759,0.07527970240328838,5.191087935668093,0.1445480793774943
2025-04-12,2425,25,Arsenal,Brentford,S Hooper,corners,away,5,2.7826439262756932,0.07527970240328838,5.191087935668093,0.1445480793774943
2025-04-12,2425,25,Brighton,Leicester,D Bond,corners,away,6,3.6042555005054924,0.07527970240328838,5.191087935668093,0.1445480793774943
2025-04-12,2425,25,Man City,Crystal Palace,J Gillett,corners,away,4,3.0672838520096093,0.07527970240328838,5.191087935668093,0.1445480793774943
2025-04-12,2425,25,Nott'm Forest,Everton,C Pawson,corners,away,7,4.91891680499022,0.07527970240328838,5.191087935668093,0.1445480793774943
2025-04-12,2425,25,Southampton,Aston Villa,T Bramall,corners,away,14,5.515851786848559,0.07527970240328838,5.191087935668093,0.1445480793774943
2025-04-13,2425,25,Chelsea,Ipswich,S Attwell,corners,away,4,3.1549330908024658,0.07527970240328838,5.191087935668093,0.1445480793774943
2025-04-13,2425,25,Liverpool,West Ham,A Madley,corners,away,3,3.402397480338063,0.07527970240328838,5.191087935668093,0.1445480793774943
2025-04-13,2425,25,Newcastle,Man United,C Kavanagh,corners,away,2,4.965372957093522,0.07527970240328838,5.191087935668093,0.1445480793774943
2025-04-13,2425,25,Wolves,Tottenham,A Taylor,corners,away,4,6.323172387243948,0.07527970240328838,5.191087935668093,0.1445480793774943
2025-04-14,2425,25,Bournemouth,Fulham,O Oliver,corners,away,9,4.960216225511314,0.07527970240328838,5.191087935668093,0.1445480793774943
2025-04-16,2425,25,Newcastle,Crystal Palace,D England,corners,away,4,4.28389782021637,0.07527970240328838,5.191087935668093,0.1445480793774943
2025-04-12,2425,25,Arsenal,Brentford,S Hooper,fouls,home,7,9.552820833168163,0.00033546262790251185,10.776653840138891,0.015893656938339513
2025-04-12,2425,25,Brighton,Leicester,D Bond,fouls,home,9,10.958920517383659,0.00033546262790251185,10.776653840138891,0.015893656938339513
2025-04-12,2425,25,Man City,Crystal Palace,J Gillett,fouls,home,10,8.29699703549358,0.00033546262790251185,10.776653840138891,0.015893656938339513
2025-04-12,2425,25,Nott'm Forest,Everton,C Pawson,fouls,home,9,9.752758900050543,0.00033546262790251185,10.776653840138891,0.015893656938339513
2025-04-12,2425,25,Southampton,Aston Villa,T Bramall,fouls,home,11,13.324880889443763,0.00033546262790251185,10.776653840138891,0.015893656938339513
2025-04-13,2425,25,Chelsea,Ipswich,S Attwell,fouls,home,11,10.171431726753237,0.00033546262790251185,10.776653840138891,0.015893656938339513
2025-04-13,2425,25,Liverpool,West Ham,A Madley,fouls,home,15,11.28424342628377,0.00033546262790251185,10.776653840138891,0.015893656938339513
2025-04-13,2425,25,Newcastle,Man United,C Kavanagh,fouls,home,7,9.116665446601644,0.00033546262790251185,10.776653840138891,0.015893656938339513
2025-04-13,2425,25,Wolves,Tottenham,A Taylor,fouls,home,12,13.565252375703842,0.00033546262790251185,10.776653840138891,0.015893656938339513
2025-04-14,2425,25,Bournemouth,Fulham,O Oliver,fouls,home,11,11.271130773537738,0.00033546262790251185,10.776653840138891,0.015893656938339513
2025-04-16,2425,25,Newcastle,Crystal Palace,D England,fouls,home,9,11.158738806891005,0.00033546262790251185,10.776653840138891,0.015893656938339513
2025-04-12,2425,25,Arsenal,Brentford,S Hooper,fouls,away,9,9.097995601736729,0.00033546262790251185,10.776653840138891,0.015893656938339513
2025-04-12,2425,25,Brighton,Leicester,D Bond,fouls,away,11,11.52886941408897,0.00033546262790251185,10.776653840138891,0.015893656938339513
2025-04-12,2425,25,Man City,Crystal Palace,J Gillett,fouls,away,16,10.510162384430128,0.00033546262790251185,10.776653840138891,0.015893656938339513
2025-04-12,2425,25,Nott'm Forest,Everton,C Pawson,fouls,away,13,11.73989495143435,0.00033546262790251185,10.776653840138891,0.015893656938339513
2025-04-12,2425,25,Southampton,Aston Villa,T Bramall,fouls,away,4,11.441483774840476,0.00033546262790251185,10.776653840138891,0.015893656938339513
2025-04-13,2425,25,Chelsea,Ipswich,S Attwell,fouls,away,7,11.835827392923486,0.00033546262790251185,10.776653840138891,0.015893656938339513
2025-04-13,2425,25,Liverpool,West Ham,A Madley,fouls,away,8,10.40529265271766,0.00033546262790251185,10.776653840138891,0.015893656938339513
2025-04-13,2425,25,Newcastle,Man United,C Kavanagh,fouls,away,9,11.876565827172374,0.00033546262790251185,10.776653840138891,0.015893656938339513
2025-04-13,2425,25,Wolves,Tottenham,A Taylor,fouls,away,15,11.63398053188716,0.00033546262790251185,10.776653840138891,0.015893656938339513
2025-04-14,2425,25,Bournemouth,Fulham,O Oliver,fouls,away,10,10.724224615101381,0.00033546262790251185,10.776653840138891,0.015893656938339513
2025-04-16,2425,25,Newcastle,Crystal Palace,D England,fouls,away,15,12.94526486914527,0.00033546262790251185,10.776653840138891,0.015893656938339513
2025-04-19,2425,26,Aston Villa,Newcastle,J Gillett,yellows,home,1,2.1946039691394246,0.00033546262790251185,1.8057065217714268,0.00033546262790251185
2025-04-19,2425,26,Brentford,Brighton,T Robinson,yellows,home,3,1.8519969317078557,0.00033546262790251185,1.8057065217714268,0.00033546262790251185
2025-04-19,2425,26,Crystal Palace,Bournemouth,S Barrott,yellows,home,3,1.9111850401764474,0.00033546262790251185,1.8057065217714268,0.00033546262790251185
2025-04-19,2425,26,Everton,Man City,S Hooper,yellows,home,4,2.168817210593004,0.00033546262790251185,1.8057065217714268,0.00033546262790251185
2025-04-19,2425,26,West Ham,Southampton,A Kitchen,yellows,home,2,1.4229847418147856,0.00033546262790251185,1.8057065217714268,0.00033546262790251185
2025-04-20,2425,26,Fulham,Chelsea,A Taylor,yellows,home,1,1.9896950769864397,0.00033546262790251185,1.8057065217714268,0.00033546262790251185
2025-04-20,2425,26,Ipswich,Arsenal,C Kavanagh,yellows,home,0,2.1257563543200773,0.00033546262790251185,1.8057065217714268,0.00033546262790251185
2025-04-20,2425,26,Leicester,Liverpool,S Attwell,yellows,home,1,2.0499005980542733,0.00033546262790251185,1.8057065217714268,0.00033546262790251185
2025-04-20,2425,26,Man United,Wolves,R Jones,yellows,home,2,1.989391565370192,0.00033546262790251185,1.8057065217714268,0.00033546262790251185
2025-04-21,2425,26,Tottenham,Nott'm Forest,P Bankes,yellows,home,1,1.964327515134588,0.00033546262790251185,1.8057065217714268,0.00033546262790251185
2025-04-22,2425,26,Man City,Aston Villa,C Pawson,yellows,home,3,1.741924226896543,0.00033546262790251185,1.8057065217714268,0.00033546262790251185
2025-04-23,2425,26,Arsenal,Crystal Palace,M Salisbury,yellows,home,1,1.5333612109987727,0.00033546262790251185,1.8057065217714268,0.00033546262790251185
2025-04-19,2425,26,Aston Villa,Newcastle,J Gillett,yellows,away,3,2.1888727385424374,0.00033546262790251185,1.8057065217714268,0.00033546262790251185
2025-04-19,2425,26,Brentford,Brighton,T Robinson,yellows,away,3,2.0037243683505026,0.00033546262790251185,1.8057065217714268,0.00033546262790251185
2025-04-19,2425,26,Crystal Palace,Bournemouth,S Barrott,yellows,away,4,2.264114673053832,0.00033546262790251185,1.8057065217714268,0.00033546262790251185
2025-04-19,2425,26,Everton,Man City,S Hooper,yellows,away,0,1.3675675132563714,0.00033546262790251185,1.8057065217714268,0.00033546262790251185
2025-04-19,2425,26,West Ham,Southampton,A Kitchen,yellows,away,1,1.968029594027484,0.00033546262790251185,1.8057065217714268,0.00033546262790251185
2025-04-20,2425,26,Fulham,Chelsea,A Taylor,yellows,away,3,2.171807694048088,0.00033546262790251185,1.8057065217714268,0.00033546262790251185
2025-04-20,2425,26,Ipswich,Arsenal,C Kavanagh,yellows,away,0,1.648001849177053,0.00033546262790251185,1.8057065217714268,0.00033546262790251185
2025-04-20,2425,26,Leicester,Liverpool,S Attwell,yellows,away,2,1.4432866706882737,0.00033546262790251185,1.8057065217714268,0.00033546262790251185
2025-04-20,2425,26,Man United,Wolves,R Jones,yellows,away,3,2.121587026875305,0.00033546262790251185,1.8057065217714268,0.00033546262790251185
2025-04-21,2425,26,Tottenham,Nott'm Forest,P Bankes,yellows,away,4,2.207559777206697,0.00033546262790251185,1.8057065217714268,0.00033546262790251185
2025-04-22,2425,26,Man City,Aston Villa,C Pawson,yellows,away,3,2.404322783288853,0.00033546262790251185,1.8057065217714268,0.00033546262790251185
2025-04-23,2425,26,Arsenal,Crystal Palace,M Salisbury,yellows,away,1,2.1192390983659757,0.00033546262790251185,1.8057065217714268,0.00033546262790251185
2025-04-19,2425,26,Aston Villa,Newcastle,J Gillett,reds,home,0,0.0595652990276151,0.0,0.05815217391304348,0.0
2025-04-19,2425,26,Brentford,Brighton,T Robinson,reds,home,0,0.058666800970217654,0.0,0.05815217391304348,0.0
2025-04-19,2425,26,Crystal Palace,Bournemouth,S Barrott,reds,home,1,0.05562659431174101,0.0,0.05815217391304348,0.0
2025-04-19,2425,26,Everton,Man City,S Hooper,reds,home,0,0.059440834521642255,0.0,0.05815217391304348,0.0
2025-04-19,2425,26,West Ham,Southampton,A Kitchen,reds,home,0,0.05647075319031375,0.0,0.05815217391304348,0.0
2025-04-20,2425,26,Fulham,Chelsea,A Taylor,reds,home,0,0.06321639575895238,0.0,0.05815217391304348,0.0
2025-04-20,2425,26,Ipswich,Arsenal,C Kavanagh,reds,home,1,0.057557769654712515,0.0,0.05815217391304348,0.0
2025-04-20,2425,26,Leicester,Liverpool,S Attwell,reds,home,0,0.05238677194100307,0.0,0.05815217391304348,0.0
2025-04-20,2425,26,Man United,Wolves,R Jones,reds,home,0,0.05845229082638226,0.0,0.05815217391304348,0.0
2025-04-21,2425,26,Tottenham,Nott'm Forest,P Bankes,reds,home,0,0.06142810876295575,0.0,0.05815217391304348,0.0
2025-04-22,2425,26,Man City,Aston Villa,C Pawson,reds,home,0,0.05841788920512555,0.0,0.05815217391304348,0.0
2025-04-23,2425,26,Arsenal,Crystal Palace,M Salisbury,reds,home,0,0.06877888858317721,0.0,0.05815217391304348,0.0
2025-04-19,2425,26,Aston Villa,Newcastle,J Gillett,reds,away,0,0.05843651081792152,0.0,0.05815217391304348,0.0
2025-04-19,2425,26,Brentford,Brighton,T Robinson,reds,away,1,0.06208514194560818,0.0,0.05815217391304348,0.0
2025-04-19,2425,26,Crystal Palace,Bournemouth,S Barrott,reds,away,0,0.05973014064593428,0.0,0.05815217391304348,0.0
2025-04-19,2425,26,Everton,Man City,S Hooper,reds,away,0,0.04961424009548532,0.0,0.05815217391304348,0.0
2025-04-19,2425,26,West Ham,Southampton,A Kitchen,reds,away,0,0.05357604483948283,0.0,0.05815217391304348,0.0
2025-04-20,2425,26,Fulham,Chelsea,A Taylor,reds,away,0,0.05880295189420216,0.0,0.05815217391304348,0.0
2025-04-20,2425,26,Ipswich,Arsenal,C Kavanagh,reds,away,0,0.06378945276050245,0.0,0.05815217391304348,0.0
2025-04-20,2425,26,Leicester,Liverpool,S Attwell,reds,away,0,0.052476534667940514,0.0,0.05815217391304348,0.0
2025-04-20,2425,26,Man United,Wolves,R Jones,reds,away,0,0.055366815258231686,0.0,0.05815217391304348,0.0
2025-04-21,2425,26,Tottenham,Nott'm Forest,P Bankes,reds,away,0,0.06208239839499536,0.0,0.05815217391304348,0.0
2025-04-22,2425,26,Man City,Aston Villa,C Pawson,reds,away,0,0.05642678663090755,0.0,0.05815217391304348,0.0
2025-04-23,2425,26,Arsenal,Crystal Palace,M Salisbury,reds,away,0,0.05653046105647123,0.0,0.05815217391304348,0.0
2025-04-19,2425,26,Aston Villa,Newcastle,J Gillett,corners,home,7,6.451201445528589,0.07996102092628946,5.194293438952591,0.14578863583577398
2025-04-19,2425,26,Brentford,Brighton,T Robinson,corners,home,4,4.828167965871531,0.07996102092628946,5.194293438952591,0.14578863583577398
2025-04-19,2425,26,Crystal Palace,Bournemouth,S Barrott,corners,home,5,5.323070360961983,0.07996102092628946,5.194293438952591,0.14578863583577398
2025-04-19,2425,26,Everton,Man City,S Hooper,corners,home,2,3.599270349014749,0.07996102092628946,5.194293438952591,0.14578863583577398
2025-04-19,2425,26,West Ham,Southampton,A Kitchen,corners,home,2,5.374913882334239,0.07996102092628946,5.194293438952591,0.14578863583577398
2025-04-20,2425,26,Fulham,Chelsea,A Taylor,corners,home,6,4.782845575366251,0.07996102092628946,5.194293438952591,0.14578863583577398
2025-04-20,2425,26,Ipswich,Arsenal,C Kavanagh,corners,home,0,3.0594256113477187,0.07996102092628946,5.194293438952591,0.14578863583577398
2025-04-20,2425,26,Leicester,Liverpool,S Attwell,corners,home,1,3.7355287254104965,0.07996102092628946,5.194293438952591,0.14578863583577398
2025-04-20,2425,26,Man United,Wolves,R Jones,corners,home,9,6.2996471682069375,0.07996102092628946,5.194293438952591,0.14578863583577398
2025-04-21,2425,26,Tottenham,Nott'm Forest,P Bankes,corners,home,7,8.007743648771084,0.07996102092628946,5.194293438952591,0.14578863583577398
2025-04-22,2425,26,Man City,Aston Villa,C Pawson,corners,home,10,5.998713806321563,0.07996102092628946,5.194293438952591,0.14578863583577398
2025-04-23,2425,26,Arsenal,Crystal Palace,M Salisbury,corners,home,3,6.881308520146767,0.07996102092628946,5.194293438952591,0.14578863583577398
2025-04-19,2425,26,Aston Villa,Newcastle,J Gillett,corners,away,7,4.416761958393187,0.07996102092628946,5.194293438952591,0.14578863583577398
2025-04-19,2425,26,Brentford,Brighton,T Robinson,corners,away,8,5.308830005400701,0.07996102092628946,5.194293438952591,0.14578863583577398
2025-04-19,2425,26,Crystal Palace,Bournemouth,S Barrott,corners,away,4,5.482800480897458,0.07996102092628946,5.194293438952591,0.14578863583577398
2025-04-19,2425,26,Everton,Man City,S Hooper,corners,away,5,6.508214174483977,0.07996102092628946,5.194293438952591,0.14578863583577398
2025-04-19,2425,26,West Ham,Southampton,A Kitchen,corners,away,5,3.9788350779777177,0.07996102092628946,5.194293438952591,0.14578863583577398
2025-04-20,2425,26,Fulham,Chelsea,A Taylor,corners,away,4,4.9698932586169695,0.07996102092628946,5.194293438952591,0.14578863583577398
2025-04-20,2425,26,Ipswich,Arsenal,C Kavanagh,corners,away,12,7.150940868798796,0.07996102092628946,5.194293438952591,0.14578863583577398
2025-04-20,2425,26,Leicester,Liverpool,S Attwell,corners,away,13,6.42347573206559,0.07996102092628946,5.194293438952591,0.14578863583577398
2025-04-20,2425,26,Man United,Wolves,R Jones,corners,away,2,4.039309447397125,0.07996102092628946,5.194293438952591,0.14578863583577398
2025-04-21,2425,26,Tottenham,Nott'm Forest,P Bankes,corners,away,1,4.026305658412558,0.07996102092628946,5.194293438952591,0.14578863583577398
2025-04-22,2425,26,Man City,Aston Villa,C Pawson,corners,away,2,3.902959788554286,0.07996102092628946,5.194293438952591,0.14578863583577398
2025-04-23,2425,26,Arsenal,Crystal Palace,M Salisbury,corners,away,6,2.82515992083832,0.07996102092628946,5.194293438952591,0.14578863583577398
2025-04-19,2425,26,Aston Villa,Newcastle,J Gillett,fouls,home,9,11.406586054942492,0.00033546262790251185,10.774184860248194,0.015737989189356438
2025-04-19,2425,26,Brentford,Brighton,T Robinson,fouls,home,7,9.774857870804382,0.00033546262790251185,10.774184860248194,0.015737989189356438
2025-04-19,2425,26,Crystal Palace,Bournemouth,S Barrott,fouls,home,13,10.24787631810196,0.00033546262790251185,10.774184860248194,0.015737989189356438
2025-04-19,2425,26,Everton,Man City,S Hooper,fouls,home,7,10.264998498084736,0.00033546262790251185,10.774184860248194,0.015737989189356438
2025-04-19,2425,26,West Ham,Southampton,A Kitchen,fouls,home,14,10.533551988913485,0.00033546262790251185,10.774184860248194,0.015737989189356438
2025-04-20,2425,26,Fulham,Chelsea,A Taylor,fouls,home,13,11.07743643857706,0.00033546262790251185,10.774184860248194,0.015737989189356438
2025-04-20,2425,26,Ipswich,Arsenal,C Kavanagh,fouls,home,10,10.548811464529775,0.00033546262790251185,10.774184860248194,0.015737989189356438
2025-04-20,2425,26,Leicester,Liverpool,S Attwell,fouls,home,11,8.712147013900509,0.00033546262790251185,10.774184860248194,0.015737989189356438
2025-04-20,2425,26,Man United,Wolves,R Jones,fouls,home,11,11.339080606306498,0.00033546262790251185,10.774184860248194,0.015737989189356438
2025-04-21,2425,26,Tottenham,Nott'm Forest,P Bankes,fouls,home,11,10.797396803547668,0.00033546262790251185,10.774184860248194,0.015737989189356438
2025-04-22,2425,26,Man City,Aston Villa,C Pawson,fouls,home,9,9.697452770129676,0.00033546262790251185,10.774184860248194,0.015737989189356438
2025-04-23,2425,26,Arsenal,Crystal Palace,M Salisbury,fouls,home,4,11.246092806185283,0.00033546262790251185,10.774184860248194,0.015737989189356438
2025-04-19,2425,26,Aston Villa,Newcastle,J Gillett,fouls,away,12,12.391048833086089,0.00033546262790251185,10.774184860248194,0.015737989189356438
2025-04-19,2425,26,Brentford,Brighton,T Robinson,fouls,away,11,11.3698747116414,0.00033546262790251185,10.774184860248194,0.015737989189356438
2025-04-19,2425,26,Crystal Palace,Bournemouth,S Barrott,fouls,away,10,12.89273860861161,0.00033546262790251185,10.774184860248194,0.015737989189356438
2025-04-19,2425,26,Everton,Man City,S Hooper,fouls,away,6,7.69926090226752,0.00033546262790251185,10.774184860248194,0.015737989189356438
2025-04-19,2425,26,West Ham,Southampton,A Kitchen,fouls,away,13,11.986623089803084,0.00033546262790251185,10.774184860248194,0.015737989189356438
2025-04-20,2425,26,Fulham,Chelsea,A Taylor,fouls,away,9,10.347573613885906,0.00033546262790251185,10.774184860248194,0.015737989189356438
2025-04-20,2425,26,Ipswich,Arsenal,C Kavanagh,fouls,away,7,10.495578860642986,0.00033546262790251185,10.774184860248194,0.015737989189356438
2025-04-20,2425,26,Leicester,Liverpool,S Attwell,fouls,away,7,10.532371649789617,0.00033546262790251185,10.774184860248194,0.015737989189356438
2025-04-20,2425,26,Man United,Wolves,R Jones,fouls,away,18,11.94133115225791,0.00033546262790251185,10.774184860248194,0.015737989189356438
2025-04-21,2425,26,Tottenham,Nott'm Forest,P Bankes,fouls,away,12,12.163796750287702,0.00033546262790251185,10.774184860248194,0.015737989189356438
2025-04-22,2425,26,Man City,Aston Villa,C Pawson,fouls,away,10,10.75796101914269,0.00033546262790251185,10.774184860248194,0.015737989189356438
2025-04-23,2425,26,Arsenal,Crystal Palace,M Salisbury,fouls,away,6,12.015646144621737,0.00033546262790251185,10.774184860248194,0.015737989189356438
2025-04-26,2425,27,Brighton,West Ham,D England,yellows,home,1,1.6292772861288864,0.00033546262790251185,1.807235421198904,0.00033546262790251185
2025-04-26,2425,27,Chelsea,Everton,C Kavanagh,yellows,home,0,1.7371748476944768,0.00033546262790251185,1.807235421198904,0.00033546262790251185
2025-04-26,2425,27,Newcastle,Ipswich,M Salisbury,yellows,home,1,1.3665104270480746,0.00033546262790251185,1.807235421198904,0.00033546262790251185
2025-04-26,2425,27,Southampton,Fulham,T Harrington,yellows,home,1,1.8306035842764925,0.00033546262790251185,1.807235421198904,0.00033546262790251185
2025-04-26,2425,27,Wolves,Leicester,S Barrott,yellows,home,1,1.5818760611240847,0.00033546262790251185,1.807235421198904,0.00033546262790251185
2025-04-27,2425,27,Bournemouth,Man United,P Bankes,yellows,home,4,2.0555251954785714,0.00033546262790251185,1.807235421198904,0.00033546262790251185
2025-04-27,2425,27,Liverpool,Tottenham,T Bramall,yellows,home,2,1.8012548878640426,0.00033546262790251185,1.807235421198904,0.00033546262790251185
2025-04-26,2425,27,Brighton,West Ham,D England,yellows,away,1,2.3579516249723773,0.00033546262790251185,1.807235421198904,0.00033546262790251185
2025-04-26,2425,27,Chelsea,Everton,C Kavanagh,yellows,away,0,2.4709077273106614,0.00033546262790251185,1.807235421198904,0.00033546262790251185
2025-04-26,2425,27,Newcastle,Ipswich,M Salisbury,yellows,away,2,2.4094920696555215,0.00033546262790251185,1.807235421198904,0.00033546262790251185
2025-04-26,2425,27,Southampton,Fulham,T Harrington,yellows,away,1,1.730704518316107,0.00033546262790251185,1.807235421198904,0.00033546262790251185
2025-04-26,2425,27,Wolves,Leicester,S Barrott,yellows,away,4,2.3376160307299454,0.00033546262790251185,1.807235421198904,0.00033546262790251185
2025-04-27,2425,27,Bournemouth,Man United,P Bankes,yellows,away,2,2.2884595564055976,0.00033546262790251185,1.807235421198904,0.00033546262790251185
2025-04-27,2425,27,Liverpool,Tottenham,T Bramall,yellows,away,1,2.1509876571895115,0.00033546262790251185,1.807235421198904,0.00033546262790251185
2025-04-26,2425,27,Brighton,West Ham,D England,reds,home,0,0.05761661742892425,0.0,0.058585313174945995,0.0
2025-04-26,2425,27,Chelsea,Everton,C Kavanagh,reds,home,0,0.053625788099522,0.0,0.058585313174945995,0.0
2025-04-26,2425,27,Newcastle,Ipswich,M Salisbury,reds,home,0,0.05446347422361917,0.0,0.058585313174945995,0.0
2025-04-26,2425,27,Southampton,Fulham,T Harrington,reds,home,0,0.058063625776888915,0.0,0.058585313174945995,0.0
2025-04-26,2425,27,Wolves,Leicester,S Barrott,reds,home,0,0.05661443411547868,0.0,0.058585313174945995,0.0
2025-04-27,2425,27,Bournemouth,Man United,P Bankes,reds,home,1,0.05088224295930953,0.0,0.058585313174945995,0.0
2025-04-27,2425,27,Liverpool,Tottenham,T Bramall,reds,home,0,0.06192752646768805,0.0,0.058585313174945995,0.0
2025-04-26,2425,27,Brighton,West Ham,D England,reds,away,0,0.061932693733894664,0.0,0.058585313174945995,0.0
2025-04-26,2425,27,Chelsea,Everton,C Kavanagh,reds,away,0,0.06416386023886879,0.0,0.058585313174945995,0.0
2025-04-26,2425,27,Newcastle,Ipswich,M Salisbury,reds,away,1,0.06339438320293045,0.0,0.058585313174945995,0.0
2025-04-26,2425,27,Southampton,Fulham,T Harrington,reds,away,0,0.0569747903798449,0.0,0.058585313174945995,0.0
2025-04-26,2425,27,Wolves,Leicester,S Barrott,reds,away,0,0.05549780017191206,0.0,0.058585313174945995,0.0
2025-04-27,2425,27,Bournemouth,Man United,P Bankes,reds,away,0,0.053828233869477216,0.0,0.058585313174945995,0.0
2025-04-27,2425,27,Liverpool,Tottenham,T Bramall,reds,away,0,0.05874294902226195,0.0,0.058585313174945995,0.0
2025-04-26,2425,27,Brighton,West Ham,D England,corners,home,8,5.603617348247074,0.07970859981889025,5.194384469092792,0.14649630279955156
2025-04-26,2425,27,Chelsea,Everton,C Kavanagh,corners,home,10,7.015598659939012,0.07970859981889025,5.194384469092792,0.14649630279955156
2025-04-26,2425,27,Newcastle,Ipswich,M Salisbury,corners,home,11,7.352771970454981,0.07970859981889025,5.194384469092792,0.14649630279955156
2025-04-26,2425,27,Southampton,Fulham,T Harrington,corners,home,0,4.274124054587343,0.07970859981889025,5.194384469092792,0.14649630279955156
2025-04-26,2425,27,Wolves,Leicester,S Barrott,corners,home,4,4.877237708315801,0.07970859981889025,5.194384469092792,0.14649630279955156
2025-04-27,2425,27,Bournemouth,Man United,P Bankes,corners,home,5,6.56251746359113,0.07970859981889025,5.194384469092792,0.14649630279955156
2025-04-27,2425,27,Liverpool,Tottenham,T Bramall,corners,home,8,7.329017631910683,0.07970859981889025,5.194384469092792,0.14649630279955156
2025-04-26,2425,27,Brighton,West Ham,D England,corners,away,1,3.815474558481013,0.07970859981889025,5.194384469092792,0.14649630279955156
2025-04-26,2425,27,Chelsea,Everton,C Kavanagh,corners,away,2,3.5499649307229677,0.07970859981889025,5.194384469092792,0.14649630279955156
2025-04-26,2425,27,Newcastle,Ipswich,M Salisbury,corners,away,2,3.82474353839409,0.07970859981889025,5.194384469092792,0.14649630279955156
2025-04-26,2425,27,Southampton,Fulham,T Harrington,corners,away,13,5.345902533923489,0.07970859981889025,5.194384469092792,0.14649630279955156
2025-04-26,2425,27,Wolves,Leicester,S Barrott,corners,away,2,4.306987215164453,0.07970859981889025,5.194384469092792,0.14649630279955156
2025-04-27,2425,27,Bournemouth,Man United,P Bankes,corners,away,10,5.168883172371263,0.07970859981889025,5.194384469092792,0.14649630279955156
2025-04-27,2425,27,Liverpool,Tottenham,T Bramall,corners,away,2,4.545715458385862,0.07970859981889025,5.194384469092792,0.14649630279955156
2025-04-26,2425,27,Brighton,West Ham,D England,fouls,home,7,11.618931198296648,0.00033546262790251185,10.769168473066685,0.015646591445457925
2025-04-26,2425,27,Chelsea,Everton,C Kavanagh,fouls,home,11,9.912678063061696,0.00033546262790251185,10.769168473066685,0.015646591445457925
2025-04-26,2425,27,Newcastle,Ipswich,M Salisbury,fouls,home,9,10.081567541240709,0.00033546262790251185,10.769168473066685,0.015646591445457925
2025-04-26,2425,27,Southampton,Fulham,T Harrington,fouls,home,10,10.755432381521073,0.00033546262790251185,10.769168473066685,0.015646591445457925
2025-04-26,2425,27,Wolves,Leicester,S Barrott,fouls,home,7,11.234926987927183,0.00033546262790251185,10.769168473066685,0.015646591445457925
2025-04-27,2425,27,Bournemouth,Man United,P Bankes,fouls,home,11,10.753857534076838,0.00033546262790251185,10.769168473066685,0.015646591445457925
2025-04-27,2425,27,Liverpool,Tottenham,T Bramall,fouls,home,16,12.310365761373003,0.00033546262790251185,10.769168473066685,0.015646591445457925
2025-04-26,2425,27,Brighton,West Ham,D England,fouls,away,9,12.13270693486163,0.00033546262790251185,10.769168473066685,0.015646591445457925
2025-04-26,2425,27,Chelsea,Everton,C Kavanagh,fouls,away,11,12.346581579759643,0.00033546262790251185,10.769168473066685,0.015646591445457925
2025-04-26,2425,27,Newcastle,Ipswich,M Salisbury,fouls,away,9,12.431205507211697,0.00033546262790251185,10.769168473066685,0.015646591445457925
2025-04-26,2425,27,Southampton,Fulham,T Harrington,fouls,away,12,11.51344830183619,0.00033546262790251185,10.769168473066685,0.015646591445457925
2025-04-26,2425,27,Wolves,Leicester,S Barrott,fouls,away,17,10.73627860977813,0.00033546262790251185,10.769168473066685,0.015646591445457925
2025-04-27,2425,27,Bournemouth,Man United,P Bankes,fouls,away,12,10.396079102118573,0.00033546262790251185,10.769168473066685,0.015646591445457925
2025-04-27,2425,27,Liverpool,Tottenham,T Bramall,fouls,away,9,10.422043238398913,0.00033546262790251185,10.769168473066685,0.015646591445457925
2025-05-01,2425,28,Nott'm Forest,Brentford,D England,yellows,home,3,1.7448164517998146,0.00033546262790251185,1.806078536851917,0.00033546262790251185
2025-05-02,2425,28,Man City,Wolves,P Bankes,yellows,home,0,1.59907382823161,0.00033546262790251185,1.806078536851917,0.00033546262790251185
2025-05-03,2425,28,Arsenal,Bournemouth,J Gillett,yellows,home,0,1.7278267088594434,0.00033546262790251185,1.806078536851917,0.00033546262790251185
2025-05-03,2425,28,Aston Villa,Fulham,R Jones,yellows,home,0,1.6927216342381677,0.00033546262790251185,1.806078536851917,0.00033546262790251185
2025-05-03,2425,28,Everton,Ipswich,L Smith,yellows,home,4,1.6060281411920756,0.00033546262790251185,1.806078536851917,0.00033546262790251185
2025-05-03,2425,28,Leicester,Southampton,D Webb,yellows,home,1,1.6096294728184095,0.00033546262790251185,1.806078536851917,0.00033546262790251185
2025-05-04,2425,28,Brentford,Man United,A Taylor,yellows,home,0,1.5083903485952563,0.00033546262790251185,1.806078536851917,0.00033546262790251185
2025-05-04,2425,28,Brighton,Newcastle,C Pawson,yellows,home,2,2.1802041230147338,0.00033546262790251185,1.806078536851917,0.00033546262790251185
2025-05-04,2425,28,Chelsea,Liverpool,S Hooper,yellows,home,2,2.471482441060198,0.00033546262790251185,1.806078536851917,0.00033546262790251185
2025-05-04,2425,28,West Ham,Tottenham,M Oliver,yellows,home,2,1.9618576465129056,0.00033546262790251185,1.806078536851917,0.00033546262790251185
2025-05-05,2425,28,Crystal Palace,Nott'm Forest,A Madley,yellows,home,3,1.9263662892196254,0.00033546262790251185,1.806078536851917,0.00033546262790251185
2025-05-01,2425,28,Nott'm Forest,Brentford,D England,yellows,away,5,2.0238049503347053,0.00033546262790251185,1.806078536851917,0.00033546262790251185
2025-05-02,2425,28,Man City,Wolves,P Bankes,yellows,away,0,2.502464287968714,0.00033546262790251185,1.806078536851917,0.00033546262790251185
2025-05-03,2425,28,Arsenal,Bournemouth,J Gillett,yellows,away,2,2.538662164198239,0.00033546262790251185,1.806078536851917,0.00033546262790251185
2025-05-03,2425,28,Aston Villa,Fulham,R Jones,yellows,away,5,2.4298965289260575,0.00033546262790251185,1.806078536851917,0.00033546262790251185
2025-05-03,2425,28,Everton,Ipswich,L Smith,yellows,away,4,1.660320922871996,0.00033546262790251185,1.806078536851917,0.00033546262790251185
2025-05-03,2425,28,Leicester,Southampton,D Webb,yellows,away,3,1.8089658784839675,0.00033546262790251185,1.806078536851917,0.00033546262790251185
2025-05-04,2425,28,Brentford,Man United,A Taylor,yellows,away,2,1.888302259034462,0.00033546262790251185,1.806078536851917,0.00033546262790251185
2025-05-04,2425,28,Brighton,Newcastle,C Pawson,yellows,away,1,2.2084680945459487,0.00033546262790251185,1.806078536851917,0.00033546262790251185
2025-05-04,2425,28,Chelsea,Liverpool,S Hooper,yellows,away,2,2.183925395303084,0.00033546262790251185,1.806078536851917,0.00033546262790251185
2025-05-04,2425,28,West Ham,Tottenham,M Oliver,yellows,away,2,1.7320777921123425,0.00033546262790251185,1.806078536851917,0.00033546262790251185
2025-05-05,2425,28,Crystal Palace,Nott'm Forest,A Madley,yellows,away,8,1.9788155411753405,0.00033546262790251185,1.806078536851917,0.00033546262790251185
2025-05-01,2425,28,Nott'm Forest,Brentford,D England,reds,home,0,0.05963054470467229,0.0,0.05890263582571274,0.0
2025-05-02,2425,28,Man City,Wolves,P Bankes,reds,home,0,0.0577022311961465,0.0,0.05890263582571274,0.0
2025-05-03,2425,28,Arsenal,Bournemouth,J Gillett,reds,home,0,0.06231602520392379,0.0,0.05890263582571274,0.0
2025-05-03,2425,28,Aston Villa,Fulham,R Jones,reds,home,0,0.058034383371902705,0.0,0.05890263582571274,0.0
2025-05-03,2425,28,Everton,Ipswich,L Smith,reds,home,0,0.06078841350093229,0.0,0.05890263582571274,0.0
2025-05-03,2425,28,Leicester,Southampton,D Webb,reds,home,0,0.04999583473933144,0.0,0.05890263582571274,0.0
2025-05-04,2425,28,Brentford,Man United,A Taylor,reds,home,0,0.05293761618944741,0.0,0.05890263582571274,0.0
2025-05-04,2425,28,Brighton,Newcastle,C Pawson,reds,home,0,0.0654757756740895,0.0,0.05890263582571274,0.0
2025-05-04,2425,28,Chelsea,Liverpool,S Hooper,reds,home,0,0.058775653775390235,0.0,0.05890263582571274,0.0
2025-05-04,2425,28,West Ham,Tottenham,M Oliver,reds,home,0,0.06546139243784091,0.0,0.05890263582571274,0.0
2025-05-05,2425,28,Crystal Palace,Nott'm Forest,A Madley,reds,home,0,0.06292749274618432,0.0,0.05890263582571274,0.0
2025-05-01,2425,28,Nott'm Forest,Brentford,D England,reds,away,0,0.059811585314648114,0.0,0.05890263582571274,0.0
2025-05-02,2425,28,Man City,Wolves,P Bankes,reds,away,0,0.05984602411283823,0.0,0.05890263582571274,0.0
2025-05-03,2425,28,Arsenal,Bournemouth,J Gillett,reds,away,0,0.056028590533886105,0.0,0.05890263582571274,0.0
2025-05-03,2425,28,Aston Villa,Fulham,R Jones,reds,away,0,0.06463268694401174,0.0,0.05890263582571274,0.0
2025-05-03,2425,28,Everton,Ipswich,L Smith,reds,away,0,0.05722065972473929,0.0,0.05890263582571274,0.0
2025-05-03,2425,28,Leicester,Southampton,D Webb,reds,away,0,0.05389912922908978,0.0,0.05890263582571274,0.0
2025-05-04,2425,28,Brentford,Man United,A Taylor,reds,away,0,0.05810696459318921,0.0,0.05890263582571274,0.0
2025-05-04,2425,28,Brighton,Newcastle,C Pawson,reds,away,0,0.05672839616685932,0.0,0.05890263582571274,0.0
2025-05-04,2425,28,Chelsea,Liverpool,S Hooper,reds,away,0,0.05979705226749868,0.0,0.05890263582571274,0.0
2025-05-04,2425,28,West Ham,Tottenham,M Oliver,reds,away,0,0.05476256644860174,0.0,0.05890263582571274,0.0
2025-05-05,2425,28,Crystal Palace,Nott'm Forest,A Madley,reds,away,0,0.0613754859447929,0.0,0.05890263582571274,0.0
2025-05-01,2425,28,Nott'm Forest,Brentford,D England,corners,home,4,5.109471658308082,0.08130193201973479,5.195804071817645,0.1477264241047568
2025-05-02,2425,28,Man City,Wolves,P Bankes,corners,home,4,7.398395356347962,0.08130193201973479,5.195804071817645,0.1477264241047568
2025-05-03,2425,28,Arsenal,Bournemouth,J Gillett,corners,home,2,7.290147681430032,0.08130193201973479,5.195804071817645,0.1477264241047568
2025-05-03,2425,28,Aston Villa,Fulham,R Jones,corners,home,5,5.878609120806843,0.08130193201973479,5.195804071817645,0.1477264241047568
2025-05-03,2425,28,Everton,Ipswich,L Smith,corners,home,3,6.322020835586965,0.08130193201973479,5.195804071817645,0.1477264241047568
2025-05-03,2425,28,Leicester,Southampton,D Webb,corners,home,7,5.019190024822067,0.08130193201973479,5.195804071817645,0.1477264241047568
2025-05-04,2425,28,Brentford,Man United,A Taylor,corners,home,7,5.352854568034775,0.08130193201973479,5.195804071817645,0.1477264241047568
2025-05-04,2425,28,Brighton,Newcastle,C Pawson,corners,home,1,5.4514943113899506,0.08130193201973479,5.195804071817645,0.1477264241047568
2025-05-04,2425,28,Chelsea,Liverpool,S Hooper,corners,home,3,4.92171435231006,0.08130193201973479,5.195804071817645,0.1477264241047568
2025-05-04,2425,28,West Ham,Tottenham,M Oliver,corners,home,1,4.867231692412125,0.08130193201973479,5.195804071817645,0.1477264241047568
2025-05-05,2425,28,Crystal Palace,Nott'm Forest,A Madley,corners,home,7,6.133996764939823,0.08130193201973479,5.195804071817645,0.1477264241047568
2025-05-01,2425,28,Nott'm Forest,Brentford,D England,corners,away,5,5.169980194466726,0.08130193201973479,5.195804071817645,0.1477264241047568
2025-05-02,2425,28,Man City,Wolves,P Bankes,corners,away,5,2.6306787359693833,0.08130193201973479,5.195804071817645,0.1477264241047568
2025-05-03,2425,28,Arsenal,Bournemouth,J Gillett,corners,away,3,3.5637625562359267,0.08130193201973479,5.195804071817645,0.1477264241047568
2025-05-03,2425,28,Aston Villa,Fulham,R Jones,corners,away,3,4.763423798716415,0.08130193201973479,5.195804071817645,0.1477264241047568
2025-05-03,2425,28,Everton,Ipswich,L Smith,corners,away,3,4.313017339987043,0.08130193201973479,5.195804071817645,0.1477264241047568
2025-05-03,2425,28,Leicester,Southampton,D Webb,corners,away,7,4.252737508415431,0.08130193201973479,5.195804071817645,0.1477264241047568
2025-05-04,2425,28,Brentford,Man United,A Taylor,corners,away,4,5.79265083184817,0.08130193201973479,5.195804071817645,0.1477264241047568
2025-05-04,2425,28,Brighton,Newcastle,C Pawson,corners,away,4,4.608847467510514,0.08130193201973479,5.195804071817645,0.1477264241047568
2025-05-04,2425,28,Chelsea,Liverpool,S Hooper,corners,away,6,5.054118115734937,0.08130193201973479,5.195804071817645,0.1477264241047568
2025-05-04,2425,28,West Ham,Tottenham,M Oliver,corners,away,3,5.824262148548236,0.08130193201973479,5.195804071817645,0.1477264241047568
2025-05-05,2425,28,Crystal Palace,Nott'm Forest,A Madley,corners,away,4,3.8628788815386716,0.08130193201973479,5.195804071817645,0.1477264241047568
2025-05-01,2425,28,Nott'm Forest,Brentford,D England,fouls,home,10,10.16235887256203,0.00033546262790251185,10.768961798418099,0.015489212209928837
2025-05-02,2425,28,Man City,Wolves,P Bankes,fouls,home,7,8.372998122390891,0.00033546262790251185,10.768961798418099,0.015489212209928837
2025-05-03,2425,28,Arsenal,Bournemouth,J Gillett,fouls,home,7,9.871103399780544,0.00033546262790251185,10.768961798418099,0.015489212209928837
2025-05-03,2425,28,Aston Villa,Fulham,R Jones,fouls,home,6,10.194890422605852,0.00033546262790251185,10.768961798418099,0.015489212209928837
2025-05-03,2425,28,Everton,Ipswich,L Smith,fouls,home,12,10.951612073043297,0.00033546262790251185,10.768961798418099,0.015489212209928837
2025-05-03,2425,28,Leicester,Southampton,D Webb,fouls,home,12,10.597862854698645,0.00033546262790251185,10.768961798418099,0.015489212209928837
2025-05-04,2425,28,Brentford,Man United,A Taylor,fouls,home,8,7.970598806955375,0.00033546262790251185,10.768961798418099,0.015489212209928837
2025-05-04,2425,28,Brighton,Newcastle,C Pawson,fouls,home,15,12.008574750020761,0.00033546262790251185,10.768961798418099,0.015489212209928837
2025-05-04,2425,28,Chelsea,Liverpool,S Hooper,fouls,home,10,9.593450160028302,0.00033546262790251185,10.768961798418099,0.015489212209928837
2025-05-04,2425,28,West Ham,Tottenham,M Oliver,fouls,home,18,12.610708890105766,0.00033546262790251185,10.768961798418099,0.015489212209928837
2025-05-05,2425,28,Crystal Palace,Nott'm Forest,A Madley,fouls,home,9,11.334141944730495,0.00033546262790251185,10.768961798418099,0.015489212209928837
2025-05-01,2425,28,Nott'm Forest,Brentford,D England,fouls,away,12,9.723249770620205,0.00033546262790251185,10.768961798418099,0.015489212209928837
2025-05-02,2425,28,Man City,Wolves,P Bankes,fouls,away,11,11.827800665703444,0.00033546262790251185,10.768961798418099,0.015489212209928837
2025-05-03,2425,28,Arsenal,Bournemouth,J Gillett,fouls,away,16,12.54008989055225,0.00033546262790251185,10.768961798418099,0.015489212209928837
2025-05-03,2425,28,Aston Villa,Fulham,R Jones,fouls,away,17,13.656612080431643,0.00033546262790251185,10.768961798418099,0.015489212209928837
2025-05-03,2425,28,Everton,Ipswich,L Smith,fouls,away,15,10.58353519670814,0.00033546262790251185,10.768961798418099,0.015489212209928837
2025-05-03,2425,28,Leicester,Southampton,D Webb,fouls,away,13,11.341678002795874,0.00033546262790251185,10.768961798418099,0.015489212209928837
2025-05-04,2425,28,Brentford,Man United,A Taylor,fouls,away,10,10.203807854346584,0.00033546262790251185,10.768961798418099,0.015489212209928837
2025-05-04,2425,28,Brighton,Newcastle,C Pawson,fouls,away,10,11.299223567722054,0.00033546262790251185,10.768961798418099,0.015489212209928837
2025-05-04,2425,28,Chelsea,Liverpool,S Hooper,fouls,away,11,12.088818887071564,0.00033546262790251185,10.768961798418099,0.015489212209928837
2025-05-04,2425,28,West Ham,Tottenham,M Oliver,fouls,away,15,12.111720682455033,0.00033546262790251185,10.768961798418099,0.015489212209928837
2025-05-05,2425,28,Crystal Palace,Nott'm Forest,A Madley,fouls,away,15,11.588421924630955,0.00033546262790251185,10.768961798418099,0.015489212209928837
2025-05-10,2425,29,Bournemouth,Aston Villa,S Attwell,yellows,home,4,2.479350127868921,0.00033546262790251185,1.8090909091499954,0.00033546262790251185
2025-05-10,2425,29,Fulham,Everton,M Salisbury,yellows,home,1,1.3778084495321334,0.00033546262790251185,1.8090909091499954,0.00033546262790251185
2025-05-10,2425,29,Ipswich,Brentford,S Barrott,yellows,home,2,1.8885568255393121,0.00033546262790251185,1.8090909091499954,0.00033546262790251185
2025-05-10,2425,29,Southampton,Man City,T Robinson,yellows,home,2,2.2198018923426854,0.00033546262790251185,1.8090909091499954,0.00033546262790251185
2025-05-10,2425,29,Wolves,Brighton,M Oliver,yellows,home,1,2.1462655701057014,0.00033546262790251185,1.8090909091499954,0.00033546262790251185
2025-05-11,2425,29,Liverpool,Arsenal,A Taylor,yellows,home,1,1.5482977970192757,0.00033546262790251185,1.8090909091499954,0.00033546262790251185
2025-05-11,2425,29,Man United,West Ham,J Gillett,yellows,home,0,1.564313805887034,0.00033546262790251185,1.8090909091499954,0.00033546262790251185
2025-05-11,2425,29,Newcastle,Chelsea,J Brooks,yellows,home,4,1.9110572794684746,0.00033546262790251185,1.8090909091499954,0.00033546262790251185
2025-05-11,2425,29,Nott'm Forest,Leicester,T Harrington,yellows,home,3,1.570373018454723,0.00033546262790251185,1.8090909091499954,0.00033546262790251185
2025-05-11,2425,29,Tottenham,Crystal Palace,C Kavanagh,yellows,home,1,1.792525328391086,0.00033546262790251185,1.8090909091499954,0.00033546262790251185
2025-05-10,2425,29,Bournemouth,Aston Villa,S Attwell,yellows,away,3,2.165266878711517,0.00033546262790251185,1.8090909091499954,0.00033546262790251185
2025-05-10,2425,29,Fulham,Everton,M Salisbury,yellows,away,0,1.870179423645471,0.00033546262790251185,1.8090909091499954,0.00033546262790251185
2025-05-10,2425,29,Ipswich,Brentford,S Barrott,yellows,away,4,1.681461545586604,0.00033546262790251185,1.8090909091499954,0.00033546262790251185
2025-05-10,2425,29,Southampton,Man City,T Robinson,yellows,away,0,1.375938452941017,0.00033546262790251185,1.8090909091499954,0.00033546262790251185
2025-05-10,2425,29,Wolves,Brighton,M Oliver,yellows,away,1,2.2916791303881725,0.00033546262790251185,1.8090909091499954,0.00033546262790251185
2025-05-11,2425,29,Liverpool,Arsenal,A Taylor,yellows,away,1,1.7626832014109723,0.00033546262790251185,1.8090909091499954,0.00033546262790251185
2025-05-11,2425,29,Man United,West Ham,J Gillett,yellows,away,1,1.929066189717973,0.00033546262790251185,1.8090909091499954,0.00033546262790251185
2025-05-11,2425,29,Newcastle,Chelsea,J Brooks,yellows,away,2,3.068395019957127,0.00033546262790251185,1.8090909091499954,0.00033546262790251185
2025-05-11,2425,29,Nott'm Forest,Leicester,T Harrington,yellows,away,3,2.4979411686768493,0.00033546262790251185,1.8090909091499954,0.00033546262790251185
2025-05-11,2425,29,Tottenham,Crystal Palace,C Kavanagh,yellows,away,1,2.30498338725066,0.00033546262790251185,1.8090909091499954,0.00033546262790251185
2025-05-10,2425,29,Bournemouth,Aston Villa,S Attwell,reds,home,0,0.06088396876313096,0.0,0.05855614973262033,0.0
2025-05-10,2425,29,Fulham,Everton,M Salisbury,reds,home,0,0.054629464657474376,0.0,0.05855614973262033,0.0
2025-05-10,2425,29,Ipswich,Brentford,S Barrott,reds,home,0,0.06486463969795261,0.0,0.05855614973262033,0.0
2025-05-10,2425,29,Southampton,Man City,T Robinson,reds,home,0,0.05650308302475812,0.0,0.05855614973262033,0.0
2025-05-10,2425,29,Wolves,Brighton,M Oliver,reds,home,0,0.06293880006413807,0.0,0.05855614973262033,0.0
2025-05-11,2425,29,Liverpool,Arsenal,A Taylor,reds,home,0,0.0554342720234938,0.0,0.05855614973262033,0.0
2025-05-11,2425,29,Man United,West Ham,J Gillett,reds,home,0,0.051424842245350585,0.0,0.05855614973262033,0.0
2025-05-11,2425,29,Newcastle,Chelsea,J Brooks,reds,home,0,0.05737510099601299,0.0,0.05855614973262033,0.0
2025-05-11,2425,29,Nott'm Forest,Leicester,T Harrington,reds,home,0,0.05274598381416148,0.0,0.05855614973262033,0.0
2025-05-11,2425,29,Tottenham,Crystal Palace,C Kavanagh,reds,home,0,0.06290891866475033,0.0,0.05855614973262033,0.0
2025-05-10,2425,29,Bournemouth,Aston Villa,S Attwell,reds,away,1,0.055699255048622186,0.0,0.05855614973262033,0.0
2025-05-10,2425,29,Fulham,Everton,M Salisbury,reds,away,0,0.06080376273317285,0.0,0.05855614973262033,0.0
2025-05-10,2425,29,Ipswich,Brentford,S Barrott,reds,away,0,0.05637708164003757,0.0,0.05855614973262033,0.0
2025-05-10,2425,29,Southampton,Man City,T Robinson,reds,away,0,0.05154788000781725,0.0,0.05855614973262033,0.0
2025-05-10,2425,29,Wolves,Brighton,M Oliver,reds,away,0,0.0652091436461307,0.0,0.05855614973262033,0.0
2025-05-11,2425,29,Liverpool,Arsenal,A Taylor,reds,away,1,0.06391720144438026,0.0,0.05855614973262033,0.0
2025-05-11,2425,29,Man United,West Ham,J Gillett,reds,away,0,0.05524283988753677,0.0,0.05855614973262033,0.0
2025-05-11,2425,29,Newcastle,Chelsea,J Brooks,reds,away,1,0.06167918873673195,0.0,0.05855614973262033,0.0
2025-05-11,2425,29,Nott'm Forest,Leicester,T Harrington,reds,away,0,0.05492747594909106,0.0,0.05855614973262033,0.0
2025-05-11,2425,29,Tottenham,Crystal Palace,C Kavanagh,reds,away,0,0.06517723875281105,0.0,0.05855614973262033,0.0
2025-05-10,2425,29,Bournemouth,Aston Villa,S Attwell,corners,home,10,5.646587441721168,0.08150707036523935,5.189572151117857,0.14705450936231684
2025-05-10,2425,29,Fulham,Everton,M Salisbury,corners,home,5,6.675689456842622,0.08150707036523935,5.189572151117857,0.14705450936231684
2025-05-10,2425,29,Ipswich,Brentford,S Barrott,corners,home,5,5.017176227864247,0.08150707036523935,5.189572151117857,0.14705450936231684
2025-05-10,2425,29,Southampton,Man City,T Robinson,corners,home,1,3.291148580641483,0.08150707036523935,5.189572151117857,0.14705450936231684
2025-05-10,2425,29,Wolves,Brighton,M Oliver,corners,home,7,4.004924381945741,0.08150707036523935,5.189572151117857,0.14705450936231684
2025-05-11,2425,29,Liverpool,Arsenal,A Taylor,corners,home,3,4.740655613158422,0.08150707036523935,5.189572151117857,0.14705450936231684
2025-05-11,2425,29,Man United,West Ham,J Gillett,corners,home,8,5.993714513365733,0.08150707036523935,5.189572151117857,0.14705450936231684
2025-05-11,2425,29,Newcastle,Chelsea,J Brooks,corners,home,2,4.8964884134705144,0.08150707036523935,5.189572151117857,0.14705450936231684
2025-05-11,2425,29,Nott'm Forest,Leicester,T Harrington,corners,home,4,5.006353858254818,0.08150707036523935,5.189572151117857,0.14705450936231684
2025-05-11,2425,29,Tottenham,Crystal Palace,C Kavanagh,corners,home,4,6.523324026088147,0.08150707036523935,5.189572151117857,0.14705450936231684
2025-05-10,2425,29,Bournemouth,Aston Villa,S Attwell,corners,away,0,5.728770894155675,0.08150707036523935,5.189572151117857,0.14705450936231684
2025-05-10,2425,29,Fulham,Everton,M Salisbury,corners,away,5,3.7873038319204246,0.08150707036523935,5.189572151117857,0.14705450936231684
2025-05-10,2425,29,Ipswich,Brentford,S Barrott,corners,away,6,5.635347775077716,0.08150707036523935,5.189572151117857,0.14705450936231684
2025-05-10,2425,29,Southampton,Man City,T Robinson,corners,away,15,6.555913263384153,0.08150707036523935,5.189572151117857,0.14705450936231684
2025-05-10,2425,29,Wolves,Brighton,M Oliver,corners,away,4,5.014499919124934,0.08150707036523935,5.189572151117857,0.14705450936231684
2025-05-11,2425,29,Liverpool,Arsenal,A Taylor,corners,away,1,4.464703302715598,0.08150707036523935,5.189572151117857,0.14705450936231684
2025-05-11,2425,29,Man United,West Ham,J Gillett,corners,away,5,4.254294911516716,0.08150707036523935,5.189572151117857,0.14705450936231684
2025-05-11,2425,29,Newcastle,Chelsea,J Brooks,corners,away,8,5.2126385201510415,0.08150707036523935,5.189572151117857,0.14705450936231684
2025-05-11,2425,29,Nott'm Forest,Leicester,T Harrington,corners,away,4,4.683168334164243,0.08150707036523935,5.189572151117857,0.14705450936231684
2025-05-11,2425,29,Tottenham,Crystal Palace,C Kavanagh,corners,away,8,4.488317360602144,0.08150707036523935,5.189572151117857,0.14705450936231684
2025-05-10,2425,29,Bournemouth,Aston Villa,S Attwell,fouls,home,19,13.42442557858351,0.00033546262790251185,10.774866311164882,0.015395735427997987
2025-05-10,2425,29,Fulham,Everton,M Salisbury,fouls,home,15,9.970369282235572,0.00033546262790251185,10.774866311164882,0.015395735427997987
2025-05-10,2425,29,Ipswich,Brentford,S Barrott,fouls,home,6,9.8943686127758,0.00033546262790251185,10.774866311164882,0.015395735427997987
2025-05-10,2425,29,Southampton,Man City,T Robinson,fouls,home,9,11.147093088351989,0.00033546262790251185,10.774866311164882,0.015395735427997987
2025-05-10,2425,29,Wolves,Brighton,M Oliver,fouls,home,8,13.232732344077826,0.00033546262790251185,10.774866311164882,0.015395735427997987
2025-05-11,2425,29,Liverpool,Arsenal,A Taylor,fouls,home,13,10.767927986994241,0.00033546262790251185,10.774866311164882,0.015395735427997987
2025-05-11,2425,29,Man United,West Ham,J Gillett,fouls,home,3,10.302246713039588,0.00033546262790251185,10.774866311164882,0.015395735427997987
2025-05-11,2425,29,Newcastle,Chelsea,J Brooks,fouls,home,9,11.114305603822233,0.00033546262790251185,10.774866311164882,0.015395735427997987
2025-05-11,2425,29,Nott'm Forest,Leicester,T Harrington,fouls,home,11,10.053596827177591,0.00033546262790251185,10.774866311164882,0.015395735427997987
2025-05-11,2425,29,Tottenham,Crystal Palace,C Kavanagh,fouls,home,12,11.176725846218687,0.00033546262790251185,10.774866311164882,0.015395735427997987
2025-05-10,2425,29,Bournemouth,Aston Villa,S Attwell,fouls,away,12,10.035831653915578,0.00033546262790251185,10.774866311164882,0.015395735427997987
2025-05-10,2425,29,Fulham,Everton,M Salisbury,fouls,away,9,10.662697382296477,0.00033546262790251185,10.774866311164882,0.015395735427997987
2025-05-10,2425,29,Ipswich,Brentford,S Barrott,fouls,away,12,8.989539127823072,0.00033546262790251185,10.774866311164882,0.015395735427997987
2025-05-10,2425,29,Southampton,Man City,T Robinson,fouls,away,8,9.01510494550744,0.00033546262790251185,10.774866311164882,0.015395735427997987
2025-05-10,2425,29,Wolves,Brighton,M Oliver,fouls,away,12,12.793723346354216,0.00033546262790251185,10.774866311164882,0.015395735427997987
2025-05-11,2425,29,Liverpool,Arsenal,A Taylor,fouls,away,10,9.54195874354539,0.00033546262790251185,10.774866311164882,0.015395735427997987
2025-05-11,2425,29,Man United,West Ham,J Gillett,fouls,away,13,9.987227910426144,0.00033546262790251185,10.774866311164882,0.015395735427997987
2025-05-11,2425,29,Newcastle,Chelsea,J Brooks,fouls,away,13,12.715718045718635,0.00033546262790251185,10.774866311164882,0.015395735427997987
2025-05-11,2425,29,Nott'm Forest,Leicester,T Harrington,fouls,away,11,11.159759065286607,0.00033546262790251185,10.774866311164882,0.015395735427997987
2025-05-11,2425,29,Tottenham,Crystal Palace,C Kavanagh,fouls,away,10,12.972891175321042,0.00033546262790251185,10.774866311164882,0.015395735427997987
2025-05-16,2425,30,Aston Villa,Tottenham,P Bankes,yellows,home,1,2.0291535751971517,0.00033546262790251185,1.8087765959124391,0.00033546262790251185
2025-05-16,2425,30,Chelsea,Man United,C Kavanagh,yellows,home,1,2.06381884273266,0.00033546262790251185,1.8087765959124391,0.00033546262790251185
2025-05-18,2425,30,Arsenal,Newcastle,S Hooper,yellows,home,3,1.816378227343243,0.00033546262790251185,1.8087765959124391,0.00033546262790251185
2025-05-18,2425,30,Brentford,Fulham,J Gillett,yellows,home,4,1.4397898857303735,0.00033546262790251185,1.8087765959124391,0.00033546262790251185
2025-05-18,2425,30,Everton,Southampton,M Oliver,yellows,home,1,1.4996453433624546,0.00033546262790251185,1.8087765959124391,0.00033546262790251185
2025-05-18,2425,30,Leicester,Ipswich,A Kitchen,yellows,home,1,1.796513430349018,0.00033546262790251185,1.8087765959124391,0.00033546262790251185
2025-05-18,2425,30,West Ham,Nott'm Forest,S Barrott,yellows,home,6,1.9448376036653323,0.00033546262790251185,1.8087765959124391,0.00033546262790251185
2025-05-19,2425,30,Brighton,Liverpool,J Brooks,yellows,home,1,2.0214096082263486,0.00033546262790251185,1.8087765959124391,0.00033546262790251185
2025-05-20,2425,30,Crystal Palace,Wolves,D Webb,yellows,home,1,1.9131680567402163,0.00033546262790251185,1.8087765959124391,0.00033546262790251185
2025-05-20,2425,30,Man City,Bournemouth,T Bramall,yellows,home,1,1.4698235956294912,0.00033546262790251185,1.8087765959124391,0.00033546262790251185
2025-05-16,2425,30,Aston Villa,Tottenham,P Bankes,yellows,away,2,2.4471864514282697,0.00033546262790251185,1.8087765959124391,0.00033546262790251185
2025-05-16,2425,30,Chelsea,Man United,C Kavanagh,yellows,away,6,2.3233020382989342,0.00033546262790251185,1.8087765959124391,0.00033546262790251185
2025-05-18,2425,30,Arsenal,Newcastle,S Hooper,yellows,away,3,2.0259639560123444,0.00033546262790251185,1.8087765959124391,0.00033546262790251185
2025-05-18,2425,30,Brentford,Fulham,J Gillett,yellows,away,4,2.0069923305819346,0.00033546262790251185,1.8087765959124391,0.00033546262790251185
2025-05-18,2425,30,Everton,Southampton,M Oliver,yellows,away,1,1.7805831908788328,0.00033546262790251185,1.8087765959124391,0.00033546262790251185
2025-05-18,2425,30,Leicester,Ipswich,A Kitchen,yellows,away,0,1.8985565472610924,0.00033546262790251185,1.8087765959124391,0.00033546262790251185
2025-05-18,2425,30,West Ham,Nott'm Forest,S Barrott,yellows,away,3,1.904414194707405,0.00033546262790251185,1.8087765959124391,0.00033546262790251185
2025-05-19,2425,30,Brighton,Liverpool,J Brooks,yellows,away,0,2.21011725198541,0.00033546262790251185,1.8087765959124391,0.00033546262790251185
2025-05-20,2425,30,Crystal Palace,Wolves,D Webb,yellows,away,2,2.2309432811752297,0.00033546262790251185,1.8087765959124391,0.00033546262790251185
2025-05-20,2425,30,Man City,Bournemouth,T Bramall,yellows,away,3,2.654801314488482,0.00033546262790251185,1.8087765959124391,0.00033546262790251185
2025-05-16,2425,30,Aston Villa,Tottenham,P Bankes,reds,home,0,0.06412330514473623,0.0,0.059042553191489364,0.0
2025-05-16,2425,30,Chelsea,Man United,C Kavanagh,reds,home,0,0.05549655067040126,0.0,0.059042553191489364,0.0
2025-05-18,2425,30,Arsenal,Newcastle,S Hooper,reds,home,0,0.06994492031952622,0.0,0.059042553191489364,0.0
2025-05-18,2425,30,Brentford,Fulham,J Gillett,reds,home,0,0.056922694025357864,0.0,0.059042553191489364,0.0
2025-05-18,2425,30,Everton,Southampton,M Oliver,reds,home,0,0.05763172277916913,0.0,0.059042553191489364,0.0
2025-05-18,2425,30,Leicester,Ipswich,A Kitchen,reds,home,0,0.05243861654059605,0.0,0.059042553191489364,0.0
2025-05-18,2425,30,West Ham,Nott'm Forest,S Barrott,reds,home,0,0.06253976738867702,0.0,0.059042553191489364,0.0
2025-05-19,2425,30,Brighton,Liverpool,J Brooks,reds,home,0,0.06295882054454399,0.0,0.059042553191489364,0.0
2025-05-20,2425,30,Crystal Palace,Wolves,D Webb,reds,home,0,0.06303479348045381,0.0,0.059042553191489364,0.0
2025-05-20,2425,30,Man City,Bournemouth,T Bramall,reds,home,1,0.053903581952449,0.0,0.059042553191489364,0.0
2025-05-16,2425,30,Aston Villa,Tottenham,P Bankes,reds,away,0,0.06300685400648046,0.0,0.059042553191489364,0.0
2025-05-16,2425,30,Chelsea,Man United,C Kavanagh,reds,away,0,0.05855353020135288,0.0,0.059042553191489364,0.0
2025-05-18,2425,30,Arsenal,Newcastle,S Hooper,reds,away,0,0.0535788469559744,0.0,0.059042553191489364,0.0
2025-05-18,2425,30,Brentford,Fulham,J Gillett,reds,away,0,0.06250177157708361,0.0,0.059042553191489364,0.0
2025-05-18,2425,30,Everton,Southampton,M Oliver,reds,away,0,0.052772341432968446,0.0,0.059042553191489364,0.0
2025-05-18,2425,30,Leicester,Ipswich,A Kitchen,reds,away,0,0.05809870807317978,0.0,0.059042553191489364,0.0
2025-05-18,2425,30,West Ham,Nott'm Forest,S Barrott,reds,away,0,0.05288827357317284,0.0,0.059042553191489364,0.0
2025-05-19,2425,30,Brighton,Liverpool,J Brooks,reds,away,0,0.05862646925292785,0.0,0.059042553191489364,0.0
2025-05-20,2425,30,Crystal Palace,Wolves,D Webb,reds,away,0,0.06530521405562333,0.0,0.059042553191489364,0.0
2025-05-20,2425,30,Man City,Bournemouth,T Bramall,reds,away,1,0.05579147509104507,0.0,0.059042553191489364,0.0
2025-05-16,2425,30,Aston Villa,Tottenham,P Bankes,corners,home,9,6.3594727930417445,0.08310434839696479,5.189893520985925,0.14750905224910674
2025-05-16,2425,30,Chelsea,Man United,C Kavanagh,corners,home,7,6.671086660616706,0.08310434839696479,5.189893520985925,0.14750905224910674
2025-05-18,2425,30,Arsenal,Newcastle,S Hooper,corners,home,10,6.414180401912721,0.08310434839696479,5.189893520985925,0.14750905224910674
2025-05-18,2425,30,Brentford,Fulham,J Gillett,corners,home,5,4.745696842300277,0.08310434839696479,5.189893520985925,0.14750905224910674
2025-05-18,2425,30,Everton,Southampton,M Oliver,corners,home,4,5.656363247907427,0.08310434839696479,5.189893520985925,0.14750905224910674
2025-05-18,2425,30,Leicester,Ipswich,A Kitchen,corners,home,2,5.716630135118087,0.08310434839696479,5.189893520985925,0.14750905224910674
2025-05-18,2425,30,West Ham,Nott'm Forest,S Barrott,corners,home,8,5.530516778639556,0.08310434839696479,5.189893520985925,0.14750905224910674
2025-05-19,2425,30,Brighton,Liverpool,J Brooks,corners,home,3,4.121845044291423,0.08310434839696479,5.189893520985925,0.14750905224910674
2025-05-20,2425,30,Crystal Palace,Wolves,D Webb,corners,home,0,5.580600679537239,0.08310434839696479,5.189893520985925,0.14750905224910674
2025-05-20,2425,30,Man City,Bournemouth,T Bramall,corners,home,3,7.03905441989059,0.08310434839696479,5.189893520985925,0.14750905224910674
2025-05-16,2425,30,Aston Villa,Tottenham,P Bankes,corners,away,1,5.199214532377618,0.08310434839696479,5.189893520985925,0.14750905224910674
2025-05-16,2425,30,Chelsea,Man United,C Kavanagh,corners,away,2,4.2131917881383965,0.08310434839696479,5.189893520985925,0.14750905224910674
2025-05-18,2425,30,Arsenal,Newcastle,S Hooper,corners,away,7,3.301082489769215,0.08310434839696479,5.189893520985925,0.14750905224910674
2025-05-18,2425,30,Brentford,Fulham,J Gillett,corners,away,3,5.844503214542875,0.08310434839696479,5.189893520985925,0.14750905224910674
2025-05-18,2425,30,Everton,Southampton,M Oliver,corners,away,5,4.341402921488727,0.08310434839696479,5.189893520985925,0.14750905224910674
2025-05-18,2425,30,Leicester,Ipswich,A Kitchen,corners,away,2,4.24681134400621,0.08310434839696479,5.189893520985925,0.14750905224910674
2025-05-18,2425,30,West Ham,Nott'm Forest,S Barrott,corners,away,7,3.944185935519993,0.08310434839696479,5.189893520985925,0.14750905224910674
2025-05-19,2425,30,Brighton,Liverpool,J Brooks,corners,away,3,5.667745961733461,0.08310434839696479,5.189893520985925,0.14750905224910674
2025-05-20,2425,30,Crystal Palace,Wolves,D Webb,corners,away,10,3.8448748942421784,0.08310434839696479,5.189893520985925,0.14750905224910674
2025-05-20,2425,30,Man City,Bournemouth,T Bramall,corners,away,1,3.8618967516269076,0.08310434839696479,5.189893520985925,0.14750905224910674
2025-05-16,2425,30,Aston Villa,Tottenham,P Bankes,fouls,home,5,11.78495617943159,0.00033546262790251185,10.774733923851011,0.015318490006778688
2025-05-16,2425,30,Chelsea,Man United,C Kavanagh,fouls,home,10,9.728694460970145,0.00033546262790251185,10.774733923851011,0.015318490006778688
2025-05-18,2425,30,Arsenal,Newcastle,S Hooper,fouls,home,9,10.487039487682937,0.00033546262790251185,10.774733923851011,0.015318490006778688
2025-05-18,2425,30,Brentford,Fulham,J Gillett,fouls,home,12,8.03481437109708,0.00033546262790251185,10.774733923851011,0.015318490006778688
2025-05-18,2425,30,Everton,Southampton,M Oliver,fouls,home,6,11.741559508088777,0.00033546262790251185,10.774733923851011,0.015318490006778688
2025-05-18,2425,30,Leicester,Ipswich,A Kitchen,fouls,home,15,10.478580069654475,0.00033546262790251185,10.774733923851011,0.015318490006778688
2025-05-18,2425,30,West Ham,Nott'm Forest,S Barrott,fouls,home,14,10.23551147042341,0.00033546262790251185,10.774733923851011,0.015318490006778688
2025-05-19,2425,30,Brighton,Liverpool,J Brooks,fouls,home,9,10.176083517665758,0.00033546262790251185,10.774733923851011,0.015318490006778688
2025-05-20,2425,30,Crystal Palace,Wolves,D Webb,fouls,home,14,11.456153519170206,0.00033546262790251185,10.774733923851011,0.015318490006778688
2025-05-20,2425,30,Man City,Bournemouth,T Bramall,fouls,home,7,7.764051137064418,0.00033546262790251185,10.774733923851011,0.015318490006778688
2025-05-16,2425,30,Aston Villa,Tottenham,P Bankes,fouls,away,12,13.569314402245633,0.00033546262790251185,10.774733923851011,0.015318490006778688
2025-05-16,2425,30,Chelsea,Man United,C Kavanagh,fouls,away,14,11.374013962044952,0.00033546262790251185,10.774733923851011,0.015318490006778688
2025-05-18,2425,30,Arsenal,Newcastle,S Hooper,fouls,away,9,10.19741740628669,0.00033546262790251185,10.774733923851011,0.015318490006778688
2025-05-18,2425,30,Brentford,Fulham,J Gillett,fouls,away,8,10.391648171797096,0.00033546262790251185,10.774733923851011,0.015318490006778688
2025-05-18,2425,30,Everton,Southampton,M Oliver,fouls,away,10,11.90286138089153,0.00033546262790251185,10.774733923851011,0.015318490006778688
2025-05-18,2425,30,Leicester,Ipswich,A Kitchen,fouls,away,12,10.946871229843108,0.00033546262790251185,10.774733923851011,0.015318490006778688
2025-05-18,2425,30,West Ham,Nott'm Forest,S Barrott,fouls,away,7,10.499666393659142,0.00033546262790251185,10.774733923851011,0.015318490006778688
2025-05-19,2425,30,Brighton,Liverpool,J Brooks,fouls,away,8,12.203675882580464,0.00033546262790251185,10.774733923851011,0.015318490006778688
2025-05-20,2425,30,Crystal Palace,Wolves,D Webb,fouls,away,8,13.264828888919451,0.00033546262790251185,10.774733923851011,0.015318490006778688
2025-05-20,2425,30,Man City,Bournemouth,T Bramall,fouls,away,13,12.025160688278758,0.00033546262790251185,10.774733923851011,0.015318490006778688
2025-05-25,2425,31,Bournemouth,Leicester,L Smith,yellows,home,0,1.79716857628401,0.00033546262790251185,1.8108465591643148,0.00033546262790251185
2025-05-25,2425,31,Fulham,Man City,A Madley,yellows,home,0,2.0893813860060866,0.00033546262790251185,1.8108465591643148,0.00033546262790251185
2025-05-25,2425,31,Ipswich,West Ham,T Robinson,yellows,home,1,1.6481705911978353,0.00033546262790251185,1.8108465591643148,0.00033546262790251185
2025-05-25,2425,31,Liverpool,Crystal Palace,D England,yellows,home,1,1.6779675768679683,0.00033546262790251185,1.8108465591643148,0.00033546262790251185
2025-05-25,2425,31,Man United,Aston Villa,T Bramall,yellows,home,2,2.2471774829338975,0.00033546262790251185,1.8108465591643148,0.00033546262790251185
2025-05-25,2425,31,Newcastle,Everton,T Harrington,yellows,home,1,1.303600297063506,0.00033546262790251185,1.8108465591643148,0.00033546262790251185
2025-05-25,2425,31,Nott'm Forest,Chelsea,A Taylor,yellows,home,2,2.152472785372527,0.00033546262790251185,1.8108465591643148,0.00033546262790251185
2025-05-25,2425,31,Southampton,Arsenal,D Bond,yellows,home,0,2.061134658449789,0.00033546262790251185,1.8108465591643148,0.00033546262790251185
2025-05-25,2425,31,Tottenham,Brighton,R Jones,yellows,home,3,1.907340930429831,0.00033546262790251185,1.8108465591643148,0.00033546262790251185
2025-05-25,2425,31,Wolves,Brentford,C Pawson,yellows,home,2,1.8686145144625472,0.00033546262790251185,1.8108465591643148,0.00033546262790251185
2025-05-25,2425,31,Bournemouth,Leicester,L Smith,yellows,away,2,2.389965331762674,0.00033546262790251185,1.8108465591643148,0.00033546262790251185
2025-05-25,2425,31,Fulham,Man City,A Madley,yellows,away,0,1.4766628750612474,0.00033546262790251185,1.8108465591643148,0.00033546262790251185
2025-05-25,2425,31,Ipswich,West Ham,T Robinson,yellows,away,1,1.8830104030115788,0.00033546262790251185,1.8108465591643148,0.00033546262790251185
2025-05-25,2425,31,Liverpool,Crystal Palace,D England,yellows,away,0,2.1886378248312615,0.00033546262790251185,1.8108465591643148,0.00033546262790251185
2025-05-25,2425,31,Man United,Aston Villa,T Bramall,yellows,away,2,1.974185529395122,0.00033546262790251185,1.8108465591643148,0.00033546262790251185
2025-05-25,2425,31,Newcastle,Everton,T Harrington,yellows,away,4,2.4389495493242883,0.00033546262790251185,1.8108465591643148,0.00033546262790251185
2025-05-25,2425,31,Nott'm Forest,Chelsea,A Taylor,yellows,away,2,2.710682191445712,0.00033546262790251185,1.8108465591643148,0.00033546262790251185
2025-05-25,2425,31,Southampton,Arsenal,D Bond,yellows,away,0,1.4694092787823736,0.00033546262790251185,1.8108465591643148,0.00033546262790251185
2025-05-25,2425,31,Tottenham,Brighton,R Jones,yellows,away,1,2.2660735600502573,0.00033546262790251185,1.8108465591643148,0.00033546262790251185
2025-05-25,2425,31,Wolves,Brentford,C Pawson,yellows,away,1,2.1037690971500775,0.00033546262790251185,1.8108465591643148,0.00033546262790251185
2025-05-25,2425,31,Bournemouth,Leicester,L Smith,reds,home,0,0.05400013304503898,0.0,0.05925925925925926,0.0
2025-05-25,2425,31,Fulham,Man City,A Madley,reds,home,0,0.0599441233732833,0.0,0.05925925925925926,0.0
2025-05-25,2425,31,Ipswich,West Ham,T Robinson,reds,home,0,0.05810861082116619,0.0,0.05925925925925926,0.0
2025-05-25,2425,31,Liverpool,Crystal Palace,D England,reds,home,1,0.06074439420260283,0.0,0.05925925925925926,0.0
2025-05-25,2425,31,Man United,Aston Villa,T Bramall,reds,home,0,0.059612254626679434,0.0,0.05925925925925926,0.0
2025-05-25,2425,31,Newcastle,Everton,T Harrington,reds,home,0,0.04983436559069548,0.0,0.05925925925925926,0.0
2025-05-25,2425,31,Nott'm Forest,Chelsea,A Taylor,reds,home,0,0.06008572533589057,0.0,0.05925925925925926,0.0
2025-05-25,2425,31,Southampton,Arsenal,D Bond,reds,home,0,0.05682339783007906,0.0,0.05925925925925926,0.0
2025-05-25,2425,31,Tottenham,Brighton,R Jones,reds,home,0,0.060858936623158666,0.0,0.05925925925925926,0.0
2025-05-25,2425,31,Wolves,Brentford,C Pawson,reds,home,0,0.0633817119095231,0.0,0.05925925925925926,0.0
2025-05-25,2425,31,Bournemouth,Leicester,L Smith,reds,away,0,0.05304899264918114,0.0,0.05925925925925926,0.0
2025-05-25,2425,31,Fulham,Man City,A Madley,reds,away,0,0.05575617441667885,0.0,0.05925925925925926,0.0
2025-05-25,2425,31,Ipswich,West Ham,T Robinson,reds,away,0,0.05954978855063811,0.0,0.05925925925925926,0.0
2025-05-25,2425,31,Liverpool,Crystal Palace,D England,reds,away,0,0.060776980039734654,0.0,0.05925925925925926,0.0
2025-05-25,2425,31,Man United,Aston Villa,T Bramall,reds,away,1,0.054540269238821326,0.0,0.05925925925925926,0.0
2025-05-25,2425,31,Newcastle,Everton,T Harrington,reds,away,0,0.06515263016404588,0.0,0.05925925925925926,0.0
2025-05-25,2425,31,Nott'm Forest,Chelsea,A Taylor,reds,away,0,0.06268915119380741,0.0,0.05925925925925926,0.0
2025-05-25,2425,31,Southampton,Arsenal,D Bond,reds,away,0,0.061907586207790674,0.0,0.05925925925925926,0.0
2025-05-25,2425,31,Tottenham,Brighton,R Jones,reds,away,0,0.06765883180914349,0.0,0.05925925925925926,0.0
2025-05-25,2425,31,Wolves,Brentford,C Pawson,reds,away,0,0.05987523320420269,0.0,0.05925925925925926,0.0
2025-05-25,2425,31,Bournemouth,Leicester,L Smith,corners,home,6,6.817915155533482,0.08759995022195875,5.186772475355832,0.14805906492546053
2025-05-25,2425,31,Fulham,Man City,A Madley,corners,home,1,4.1378203738562505,0.08759995022195875,5.186772475355832,0.14805906492546053
2025-05-25,2425,31,Ipswich,West Ham,T Robinson,corners,home,4,4.538637396293906,0.08759995022195875,5.186772475355832,0.14805906492546053
2025-05-25,2425,31,Liverpool,Crystal Palace,D England,corners,home,11,7.07262490703741,0.08759995022195875,5.186772475355832,0.14805906492546053
2025-05-25,2425,31,Man United,Aston Villa,T Bramall,corners,home,4,5.285963151683591,0.08759995022195875,5.186772475355832,0.14805906492546053
2025-05-25,2425,31,Newcastle,Everton,T Harrington,corners,home,12,6.655083071567919,0.08759995022195875,5.186772475355832,0.14805906492546053
2025-05-25,2425,31,Nott'm Forest,Chelsea,A Taylor,corners,home,7,3.648438990468077,0.08759995022195875,5.186772475355832,0.14805906492546053
2025-05-25,2425,31,Southampton,Arsenal,D Bond,corners,home,5,3.0827700410356296,0.08759995022195875,5.186772475355832,0.14805906492546053
2025-05-25,2425,31,Tottenham,Brighton,R Jones,corners,home,2,5.872355223569247,0.08759995022195875,5.186772475355832,0.14805906492546053
2025-05-25,2425,31,Wolves,Brentford,C Pawson,corners,home,8,5.17663018561838,0.08759995022195875,5.186772475355832,0.14805906492546053
2025-05-25,2425,31,Bournemouth,Leicester,L Smith,corners,away,1,3.87191797725217,0.08759995022195875,5.186772475355832,0.14805906492546053
2025-05-25,2425,31,Fulham,Man City,A Madley,corners,away,6,5.495967333705382,0.08759995022195875,5.186772475355832,0.14805906492546053
2025-05-25,2425,31,Ipswich,West Ham,T Robinson,corners,away,0,5.113880572992011,0.08759995022195875,5.186772475355832,0.14805906492546053
2025-05-25,2425,31,Liverpool,Crystal Palace,D England,corners,away,0,3.341671374031757,0.08759995022195875,5.186772475355832,0.14805906492546053
2025-05-25,2425,31,Man United,Aston Villa,T Bramall,corners,away,3,5.708253996042426,0.08759995022195875,5.186772475355832,0.14805906492546053
2025-05-25,2425,31,Newcastle,Everton,T Harrington,corners,away,3,4.207177640613647,0.08759995022195875,5.186772475355832,0.14805906492546053
2025-05-25,2425,31,Nott'm Forest,Chelsea,A Taylor,corners,away,4,6.4907730247714,0.08759995022195875,5.186772475355832,0.14805906492546053
2025-05-25,2425,31,Southampton,Arsenal,D Bond,corners,away,8,6.729268056873852,0.08759995022195875,5.186772475355832,0.14805906492546053
2025-05-25,2425,31,Tottenham,Brighton,R Jones,corners,away,11,4.885830288788762,0.08759995022195875,5.186772475355832,0.14805906492546053
2025-05-25,2425,31,Wolves,Brentford,C Pawson,corners,away,3,4.6678042004466835,0.08759995022195875,5.186772475355832,0.14805906492546053
2025-05-25,2425,31,Bournemouth,Leicester,L Smith,fouls,home,19,12.118525398941136,0.00033546262790251185,10.771164009683941,0.015185851037310207
2025-05-25,2425,31,Fulham,Man City,A Madley,fouls,home,11,10.583204930563737,0.00033546262790251185,10.771164009683941,0.015185851037310207
2025-05-25,2425,31,Ipswich,West Ham,T Robinson,fouls,home,10,10.64755210703194,0.00033546262790251185,10.771164009683941,0.015185851037310207
2025-05-25,2425,31,Liverpool,Crystal Palace,D England,fouls,home,7,11.66092248958146,0.00033546262790251185,10.771164009683941,0.015185851037310207
2025-05-25,2425,31,Man United,Aston Villa,T Bramall,fouls,home,10,11.942943124521289,0.00033546262790251185,10.771164009683941,0.015185851037310207
2025-05-25,2425,31,Newcastle,Everton,T Harrington,fouls,home,12,9.774175310046312,0.00033546262790251185,10.771164009683941,0.015185851037310207
2025-05-25,2425,31,Nott'm Forest,Chelsea,A Taylor,fouls,home,10,11.047239848196098,0.00033546262790251185,10.771164009683941,0.015185851037310207
2025-05-25,2425,31,Southampton,Arsenal,D Bond,fouls,home,7,11.548642114201828,0.00033546262790251185,10.771164009683941,0.015185851037310207
2025-05-25,2425,31,Tottenham,Brighton,R Jones,fouls,home,13,12.098646929552311,0.00033546262790251185,10.771164009683941,0.015185851037310207
2025-05-25,2425,31,Wolves,Brentford,C Pawson,fouls,home,7,11.262156333255833,0.00033546262790251185,10.771164009683941,0.015185851037310207
2025-05-25,2425,31,Bournemouth,Leicester,L Smith,fouls,away,16,11.14205793574521,0.00033546262790251185,10.771164009683941,0.015185851037310207
2025-05-25,2425,31,Fulham,Man City,A Madley,fouls,away,5,8.228440964958162,0.00033546262790251185,10.771164009683941,0.015185851037310207
2025-05-25,2425,31,Ipswich,West Ham,T Robinson,fouls,away,9,11.418371985793634,0.00033546262790251185,10.771164009683941,0.015185851037310207
2025-05-25,2425,31,Liverpool,Crystal Palace,D England,fouls,away,10,10.832560440211571,0.00033546262790251185,10.771164009683941,0.015185851037310207
2025-05-25,2425,31,Man United,Aston Villa,T Bramall,fouls,away,10,9.759786881430188,0.00033546262790251185,10.771164009683941,0.015185851037310207
2025-05-25,2425,31,Newcastle,Everton,T Harrington,fouls,away,9,12.779346745514355,0.00033546262790251185,10.771164009683941,0.015185851037310207
2025-05-25,2425,31,Nott'm Forest,Chelsea,A Taylor,fouls,away,11,11.456605353558986,0.00033546262790251185,10.771164009683941,0.015185851037310207
2025-05-25,2425,31,Southampton,Arsenal,D Bond,fouls,away,8,10.91745629617738,0.00033546262790251185,10.771164009683941,0.015185851037310207
2025-05-25,2425,31,Tottenham,Brighton,R Jones,fouls,away,8,14.065246420721687,0.00033546262790251185,10.771164009683941,0.015185851037310207
2025-05-25,2425,31,Wolves,Brentford,C Pawson,fouls,away,9,10.235361439656867,0.00033546262790251185,10.771164009683941,0.015185851037310207
2025-08-15,2526,32,Liverpool,Bournemouth,A Taylor,yellows,home,1,1.5645702303538394,0.00033546262790251185,1.807894736852674,0.00033546262790251185
2025-08-16,2526,32,Aston Villa,Newcastle,C Pawson,yellows,home,1,2.1247916199891423,0.00033546262790251185,1.807894736852674,0.00033546262790251185
2025-08-16,2526,32,Brighton,Fulham,S Barrott,yellows,home,3,1.645946468406101,0.00033546262790251185,1.807894736852674,0.00033546262790251185
2025-08-16,2526,32,Sunderland,West Ham,R Jones,yellows,home,0,1.5415154053029771,0.00033546262790251185,1.807894736852674,0.00033546262790251185
2025-08-16,2526,32,Tottenham,Burnley,M Oliver,yellows,home,0,1.7828531542802153,0.00033546262790251185,1.807894736852674,0.00033546262790251185
2025-08-16,2526,32,Wolves,Man City,J Gillett,yellows,home,1,2.0141183342458233,0.00033546262790251185,1.807894736852674,0.00033546262790251185
2025-08-17,2526,32,Chelsea,Crystal Palace,D England,yellows,home,2,2.2295694614102985,0.00033546262790251185,1.807894736852674,0.00033546262790251185
2025-08-17,2526,32,Man United,Arsenal,S Hooper,yellows,home,1,1.9923237686189617,0.00033546262790251185,1.807894736852674,0.00033546262790251185
2025-08-17,2526,32,Nott'm Forest,Brentford,P Bankes,yellows,home,1,1.9109806134021592,0.00033546262790251185,1.807894736852674,0.00033546262790251185
2025-08-18,2526,32,Leeds,Everton,C Kavanagh,yellows,home,0,1.4518858564433095,0.00033546262790251185,1.807894736852674,0.00033546262790251185
2025-08-15,2526,32,Liverpool,Bournemouth,A Taylor,yellows,away,2,2.2977669062251365,0.00033546262790251185,1.807894736852674,0.00033546262790251185
2025-08-16,2526,32,Aston Villa,Newcastle,C Pawson,yellows,away,1,2.357482375360131,0.00033546262790251185,1.807894736852674,0.00033546262790251185
2025-08-16,2526,32,Brighton,Fulham,S Barrott,yellows,away,3,2.39844553730047,0.00033546262790251185,1.807894736852674,0.00033546262790251185
2025-08-16,2526,32,Sunderland,West Ham,R Jones,yellows,away,1,2.002779900562745,0.00033546262790251185,1.807894736852674,0.00033546262790251185
2025-08-16,2526,32,Tottenham,Burnley,M Oliver,yellows,away,0,2.1926046941204063,0.00033546262790251185,1.807894736852674,0.00033546262790251185
2025-08-16,2526,32,Wolves,Man City,J Gillett,yellows,away,2,1.6839259663701351,0.00033546262790251185,1.807894736852674,0.00033546262790251185
2025-08-17,2526,32,Chelsea,Crystal Palace,D England,yellows,away,3,2.391835060684365,0.00033546262790251185,1.807894736852674,0.00033546262790251185
2025-08-17,2526,32,Man United,Arsenal,S Hooper,yellows,away,4,1.8142363372514456,0.00033546262790251185,1.807894736852674,0.00033546262790251185
2025-08-17,2526,32,Nott'm Forest,Brentford,P Bankes,yellows,away,2,2.231558927279305,0.00033546262790251185,1.807894736852674,0.00033546262790251185
2025-08-18,2526,32,Leeds,Everton,C Kavanagh,yellows,away,2,2.045572207910116,0.00033546262790251185,1.807894736852674,0.00033546262790251185
2025-08-15,2526,32,Liverpool,Bournemouth,A Taylor,reds,home,0,0.05812954464159126,0.0,0.05947368421052632,0.0
2025-08-16,2526,32,Aston Villa,Newcastle,C Pawson,reds,home,1,0.06406494201496468,0.0,0.05947368421052632,0.0
2025-08-16,2526,32,Brighton,Fulham,S Barrott,reds,home,0,0.06211387068034532,0.0,0.05947368421052632,0.0
2025-08-16,2526,32,Sunderland,West Ham,R Jones,reds,home,0,0.05483179021781128,0.0,0.05947368421052632,0.0
2025-08-16,2526,32,Tottenham,Burnley,M Oliver,reds,home,0,0.056951927144462414,0.0,0.05947368421052632,0.0
2025-08-16,2526,32,Wolves,Man City,J Gillett,reds,home,0,0.060706132834441616,0.0,0.05947368421052632,0.0
2025-08-17,2526,32,Chelsea,Crystal Palace,D England,reds,home,0,0.06525949953515822,0.0,0.05947368421052632,0.0
2025-08-17,2526,32,Man United,Arsenal,S Hooper,reds,home,0,0.054515848871471206,0.0,0.05947368421052632,0.0
2025-08-17,2526,32,Nott'm Forest,Brentford,P Bankes,reds,home,0,0.05931903426219001,0.0,0.05947368421052632,0.0
2025-08-18,2526,32,Leeds,Everton,C Kavanagh,reds,home,0,0.054099794306899276,0.0,0.05947368421052632,0.0
2025-08-15,2526,32,Liverpool,Bournemouth,A Taylor,reds,away,0,0.059069337190235896,0.0,0.05947368421052632,0.0
2025-08-16,2526,32,Aston Villa,Newcastle,C Pawson,reds,away,0,0.05859018984323787,0.0,0.05947368421052632,0.0
2025-08-16,2526,32,Brighton,Fulham,S Barrott,reds,away,0,0.06218250659604808,0.0,0.05947368421052632,0.0
2025-08-16,2526,32,Sunderland,West Ham,R Jones,reds,away,0,0.05985845650978783,0.0,0.05947368421052632,0.0
2025-08-16,2526,32,Tottenham,Burnley,M Oliver,reds,away,0,0.0672922310867882,0.0,0.05947368421052632,0.0
2025-08-16,2526,32,Wolves,Man City,J Gillett,reds,away,0,0.058563787564839466,0.0,0.05947368421052632,0.0
2025-08-17,2526,32,Chelsea,Crystal Palace,D England,reds,away,0,0.06301261803239662,0.0,0.05947368421052632,0.0
2025-08-17,2526,32,Man United,Arsenal,S Hooper,reds,away,0,0.061658539146935254,0.0,0.05947368421052632,0.0
2025-08-17,2526,32,Nott'm Forest,Brentford,P Bankes,reds,away,0,0.05950960022017677,0.0,0.05947368421052632,0.0
2025-08-18,2526,32,Leeds,Everton,C Kavanagh,reds,away,0,0.061259267421334175,0.0,0.05947368421052632,0.0
2025-08-15,2526,32,Liverpool,Bournemouth,A Taylor,corners,home,6,6.983526895616384,0.09192826910422983,5.185526231950726,0.14910322891805391
2025-08-16,2526,32,Aston Villa,Newcastle,C Pawson,corners,home,3,6.111645613704609,0.09192826910422983,5.185526231950726,0.14910322891805391
2025-08-16,2526,32,Brighton,Fulham,S Barrott,corners,home,4,5.129058793542722,0.09192826910422983,5.185526231950726,0.14910322891805391
2025-08-16,2526,32,Sunderland,West Ham,R Jones,corners,home,5,5.719803727793484,0.09192826910422983,5.185526231950726,0.14910322891805391
2025-08-16,2526,32,Tottenham,Burnley,M Oliver,corners,home,6,6.907149083429486,0.09192826910422983,5.185526231950726,0.14910322891805391
2025-08-16,2526,32,Wolves,Man City,J Gillett,corners,home,4,3.3453493409409276,0.09192826910422983,5.185526231950726,0.14910322891805391
2025-08-17,2526,32,Chelsea,Crystal Palace,D England,corners,home,11,6.391170515803902,0.09192826910422983,5.185526231950726,0.14910322891805391
2025-08-17,2526,32,Man United,Arsenal,S Hooper,corners,home,3,4.051583762772923,0.09192826910422983,5.185526231950726,0.14910322891805391
2025-08-17,2526,32,Nott'm Forest,Brentford,P Bankes,corners,home,5,5.262662502710576,0.09192826910422983,5.185526231950726,0.14910322891805391
2025-08-18,2526,32,Leeds,Everton,C Kavanagh,corners,home,7,6.286296329022935,0.09192826910422983,5.185526231950726,0.14910322891805391
2025-08-15,2526,32,Liverpool,Bournemouth,A Taylor,corners,away,7,4.016463779021642,0.09192826910422983,5.185526231950726,0.14910322891805391
2025-08-16,2526,32,Aston Villa,Newcastle,C Pawson,corners,away,6,4.6939063055731225,0.09192826910422983,5.185526231950726,0.14910322891805391
2025-08-16,2526,32,Brighton,Fulham,S Barrott,corners,away,3,4.493229377677661,0.09192826910422983,5.185526231950726,0.14910322891805391
2025-08-16,2526,32,Sunderland,West Ham,R Jones,corners,away,7,4.0526495216032155,0.09192826910422983,5.185526231950726,0.14910322891805391
2025-08-16,2526,32,Tottenham,Burnley,M Oliver,corners,away,5,4.763911542531179,0.09192826910422983,5.185526231950726,0.14910322891805391
2025-08-16,2526,32,Wolves,Man City,J Gillett,corners,away,6,6.090640141552685,0.09192826910422983,5.185526231950726,0.14910322891805391
2025-08-17,2526,32,Chelsea,Crystal Palace,D England,corners,away,2,3.611707244348675,0.09192826910422983,5.185526231950726,0.14910322891805391
2025-08-17,2526,32,Man United,Arsenal,S Hooper,corners,away,4,5.963388266419805,0.09192826910422983,5.185526231950726,0.14910322891805391
2025-08-17,2526,32,Nott'm Forest,Brentford,P Bankes,corners,away,5,5.232365442983499,0.09192826910422983,5.185526231950726,0.14910322891805391
2025-08-18,2526,32,Leeds,Everton,C Kavanagh,corners,away,2,4.0973252778127645,0.09192826910422983,5.185526231950726,0.14910322891805391
2025-08-15,2526,32,Liverpool,Bournemouth,A Taylor,fouls,home,7,10.61873966794648,0.00033546262790251185,10.767368414259822,0.015112624210228038
2025-08-16,2526,32,Aston Villa,Newcastle,C Pawson,fouls,home,13,11.187343472851977,0.00033546262790251185,10.767368414259822,0.015112624210228038
2025-08-16,2526,32,Brighton,Fulham,S Barrott,fouls,home,16,9.735970461317724,0.00033546262790251185,10.767368414259822,0.015112624210228038
2025-08-16,2526,32,Sunderland,West Ham,R Jones,fouls,home,8,10.87900527409378,0.00033546262790251185,10.767368414259822,0.015112624210228038
2025-08-16,2526,32,Tottenham,Burnley,M Oliver,fouls,home,14,10.95672733652374,0.00033546262790251185,10.767368414259822,0.015112624210228038
2025-08-16,2526,32,Wolves,Man City,J Gillett,fouls,home,13,11.082498054876352,0.00033546262790251185,10.767368414259822,0.015112624210228038
2025-08-17,2526,32,Chelsea,Crystal Palace,D England,fouls,home,10,11.421041261286115,0.00033546262790251185,10.767368414259822,0.015112624210228038
2025-08-17,2526,32,Man United,Arsenal,S Hooper,fouls,home,10,9.887413610372892,0.00033546262790251185,10.767368414259822,0.015112624210228038
2025-08-17,2526,32,Nott'm Forest,Brentford,P Bankes,fouls,home,7,9.345044831858807,0.00033546262790251185,10.767368414259822,0.015112624210228038
2025-08-18,2526,32,Leeds,Everton,C Kavanagh,fouls,home,6,10.175349992587325,0.00033546262790251185,10.767368414259822,0.015112624210228038
2025-08-15,2526,32,Liverpool,Bournemouth,A Taylor,fouls,away,10,11.80094599758818,0.00033546262790251185,10.767368414259822,0.015112624210228038
2025-08-16,2526,32,Aston Villa,Newcastle,C Pawson,fouls,away,11,12.55620598103455,0.00033546262790251185,10.767368414259822,0.015112624210228038
2025-08-16,2526,32,Brighton,Fulham,S Barrott,fouls,away,15,11.254858396773736,0.00033546262790251185,10.767368414259822,0.015112624210228038
2025-08-16,2526,32,Sunderland,West Ham,R Jones,fouls,away,10,11.666854445654893,0.00033546262790251185,10.767368414259822,0.015112624210228038
2025-08-16,2526,32,Tottenham,Burnley,M Oliver,fouls,away,8,13.269748465835987,0.00033546262790251185,10.767368414259822,0.015112624210228038
2025-08-16,2526,32,Wolves,Man City,J Gillett,fouls,away,7,8.95437114647176,0.00033546262790251185,10.767368414259822,0.015112624210228038
2025-08-17,2526,32,Chelsea,Crystal Palace,D England,fouls,away,12,12.614038858239724,0.00033546262790251185,10.767368414259822,0.015112624210228038
2025-08-17,2526,32,Man United,Arsenal,S Hooper,fouls,away,19,9.411287018455543,0.00033546262790251185,10.767368414259822,0.015112624210228038
2025-08-17,2526,32,Nott'm Forest,Brentford,P Bankes,fouls,away,15,9.396091085935605,0.00033546262790251185,10.767368414259822,0.015112624210228038
2025-08-18,2526,32,Leeds,Everton,C Kavanagh,fouls,away,8,11.150437986441602,0.00033546262790251185,10.767368414259822,0.015112624210228038
2025-08-22,2526,33,West Ham,Chelsea,M Oliver,yellows,home,0,1.998663092332893,0.00033546262790251185,1.8062825125631814,0.00033546262790251185
2025-08-23,2526,33,Arsenal,Leeds,J Gillett,yellows,home,0,1.5297148721904716,0.00033546262790251185,1.8062825125631814,0.00033546262790251185
2025-08-23,2526,33,Bournemouth,Wolves,T Bramall,yellows,home,2,2.127510856780666,0.00033546262790251185,1.8062825125631814,0.00033546262790251185
2025-08-23,2526,33,Brentford,Aston Villa,T Harrington,yellows,home,1,2.029047176867458,0.00033546262790251185,1.8062825125631814,0.00033546262790251185
2025-08-23,2526,33,Burnley,Sunderland,M Salisbury,yellows,home,0,1.4991796558748838,0.00033546262790251185,1.8062825125631814,0.00033546262790251185
2025-08-23,2526,33,Man City,Tottenham,P Bankes,yellows,home,1,1.4736857267362145,0.00033546262790251185,1.8062825125631814,0.00033546262790251185
2025-08-24,2526,33,Crystal Palace,Nott'm Forest,A Taylor,yellows,home,3,1.8939275790534893,0.00033546262790251185,1.8062825125631814,0.00033546262790251185
2025-08-24,2526,33,Everton,Brighton,S Attwell,yellows,home,4,2.0516131816171255,0.00033546262790251185,1.8062825125631814,0.00033546262790251185
2025-08-24,2526,33,Fulham,Man United,C Kavanagh,yellows,home,1,1.792944948362899,0.00033546262790251185,1.8062825125631814,0.00033546262790251185
2025-08-25,2526,33,Newcastle,Liverpool,S Hooper,yellows,home,2,1.7360103492756982,0.00033546262790251185,1.8062825125631814,0.00033546262790251185
2025-08-22,2526,33,West Ham,Chelsea,M Oliver,yellows,away,1,2.0415069498094187,0.00033546262790251185,1.8062825125631814,0.00033546262790251185
2025-08-23,2526,33,Arsenal,Leeds,J Gillett,yellows,away,2,2.0684135207590355,0.00033546262790251185,1.8062825125631814,0.00033546262790251185
2025-08-23,2526,33,Bournemouth,Wolves,T Bramall,yellows,away,4,2.1957679237621854,0.00033546262790251185,1.8062825125631814,0.00033546262790251185
2025-08-23,2526,33,Brentford,Aston Villa,T Harrington,yellows,away,2,2.0637354030370685,0.00033546262790251185,1.8062825125631814,0.00033546262790251185
2025-08-23,2526,33,Burnley,Sunderland,M Salisbury,yellows,away,1,1.7990853822851167,0.00033546262790251185,1.8062825125631814,0.00033546262790251185
2025-08-23,2526,33,Man City,Tottenham,P Bankes,yellows,away,4,2.11533358687401,0.00033546262790251185,1.8062825125631814,0.00033546262790251185
2025-08-24,2526,33,Crystal Palace,Nott'm Forest,A Taylor,yellows,away,3,2.1529445342542712,0.00033546262790251185,1.8062825125631814,0.00033546262790251185
2025-08-24,2526,33,Everton,Brighton,S Attwell,yellows,away,3,1.610560190830634,0.00033546262790251185,1.8062825125631814,0.00033546262790251185
2025-08-24,2526,33,Fulham,Man United,C Kavanagh,yellows,away,1,1.935053496880867,0.00033546262790251185,1.8062825125631814,0.00033546262790251185
2025-08-25,2526,33,Newcastle,Liverpool,S Hooper,yellows,away,3,2.1598749272386173,0.00033546262790251185,1.8062825125631814,0.00033546262790251185
2025-08-22,2526,33,West Ham,Chelsea,M Oliver,reds,home,0,0.06275144790958254,0.0,0.059424083769633505,0.0
2025-08-23,2526,33,Arsenal,Leeds,J Gillett,reds,home,0,0.06554445825442179,0.0,0.059424083769633505,0.0
2025-08-23,2526,33,Bournemouth,Wolves,T Bramall,reds,home,0,0.06106007275955433,0.0,0.059424083769633505,0.0
2025-08-23,2526,33,Brentford,Aston Villa,T Harrington,reds,home,0,0.06074755839405852,0.0,0.059424083769633505,0.0
2025-08-23,2526,33,Burnley,Sunderland,M Salisbury,reds,home,0,0.06156146036052881,0.0,0.059424083769633505,0.0
2025-08-23,2526,33,Man City,Tottenham,P Bankes,reds,home,0,0.060486913786934694,0.0,0.059424083769633505,0.0
2025-08-24,2526,33,Crystal Palace,Nott'm Forest,A Taylor,reds,home,0,0.062491648010496656,0.0,0.059424083769633505,0.0
2025-08-24,2526,33,Everton,Brighton,S Attwell,reds,home,0,0.06274503160348853,0.0,0.059424083769633505,0.0
2025-08-24,2526,33,Fulham,Man United,C Kavanagh,reds,home,0,0.05661242983712146,0.0,0.059424083769633505,0.0
2025-08-25,2526,33,Newcastle,Liverpool,S Hooper,reds,home,1,0.05533413749578658,0.0,0.059424083769633505,0.0
2025-08-22,2526,33,West Ham,Chelsea,M Oliver,reds,away,0,0.05539148219288611,0.0,0.059424083769633505,0.0
2025-08-23,2526,33,Arsenal,Leeds,J Gillett,reds,away,0,0.05801160122181837,0.0,0.059424083769633505,0.0
2025-08-23,2526,33,Bournemouth,Wolves,T Bramall,reds,away,1,0.06117148561871561,0.0,0.059424083769633505,0.0
2025-08-23,2526,33,Brentford,Aston Villa,T Harrington,reds,away,0,0.06316950888879412,0.0,0.059424083769633505,0.0
2025-08-23,2526,33,Burnley,Sunderland,M Salisbury,reds,away,0,0.05701443935523093,0.0,0.059424083769633505,0.0
2025-08-23,2526,33,Man City,Tottenham,P Bankes,reds,away,0,0.05844287634884197,0.0,0.059424083769633505,0.0
2025-08-24,2526,33,Crystal Palace,Nott'm Forest,A Taylor,reds,away,0,0.06203711641165942,0.0,0.059424083769633505,0.0
2025-08-24,2526,33,Everton,Brighton,S Attwell,reds,away,0,0.05634744946046103,0.0,0.059424083769633505,0.0
2025-08-24,2526,33,Fulham,Man United,C Kavanagh,reds,away,0,0.055576985620114094,0.0,0.059424083769633505,0.0
2025-08-25,2526,33,Newcastle,Liverpool,S Hooper,reds,away,0,0.06264395452323279,0.0,0.059424083769633505,0.0
2025-08-22,2526,33,West Ham,Chelsea,M Oliver,corners,home,7,3.930165445173092,0.08621728212409153,5.184816882177981,0.14807700301149573
2025-08-23,2526,33,Arsenal,Leeds,J Gillett,corners,home,2,6.2165712353730065,0.08621728212409153,5.184816882177981,0.14807700301149573
2025-08-23,2526,33,Bournemouth,Wolves,T Bramall,corners,home,8,6.477106613099808,0.08621728212409153,5.184816882177981,0.14807700301149573
2025-08-23,2526,33,Brentford,Aston Villa,T Harrington,corners,home,2,4.755878734204809,0.08621728212409153,5.184816882177981,0.14807700301149573
2025-08-23,2526,33,Burnley,Sunderland,M Salisbury,corners,home,4,5.643124937764442,0.08621728212409153,5.184816882177981,0.14807700301149573
2025-08-23,2526,33,Man City,Tottenham,P Bankes,corners,home,7,7.19247541321917,0.08621728212409153,5.184816882177981,0.14807700301149573
2025-08-24,2526,33,Crystal Palace,Nott'm Forest,A Taylor,corners,home,1,5.85940038433449,0.08621728212409153,5.184816882177981,0.14807700301149573
2025-08-24,2526,33,Everton,Brighton,S Attwell,corners,home,2,4.3216735609043315,0.08621728212409153,5.184816882177981,0.14807700301149573
2025-08-24,2526,33,Fulham,Man United,C Kavanagh,corners,home,9,5.899109611414117,0.08621728212409153,5.184816882177981,0.14807700301149573
2025-08-25,2526,33,Newcastle,Liverpool,S Hooper,corners,home,7,4.693009480689856,0.08621728212409153,5.184816882177981,0.14807700301149573
2025-08-22,2526,33,West Ham,Chelsea,M Oliver,corners,away,5,5.652787012895041,0.08621728212409153,5.184816882177981,0.14807700301149573
2025-08-23,2526,33,Arsenal,Leeds,J Gillett,corners,away,2,3.334488332452354,0.08621728212409153,5.184816882177981,0.14807700301149573
2025-08-23,2526,33,Bournemouth,Wolves,T Bramall,corners,away,3,4.03354336502982,0.08621728212409153,5.184816882177981,0.14807700301149573
2025-08-23,2526,33,Brentford,Aston Villa,T Harrington,corners,away,9,5.97462170451301,0.08621728212409153,5.184816882177981,0.14807700301149573
2025-08-23,2526,33,Burnley,Sunderland,M Salisbury,corners,away,3,5.06053204377509,0.08621728212409153,5.184816882177981,0.14807700301149573
2025-08-23,2526,33,Man City,Tottenham,P Bankes,corners,away,2,3.788019328953998,0.08621728212409153,5.184816882177981,0.14807700301149573
2025-08-24,2526,33,Crystal Palace,Nott'm Forest,A Taylor,corners,away,3,4.174308401126867,0.08621728212409153,5.184816882177981,0.14807700301149573
2025-08-24,2526,33,Everton,Brighton,S Attwell,corners,away,2,5.403715345420072,0.08621728212409153,5.184816882177981,0.14807700301149573
2025-08-24,2526,33,Fulham,Man United,C Kavanagh,corners,away,6,4.554019956531758,0.08621728212409153,5.184816882177981,0.14807700301149573
2025-08-25,2526,33,Newcastle,Liverpool,S Hooper,corners,away,1,5.928087351078271,0.08621728212409153,5.184816882177981,0.14807700301149573
2025-08-22,2526,33,West Ham,Chelsea,M Oliver,fouls,home,7,11.76611155786675,0.00033546262790251185,10.76832460346541,0.015082673789405948
2025-08-23,2526,33,Arsenal,Leeds,J Gillett,fouls,home,8,9.928607606482535,0.00033546262790251185,10.76832460346541,0.015082673789405948
2025-08-23,2526,33,Bournemouth,Wolves,T Bramall,fouls,home,13,12.548755040165714,0.00033546262790251185,10.76832460346541,0.015082673789405948
2025-08-23,2526,33,Brentford,Aston Villa,T Harrington,fouls,home,11,11.030976088938733,0.00033546262790251185,10.76832460346541,0.015082673789405948
2025-08-23,2526,33,Burnley,Sunderland,M Salisbury,fouls,home,9,10.385700967093637,0.00033546262790251185,10.76832460346541,0.015082673789405948
2025-08-23,2526,33,Man City,Tottenham,P Bankes,fouls,home,7,8.939007028050279,0.00033546262790251185,10.76832460346541,0.015082673789405948
2025-08-24,2526,33,Crystal Palace,Nott'm Forest,A Taylor,fouls,home,11,10.735345276841063,0.00033546262790251185,10.76832460346541,0.015082673789405948
2025-08-24,2526,33,Everton,Brighton,S Attwell,fouls,home,7,10.699935903479124,0.00033546262790251185,10.76832460346541,0.015082673789405948
2025-08-24,2526,33,Fulham,Man United,C Kavanagh,fouls,home,12,9.858610274252321,0.00033546262790251185,10.76832460346541,0.015082673789405948
2025-08-25,2526,33,Newcastle,Liverpool,S Hooper,fouls,home,17,9.005099340618871,0.00033546262790251185,10.76832460346541,0.015082673789405948
2025-08-22,2526,33,West Ham,Chelsea,M Oliver,fouls,away,10,11.560323494878697,0.00033546262790251185,10.76832460346541,0.015082673789405948
2025-08-23,2526,33,Arsenal,Leeds,J Gillett,fouls,away,11,10.920210433468194,0.00033546262790251185,10.76832460346541,0.015082673789405948
2025-08-23,2526,33,Bournemouth,Wolves,T Bramall,fouls,away,16,11.85352841512445,0.00033546262790251185,10.76832460346541,0.015082673789405948
2025-08-23,2526,33,Brentford,Aston Villa,T Harrington,fouls,away,9,10.332198557125816,0.00033546262790251185,10.76832460346541,0.015082673789405948
2025-08-23,2526,33,Burnley,Sunderland,M Salisbury,fouls,away,5,10.556512213961952,0.00033546262790251185,10.76832460346541,0.015082673789405948
2025-08-23,2526,33,Man City,Tottenham,P Bankes,fouls,away,12,11.02401965180947,0.00033546262790251185,10.76832460346541,0.015082673789405948
2025-08-24,2526,33,Crystal Palace,Nott'm Forest,A Taylor,fouls,away,11,10.697398047423341,0.00033546262790251185,10.76832460346541,0.015082673789405948
2025-08-24,2526,33,Everton,Brighton,S Attwell,fouls,away,15,10.518183063668396,0.00033546262790251185,10.76832460346541,0.015082673789405948
2025-08-24,2526,33,Fulham,Man United,C Kavanagh,fouls,away,10,9.849017455873222,0.00033546262790251185,10.76832460346541,0.015082673789405948
2025-08-25,2526,33,Newcastle,Liverpool,S Hooper,fouls,away,15,11.931617604880778,0.00033546262790251185,10.76832460346541,0.015082673789405948
2025-08-30,2526,34,Chelsea,Fulham,R Jones,yellows,home,2,1.8612559765404546,0.00033546262790251185,1.8067708333687063,0.00033546262790251185
2025-08-30,2526,34,Leeds,Newcastle,P Bankes,yellows,home,1,1.973512579320255,0.00033546262790251185,1.8067708333687063,0.00033546262790251185
2025-08-30,2526,34,Man United,Burnley,S Barrott,yellows,home,1,1.786359799264045,0.00033546262790251185,1.8067708333687063,0.00033546262790251185
2025-08-30,2526,34,Sunderland,Brentford,A Taylor,yellows,home,3,1.5042146575115187,0.00033546262790251185,1.8067708333687063,0.00033546262790251185
2025-08-30,2526,34,Tottenham,Bournemouth,S Hooper,yellows,home,2,1.9676616629533978,0.00033546262790251185,1.8067708333687063,0.00033546262790251185
2025-08-30,2526,34,Wolves,Everton,M Oliver,yellows,home,0,1.435027250958163,0.00033546262790251185,1.8067708333687063,0.00033546262790251185
2025-08-31,2526,34,Aston Villa,Crystal Palace,S Attwell,yellows,home,2,1.8357546429595988,0.00033546262790251185,1.8067708333687063,0.00033546262790251185
2025-08-31,2526,34,Brighton,Man City,D England,yellows,home,2,2.0130899596224405,0.00033546262790251185,1.8067708333687063,0.00033546262790251185
2025-08-31,2526,34,Liverpool,Arsenal,C Kavanagh,yellows,home,2,1.5246848851422403,0.00033546262790251185,1.8067708333687063,0.00033546262790251185
2025-08-31,2526,34,Nott'm Forest,West Ham,C Pawson,yellows,home,0,1.6110871657051478,0.00033546262790251185,1.8067708333687063,0.00033546262790251185
2025-08-30,2526,34,Chelsea,Fulham,R Jones,yellows,away,2,2.4244555629580975,0.00033546262790251185,1.8067708333687063,0.00033546262790251185
2025-08-30,2526,34,Leeds,Newcastle,P Bankes,yellows,away,1,1.741666213948373,0.00033546262790251185,1.8067708333687063,0.00033546262790251185
2025-08-30,2526,34,Man United,Burnley,S Barrott,yellows,away,5,1.915797878773649,0.00033546262790251185,1.8067708333687063,0.00033546262790251185
2025-08-30,2526,34,Sunderland,Brentford,A Taylor,yellows,away,2,1.6672103118039523,0.00033546262790251185,1.8067708333687063,0.00033546262790251185
2025-08-30,2526,34,Tottenham,Bournemouth,S Hooper,yellows,away,4,2.7014523943098774,0.00033546262790251185,1.8067708333687063,0.00033546262790251185
2025-08-30,2526,34,Wolves,Everton,M Oliver,yellows,away,1,2.263598100041329,0.00033546262790251185,1.8067708333687063,0.00033546262790251185
2025-08-31,2526,34,Aston Villa,Crystal Palace,S Attwell,yellows,away,3,2.4475917671538903,0.00033546262790251185,1.8067708333687063,0.00033546262790251185
2025-08-31,2526,34,Brighton,Man City,D England,yellows,away,2,1.8971484566461332,0.00033546262790251185,1.8067708333687063,0.00033546262790251185
2025-08-31,2526,34,Liverpool,Arsenal,C Kavanagh,yellows,away,2,1.8025019092943273,0.00033546262790251185,1.8067708333687063,0.00033546262790251185
2025-08-31,2526,34,Nott'm Forest,West Ham,C Pawson,yellows,away,0,2.3176239784710764,0.00033546262790251185,1.8067708333687063,0.00033546262790251185
2025-08-30,2526,34,Chelsea,Fulham,R Jones,reds,home,0,0.05977370982620739,0.0,0.05963541666666667,0.0
2025-08-30,2526,34,Leeds,Newcastle,P Bankes,reds,home,0,0.06446282460721925,0.0,0.05963541666666667,0.0
2025-08-30,2526,34,Man United,Burnley,S Barrott,reds,home,0,0.0536681555435886,0.0,0.05963541666666667,0.0
2025-08-30,2526,34,Sunderland,Brentford,A Taylor,reds,home,0,0.06128231914798156,0.0,0.05963541666666667,0.0
2025-08-30,2526,34,Tottenham,Bournemouth,S Hooper,reds,home,0,0.0601479483567551,0.0,0.05963541666666667,0.0
2025-08-30,2526,34,Wolves,Everton,M Oliver,reds,home,0,0.05636654738999987,0.0,0.05963541666666667,0.0
2025-08-31,2526,34,Aston Villa,Crystal Palace,S Attwell,reds,home,0,0.06623237116741822,0.0,0.05963541666666667,0.0
2025-08-31,2526,34,Brighton,Man City,D England,reds,home,0,0.06160804558849451,0.0,0.05963541666666667,0.0
2025-08-31,2526,34,Liverpool,Arsenal,C Kavanagh,reds,home,0,0.05644642248847938,0.0,0.05963541666666667,0.0
2025-08-31,2526,34,Nott'm Forest,West Ham,C Pawson,reds,home,0,0.052764532107243134,0.0,0.05963541666666667,0.0
2025-08-30,2526,34,Chelsea,Fulham,R Jones,reds,away,0,0.06308013394069675,0.0,0.05963541666666667,0.0
2025-08-30,2526,34,Leeds,Newcastle,P Bankes,reds,away,0,0.05589079331852422,0.0,0.05963541666666667,0.0
2025-08-30,2526,34,Man United,Burnley,S Barrott,reds,away,0,0.058036566315795464,0.0,0.05963541666666667,0.0
2025-08-30,2526,34,Sunderland,Brentford,A Taylor,reds,away,0,0.05678057426596414,0.0,0.05963541666666667,0.0
2025-08-30,2526,34,Tottenham,Bournemouth,S Hooper,reds,away,0,0.06316587658747363,0.0,0.05963541666666667,0.0
2025-08-30,2526,34,Wolves,Everton,M Oliver,reds,away,0,0.06387854505609582,0.0,0.05963541666666667,0.0
2025-08-31,2526,34,Aston Villa,Crystal Palace,S Attwell,reds,away,0,0.06395673004518099,0.0,0.05963541666666667,0.0
2025-08-31,2526,34,Brighton,Man City,D England,reds,away,0,0.05737161744036455,0.0,0.05963541666666667,0.0
2025-08-31,2526,34,Liverpool,Arsenal,C Kavanagh,reds,away,0,0.06732702374897864,0.0,0.05963541666666667,0.0
2025-08-31,2526,34,Nott'm Forest,West Ham,C Pawson,reds,away,0,0.06234944825090685,0.0,0.05963541666666667,0.0
2025-08-30,2526,34,Chelsea,Fulham,R Jones,corners,home,6,5.9557427591880625,0.08765304331892686,5.179948071650051,0.14833683511580079
2025-08-30,2526,34,Leeds,Newcastle,P Bankes,corners,home,5,5.211857291958161,0.08765304331892686,5.179948071650051,0.14833683511580079
2025-08-30,2526,34,Man United,Burnley,S Barrott,corners,home,7,6.2848362553804185,0.08765304331892686,5.179948071650051,0.14833683511580079
2025-08-30,2526,34,Sunderland,Brentford,A Taylor,corners,home,3,5.8712971866175065,0.08765304331892686,5.179948071650051,0.14833683511580079
2025-08-30,2526,34,Tottenham,Bournemouth,S Hooper,corners,home,0,6.097665849861795,0.08765304331892686,5.179948071650051,0.14833683511580079
2025-08-30,2526,34,Wolves,Everton,M Oliver,corners,home,2,5.338484281782567,0.08765304331892686,5.179948071650051,0.14833683511580079
2025-08-31,2526,34,Aston Villa,Crystal Palace,S Attwell,corners,home,10,6.435511295790578,0.08765304331892686,5.179948071650051,0.14833683511580079
2025-08-31,2526,34,Brighton,Man City,D England,corners,home,3,3.7937455144748076,0.08765304331892686,5.179948071650051,0.14833683511580079
2025-08-31,2526,34,Liverpool,Arsenal,C Kavanagh,corners,home,3,4.777362669671852,0.08765304331892686,5.179948071650051,0.14833683511580079
2025-08-31,2526,34,Nott'm Forest,West Ham,C Pawson,corners,home,9,4.749835163753094,0.08765304331892686,5.179948071650051,0.14833683511580079
2025-08-30,2526,34,Chelsea,Fulham,R Jones,corners,away,4,4.252606211972182,0.08765304331892686,5.179948071650051,0.14833683511580079
2025-08-30,2526,34,Leeds,Newcastle,P Bankes,corners,away,5,4.63093604086426,0.08765304331892686,5.179948071650051,0.14833683511580079
2025-08-30,2526,34,Man United,Burnley,S Barrott,corners,away,1,4.679874959147292,0.08765304331892686,5.179948071650051,0.14833683511580079
2025-08-30,2526,34,Sunderland,Brentford,A Taylor,corners,away,4,4.49734084760575,0.08765304331892686,5.179948071650051,0.14833683511580079
2025-08-30,2526,34,Tottenham,Bournemouth,S Hooper,corners,away,8,5.731963797764777,0.08765304331892686,5.179948071650051,0.14833683511580079
2025-08-30,2526,34,Wolves,Everton,M Oliver,corners,away,2,4.2731933277813186,0.08765304331892686,5.179948071650051,0.14833683511580079
2025-08-31,2526,34,Aston Villa,Crystal Palace,S Attwell,corners,away,1,3.772146409370846,0.08765304331892686,5.179948071650051,0.14833683511580079
2025-08-31,2526,34,Brighton,Man City,D England,corners,away,2,5.151565275999927,0.08765304331892686,5.179948071650051,0.14833683511580079
2025-08-31,2526,34,Liverpool,Arsenal,C Kavanagh,corners,away,8,4.389059213467479,0.08765304331892686,5.179948071650051,0.14833683511580079
2025-08-31,2526,34,Nott'm Forest,West Ham,C Pawson,corners,away,7,4.767483698377038,0.08765304331892686,5.179948071650051,0.14833683511580079
2025-08-30,2526,34,Chelsea,Fulham,R Jones,fouls,home,11,10.513196011054173,0.00033546262790251185,10.768489584368973,0.014968808927519147
2025-08-30,2526,34,Leeds,Newcastle,P Bankes,fouls,home,10,11.045316288733265,0.00033546262790251185,10.768489584368973,0.014968808927519147
2025-08-30,2526,34,Man United,Burnley,S Barrott,fouls,home,9,9.648714932383353,0.00033546262790251185,10.768489584368973,0.014968808927519147
2025-08-30,2526,34,Sunderland,Brentford,A Taylor,fouls,home,11,8.91487435893213,0.00033546262790251185,10.768489584368973,0.014968808927519147
2025-08-30,2526,34,Tottenham,Bournemouth,S Hooper,fouls,home,17,11.026685851457893,0.00033546262790251185,10.768489584368973,0.014968808927519147
2025-08-30,2526,34,Wolves,Everton,M Oliver,fouls,home,15,11.553647942562057,0.00033546262790251185,10.768489584368973,0.014968808927519147
2025-08-31,2526,34,Aston Villa,Crystal Palace,S Attwell,fouls,home,7,10.020098885960593,0.00033546262790251185,10.768489584368973,0.014968808927519147
2025-08-31,2526,34,Brighton,Man City,D England,fouls,home,16,10.930322817659235,0.00033546262790251185,10.768489584368973,0.014968808927519147
2025-08-31,2526,34,Liverpool,Arsenal,C Kavanagh,fouls,home,7,10.465766176173751,0.00033546262790251185,10.768489584368973,0.014968808927519147
2025-08-31,2526,34,Nott'm Forest,West Ham,C Pawson,fouls,home,14,10.065742399840312,0.00033546262790251185,10.768489584368973,0.014968808927519147
2025-08-30,2526,34,Chelsea,Fulham,R Jones,fouls,away,17,12.607101117814095,0.00033546262790251185,10.768489584368973,0.014968808927519147
2025-08-30,2526,34,Leeds,Newcastle,P Bankes,fouls,away,15,10.125052662262732,0.00033546262790251185,10.768489584368973,0.014968808927519147
2025-08-30,2526,34,Man United,Burnley,S Barrott,fouls,away,9,10.339752673576681,0.00033546262790251185,10.768489584368973,0.014968808927519147
2025-08-30,2526,34,Sunderland,Brentford,A Taylor,fouls,away,12,9.324502674249187,0.00033546262790251185,10.768489584368973,0.014968808927519147
2025-08-30,2526,34,Tottenham,Bournemouth,S Hooper,fouls,away,13,14.40636700722533,0.00033546262790251185,10.768489584368973,0.014968808927519147
2025-08-30,2526,34,Wolves,Everton,M Oliver,fouls,away,10,11.996628160570404,0.00033546262790251185,10.768489584368973,0.014968808927519147
2025-08-31,2526,34,Aston Villa,Crystal Palace,S Attwell,fouls,away,14,12.679018838530176,0.00033546262790251185,10.768489584368973,0.014968808927519147
2025-08-31,2526,34,Brighton,Man City,D England,fouls,away,14,9.052968224399471,0.00033546262790251185,10.768489584368973,0.014968808927519147
2025-08-31,2526,34,Liverpool,Arsenal,C Kavanagh,fouls,away,10,9.755982205377771,0.00033546262790251185,10.768489584368973,0.014968808927519147
2025-08-31,2526,34,Nott'm Forest,West Ham,C Pawson,fouls,away,6,11.3196735319709,0.00033546262790251185,10.768489584368973,0.014968808927519147
2025-09-13,2526,35,Arsenal,Nott'm Forest,D England,yellows,home,1,1.8083336224883668,0.00033546262790251185,1.8069948186612206,0.00033546262790251185
2025-09-13,2526,35,Bournemouth,Brighton,P Bankes,yellows,home,4,2.304522121417288,0.00033546262790251185,1.8069948186612206,0.00033546262790251185
2025-09-13,2526,35,Brentford,Chelsea,S Attwell,yellows,home,3,1.911377148455798,0.00033546262790251185,1.8069948186612206,0.00033546262790251185
2025-09-13,2526,35,Crystal Palace,Sunderland,T Bramall,yellows,home,1,1.5989477112095414,0.00033546262790251185,1.8069948186612206,0.00033546262790251185
2025-09-13,2526,35,Everton,Aston Villa,S Hooper,yellows,home,3,2.320137255666782,0.00033546262790251185,1.8069948186612206,0.00033546262790251185
2025-09-13,2526,35,Fulham,Leeds,C Pawson,yellows,home,1,1.5959714727528957,0.00033546262790251185,1.8069948186612206,0.00033546262790251185
2025-09-13,2526,35,Newcastle,Wolves,C Kavanagh,yellows,home,1,1.6147641427001462,0.00033546262790251185,1.8069948186612206,0.00033546262790251185
2025-09-13,2526,35,West Ham,Tottenham,J Gillett,yellows,home,0,1.7390066530736747,0.00033546262790251185,1.8069948186612206,0.00033546262790251185
2025-09-14,2526,35,Burnley,Liverpool,M Oliver,yellows,home,0,1.654367670263345,0.00033546262790251185,1.8069948186612206,0.00033546262790251185
2025-09-14,2526,35,Man City,Man United,A Taylor,yellows,home,0,1.3614443635547269,0.00033546262790251185,1.8069948186612206,0.00033546262790251185
2025-09-13,2526,35,Arsenal,Nott'm Forest,D England,yellows,away,1,2.312837620749084,0.00033546262790251185,1.8069948186612206,0.00033546262790251185
2025-09-13,2526,35,Bournemouth,Brighton,P Bankes,yellows,away,4,2.2439736202384246,0.00033546262790251185,1.8069948186612206,0.00033546262790251185
2025-09-13,2526,35,Brentford,Chelsea,S Attwell,yellows,away,2,2.465760098313447,0.00033546262790251185,1.8069948186612206,0.00033546262790251185
2025-09-13,2526,35,Crystal Palace,Sunderland,T Bramall,yellows,away,1,2.078317018414296,0.00033546262790251185,1.8069948186612206,0.00033546262790251185
2025-09-13,2526,35,Everton,Aston Villa,S Hooper,yellows,away,3,1.7352746813745261,0.00033546262790251185,1.8069948186612206,0.00033546262790251185
2025-09-13,2526,35,Fulham,Leeds,C Pawson,yellows,away,2,1.814103760330833,0.00033546262790251185,1.8069948186612206,0.00033546262790251185
2025-09-13,2526,35,Newcastle,Wolves,C Kavanagh,yellows,away,4,2.375504555213907,0.00033546262790251185,1.8069948186612206,0.00033546262790251185
2025-09-13,2526,35,West Ham,Tottenham,J Gillett,yellows,away,1,1.68390764900632,0.00033546262790251185,1.8069948186612206,0.00033546262790251185
2025-09-14,2526,35,Burnley,Liverpool,M Oliver,yellows,away,2,1.6633423690840285,0.00033546262790251185,1.8069948186612206,0.00033546262790251185
2025-09-14,2526,35,Man City,Man United,A Taylor,yellows,away,0,2.225405861415704,0.00033546262790251185,1.8069948186612206,0.00033546262790251185
2025-09-13,2526,35,Arsenal,Nott'm Forest,D England,reds,home,0,0.06776237024951377,0.0,0.05932642487046632,0.0
2025-09-13,2526,35,Bournemouth,Brighton,P Bankes,reds,home,0,0.05961367824430047,0.0,0.05932642487046632,0.0
2025-09-13,2526,35,Brentford,Chelsea,S Attwell,reds,home,0,0.05933138087845459,0.0,0.05932642487046632,0.0
2025-09-13,2526,35,Crystal Palace,Sunderland,T Bramall,reds,home,0,0.05939504212614895,0.0,0.05932642487046632,0.0
2025-09-13,2526,35,Everton,Aston Villa,S Hooper,reds,home,0,0.06459524392348105,0.0,0.05932642487046632,0.0
2025-09-13,2526,35,Fulham,Leeds,C Pawson,reds,home,0,0.0599753617345407,0.0,0.05932642487046632,0.0
2025-09-13,2526,35,Newcastle,Wolves,C Kavanagh,reds,home,0,0.058176260402099146,0.0,0.05932642487046632,0.0
2025-09-13,2526,35,West Ham,Tottenham,J Gillett,reds,home,1,0.06457344880371825,0.0,0.05932642487046632,0.0
2025-09-14,2526,35,Burnley,Liverpool,M Oliver,reds,home,0,0.06321010475408799,0.0,0.05932642487046632,0.0
2025-09-14,2526,35,Man City,Man United,A Taylor,reds,home,0,0.05212598663302238,0.0,0.05932642487046632,0.0
2025-09-13,2526,35,Arsenal,Nott'm Forest,D England,reds,away,0,0.05545230633279941,0.0,0.05932642487046632,0.0
2025-09-13,2526,35,Bournemouth,Brighton,P Bankes,reds,away,0,0.06308681287397515,0.0,0.05932642487046632,0.0
2025-09-13,2526,35,Brentford,Chelsea,S Attwell,reds,away,0,0.061703025152742966,0.0,0.05932642487046632,0.0
2025-09-13,2526,35,Crystal Palace,Sunderland,T Bramall,reds,away,0,0.06383790372298855,0.0,0.05932642487046632,0.0
2025-09-13,2526,35,Everton,Aston Villa,S Hooper,reds,away,0,0.05502242491279547,0.0,0.05932642487046632,0.0
2025-09-13,2526,35,Fulham,Leeds,C Pawson,reds,away,0,0.058932933687762534,0.0,0.05932642487046632,0.0
2025-09-13,2526,35,Newcastle,Wolves,C Kavanagh,reds,away,0,0.06701698196612782,0.0,0.05932642487046632,0.0
2025-09-13,2526,35,West Ham,Tottenham,J Gillett,reds,away,0,0.054094611834536836,0.0,0.05932642487046632,0.0
2025-09-14,2526,35,Burnley,Liverpool,M Oliver,reds,away,0,0.05541401686244571,0.0,0.05932642487046632,0.0
2025-09-14,2526,35,Man City,Man United,A Taylor,reds,away,0,0.055010130172245,0.0,0.05932642487046632,0.0
2025-09-13,2526,35,Arsenal,Nott'm Forest,D England,corners,home,8,7.6462576259247035,0.08928559249294478,5.176425079117762,0.14869210121648033
2025-09-13,2526,35,Bournemouth,Brighton,P Bankes,corners,home,4,5.564003010429922,0.08928559249294478,5.176425079117762,0.14869210121648033
2025-09-13,2526,35,Brentford,Chelsea,S Attwell,corners,home,5,4.313463840696977,0.08928559249294478,5.176425079117762,0.14869210121648033
2025-09-13,2526,35,Crystal Palace,Sunderland,T Bramall,corners,home,5,4.88970537017334,0.08928559249294478,5.176425079117762,0.14869210121648033
2025-09-13,2526,35,Everton,Aston Villa,S Hooper,corners,home,10,4.192993257002528,0.08928559249294478,5.176425079117762,0.14869210121648033
2025-09-13,2526,35,Fulham,Leeds,C Pawson,corners,home,3,5.130478623983781,0.08928559249294478,5.176425079117762,0.14869210121648033
2025-09-13,2526,35,Newcastle,Wolves,C Kavanagh,corners,home,10,6.413933458349618,0.08928559249294478,5.176425079117762,0.14869210121648033
2025-09-13,2526,35,West Ham,Tottenham,J Gillett,corners,home,2,5.301125899395701,0.08928559249294478,5.176425079117762,0.14869210121648033
2025-09-14,2526,35,Burnley,Liverpool,M Oliver,corners,home,1,3.9788564376104594,0.08928559249294478,5.176425079117762,0.14869210121648033
2025-09-14,2526,35,Man City,Man United,A Taylor,corners,home,2,6.863727461773867,0.08928559249294478,5.176425079117762,0.14869210121648033
2025-09-13,2526,35,Arsenal,Nott'm Forest,D England,corners,away,4,2.765676894221354,0.08928559249294478,5.176425079117762,0.14869210121648033
2025-09-13,2526,35,Bournemouth,Brighton,P Bankes,corners,away,4,4.434786738581342,0.08928559249294478,5.176425079117762,0.14869210121648033
2025-09-13,2526,35,Brentford,Chelsea,S Attwell,corners,away,6,6.157647193503454,0.08928559249294478,5.176425079117762,0.14869210121648033
2025-09-13,2526,35,Crystal Palace,Sunderland,T Bramall,corners,away,3,4.378254895028571,0.08928559249294478,5.176425079117762,0.14869210121648033
2025-09-13,2526,35,Everton,Aston Villa,S Hooper,corners,away,3,5.9503867398509795,0.08928559249294478,5.176425079117762,0.14869210121648033
2025-09-13,2526,35,Fulham,Leeds,C Pawson,corners,away,3,4.297214321344516,0.08928559249294478,5.176425079117762,0.14869210121648033
2025-09-13,2526,35,Newcastle,Wolves,C Kavanagh,corners,away,4,3.8663157692953565,0.08928559249294478,5.176425079117762,0.14869210121648033
2025-09-13,2526,35,West Ham,Tottenham,J Gillett,corners,away,13,5.481456368689338,0.08928559249294478,5.176425079117762,0.14869210121648033
2025-09-14,2526,35,Burnley,Liverpool,M Oliver,corners,away,13,6.342067928554299,0.08928559249294478,5.176425079117762,0.14869210121648033
2025-09-14,2526,35,Man City,Man United,A Taylor,corners,away,4,3.4883304827976933,0.08928559249294478,5.176425079117762,0.14869210121648033
2025-09-13,2526,35,Arsenal,Nott'm Forest,D England,fouls,home,8,10.723403391454031,0.00033546262790251185,10.774093278600668,0.014883003769971898
2025-09-13,2526,35,Bournemouth,Brighton,P Bankes,fouls,home,16,12.353796467139466,0.00033546262790251185,10.774093278600668,0.014883003769971898
2025-09-13,2526,35,Brentford,Chelsea,S Attwell,fouls,home,13,9.622581466237984,0.00033546262790251185,10.774093278600668,0.014883003769971898
2025-09-13,2526,35,Crystal Palace,Sunderland,T Bramall,fouls,home,10,10.650361188233383,0.00033546262790251185,10.774093278600668,0.014883003769971898
2025-09-13,2526,35,Everton,Aston Villa,S Hooper,fouls,home,17,12.270999766703378,0.00033546262790251185,10.774093278600668,0.014883003769971898
2025-09-13,2526,35,Fulham,Leeds,C Pawson,fouls,home,20,10.8989263807381,0.00033546262790251185,10.774093278600668,0.014883003769971898
2025-09-13,2526,35,Newcastle,Wolves,C Kavanagh,fouls,home,10,10.355849617425793,0.00033546262790251185,10.774093278600668,0.014883003769971898
2025-09-13,2526,35,West Ham,Tottenham,J Gillett,fouls,home,8,11.28047874628873,0.00033546262790251185,10.774093278600668,0.014883003769971898
2025-09-14,2526,35,Burnley,Liverpool,M Oliver,fouls,home,9,9.840827601519129,0.00033546262790251185,10.774093278600668,0.014883003769971898
2025-09-14,2526,35,Man City,Man United,A Taylor,fouls,home,8,7.725042863762873,0.00033546262790251185,10.774093278600668,0.014883003769971898
2025-09-13,2526,35,Arsenal,Nott'm Forest,D England,fouls,away,11,11.233051799847198,0.00033546262790251185,10.774093278600668,0.014883003769971898
2025-09-13,2526,35,Bournemouth,Brighton,P Bankes,fouls,away,10,11.47645554712192,0.00033546262790251185,10.774093278600668,0.014883003769971898
2025-09-13,2526,35,Brentford,Chelsea,S Attwell,fouls,away,9,10.180566444992598,0.00033546262790251185,10.774093278600668,0.014883003769971898
2025-09-13,2526,35,Crystal Palace,Sunderland,T Bramall,fouls,away,8,10.501910817351716,0.00033546262790251185,10.774093278600668,0.014883003769971898
2025-09-13,2526,35,Everton,Aston Villa,S Hooper,fouls,away,15,10.352477143643073,0.00033546262790251185,10.774093278600668,0.014883003769971898
2025-09-13,2526,35,Fulham,Leeds,C Pawson,fouls,away,15,10.371137257149677,0.00033546262790251185,10.774093278600668,0.014883003769971898
2025-09-13,2526,35,Newcastle,Wolves,C Kavanagh,fouls,away,17,13.01452649104453,0.00033546262790251185,10.774093278600668,0.014883003769971898
2025-09-13,2526,35,West Ham,Tottenham,J Gillett,fouls,away,7,11.493472075239886,0.00033546262790251185,10.774093278600668,0.014883003769971898
2025-09-14,2526,35,Burnley,Liverpool,M Oliver,fouls,away,9,10.864660221057989,0.00033546262790251185,10.774093278600668,0.014883003769971898
2025-09-14,2526,35,Man City,Man United,A Taylor,fouls,away,8,10.414433789160737,0.00033546262790251185,10.774093278600668,0.014883003769971898
2025-09-20,2526,36,Brighton,Tottenham,C Kavanagh,yellows,home,1,1.8949331450120896,0.00033546262790251185,1.8064432989702492,0.00033546262790251185
2025-09-20,2526,36,Burnley,Nott'm Forest,T Bramall,yellows,home,1,1.8028073191039338,0.00033546262790251185,1.8064432989702492,0.00033546262790251185
2025-09-20,2526,36,Fulham,Brentford,M Oliver,yellows,home,4,1.6911160190673578,0.00033546262790251185,1.8064432989702492,0.00033546262790251185
2025-09-20,2526,36,Liverpool,Everton,D England,yellows,home,2,1.2725025548019122,0.00033546262790251185,1.8064432989702492,0.00033546262790251185
2025-09-20,2526,36,Man United,Chelsea,P Bankes,yellows,home,0,2.0168791181753014,0.00033546262790251185,1.8064432989702492,0.00033546262790251185
2025-09-20,2526,36,West Ham,Crystal Palace,T Harrington,yellows,home,3,1.6382381401103199,0.00033546262790251185,1.8064432989702492,0.00033546262790251185
2025-09-20,2526,36,Wolves,Leeds,A Taylor,yellows,home,1,1.537352994997223,0.00033546262790251185,1.8064432989702492,0.00033546262790251185
2025-09-21,2526,36,Arsenal,Man City,S Attwell,yellows,home,1,1.6494326972353002,0.00033546262790251185,1.8064432989702492,0.00033546262790251185
2025-09-21,2526,36,Bournemouth,Newcastle,R Jones,yellows,home,2,2.4021078677141294,0.00033546262790251185,1.8064432989702492,0.00033546262790251185
2025-09-21,2526,36,Sunderland,Aston Villa,S Barrott,yellows,home,2,2.0494271476427217,0.00033546262790251185,1.8064432989702492,0.00033546262790251185
2025-09-20,2526,36,Brighton,Tottenham,C Kavanagh,yellows,away,2,2.336211484427371,0.00033546262790251185,1.8064432989702492,0.00033546262790251185
2025-09-20,2526,36,Burnley,Nott'm Forest,T Bramall,yellows,away,1,2.034214101804197,0.00033546262790251185,1.8064432989702492,0.00033546262790251185
2025-09-20,2526,36,Fulham,Brentford,M Oliver,yellows,away,1,1.7492743407871214,0.00033546262790251185,1.8064432989702492,0.00033546262790251185
2025-09-20,2526,36,Liverpool,Everton,D England,yellows,away,3,2.2567620999453206,0.00033546262790251185,1.8064432989702492,0.00033546262790251185
2025-09-20,2526,36,Man United,Chelsea,P Bankes,yellows,away,5,2.4556651220639507,0.00033546262790251185,1.8064432989702492,0.00033546262790251185
2025-09-20,2526,36,West Ham,Crystal Palace,T Harrington,yellows,away,3,1.6994307474979162,0.00033546262790251185,1.8064432989702492,0.00033546262790251185
2025-09-20,2526,36,Wolves,Leeds,A Taylor,yellows,away,1,1.9472184395396908,0.00033546262790251185,1.8064432989702492,0.00033546262790251185
2025-09-21,2526,36,Arsenal,Man City,S Attwell,yellows,away,2,1.639683249509704,0.00033546262790251185,1.8064432989702492,0.00033546262790251185
2025-09-21,2526,36,Bournemouth,Newcastle,R Jones,yellows,away,1,2.0655658497683564,0.00033546262790251185,1.8064432989702492,0.00033546262790251185
2025-09-21,2526,36,Sunderland,Aston Villa,S Barrott,yellows,away,1,2.0112889639706624,0.00033546262790251185,1.8064432989702492,0.00033546262790251185
2025-09-20,2526,36,Brighton,Tottenham,C Kavanagh,reds,home,0,0.0680250453005977,0.0,0.05927835051546391,0.0
2025-09-20,2526,36,Burnley,Nott'm Forest,T Bramall,reds,home,0,0.06375225995692553,0.0,0.05927835051546391,0.0
2025-09-20,2526,36,Fulham,Brentford,M Oliver,reds,home,0,0.06180564719110647,0.0,0.05927835051546391,0.0
2025-09-20,2526,36,Liverpool,Everton,D England,reds,home,0,0.05200753068788722,0.0,0.05927835051546391,0.0
2025-09-20,2526,36,Man United,Chelsea,P Bankes,reds,home,1,0.05788390790865048,0.0,0.05927835051546391,0.0
2025-09-20,2526,36,West Ham,Crystal Palace,T Harrington,reds,home,0,0.06556681228021037,0.0,0.05927835051546391,0.0
2025-09-20,2526,36,Wolves,Leeds,A Taylor,reds,home,0,0.061702714217886596,0.0,0.05927835051546391,0.0
2025-09-21,2526,36,Arsenal,Man City,S Attwell,reds,home,0,0.06438859960493548,0.0,0.05927835051546391,0.0
2025-09-21,2526,36,Bournemouth,Newcastle,R Jones,reds,home,0,0.06259533576169724,0.0,0.05927835051546391,0.0
2025-09-21,2526,36,Sunderland,Aston Villa,S Barrott,reds,home,1,0.06247115787504994,0.0,0.05927835051546391,0.0
2025-09-20,2526,36,Brighton,Tottenham,C Kavanagh,reds,away,0,0.06017165498998895,0.0,0.05927835051546391,0.0
2025-09-20,2526,36,Burnley,Nott'm Forest,T Bramall,reds,away,0,0.05456477542708339,0.0,0.05927835051546391,0.0
2025-09-20,2526,36,Fulham,Brentford,M Oliver,reds,away,0,0.05631964740374192,0.0,0.05927835051546391,0.0
2025-09-20,2526,36,Liverpool,Everton,D England,reds,away,0,0.0621337347329097,0.0,0.05927835051546391,0.0
2025-09-20,2526,36,Man United,Chelsea,P Bankes,reds,away,1,0.0558649512843873,0.0,0.05927835051546391,0.0
2025-09-20,2526,36,West Ham,Crystal Palace,T Harrington,reds,away,0,0.054935723745856424,0.0,0.05927835051546391,0.0
2025-09-20,2526,36,Wolves,Leeds,A Taylor,reds,away,0,0.061778936962251715,0.0,0.05927835051546391,0.0
2025-09-21,2526,36,Arsenal,Man City,S Attwell,reds,away,0,0.05398296700150585,0.0,0.05927835051546391,0.0
2025-09-21,2526,36,Bournemouth,Newcastle,R Jones,reds,away,0,0.056501046114717415,0.0,0.05927835051546391,0.0
2025-09-21,2526,36,Sunderland,Aston Villa,S Barrott,reds,away,0,0.06020260000338855,0.0,0.05927835051546391,0.0
2025-09-20,2526,36,Brighton,Tottenham,C Kavanagh,corners,home,2,5.712159936236337,0.09067094225488587,5.177319448475043,0.14901325280030348
2025-09-20,2526,36,Burnley,Nott'm Forest,T Bramall,corners,home,4,5.52528103636045,0.09067094225488587,5.177319448475043,0.14901325280030348
2025-09-20,2526,36,Fulham,Brentford,M Oliver,corners,home,2,6.4484585985590765,0.09067094225488587,5.177319448475043,0.14901325280030348
2025-09-20,2526,36,Liverpool,Everton,D England,corners,home,5,7.610704968041955,0.09067094225488587,5.177319448475043,0.14901325280030348
2025-09-20,2526,36,Man United,Chelsea,P Bankes,corners,home,5,4.940549575321479,0.09067094225488587,5.177319448475043,0.14901325280030348
2025-09-20,2526,36,West Ham,Crystal Palace,T Harrington,corners,home,8,5.0981184128209245,0.09067094225488587,5.177319448475043,0.14901325280030348
2025-09-20,2526,36,Wolves,Leeds,A Taylor,corners,home,4,3.9870926721978823,0.09067094225488587,5.177319448475043,0.14901325280030348
2025-09-21,2526,36,Arsenal,Man City,S Attwell,corners,home,11,4.604959165725409,0.09067094225488587,5.177319448475043,0.14901325280030348
2025-09-21,2526,36,Bournemouth,Newcastle,R Jones,corners,home,5,6.09400650783609,0.09067094225488587,5.177319448475043,0.14901325280030348
2025-09-21,2526,36,Sunderland,Aston Villa,S Barrott,corners,home,6,4.310108295660865,0.09067094225488587,5.177319448475043,0.14901325280030348
2025-09-20,2526,36,Brighton,Tottenham,C Kavanagh,corners,away,10,4.672267097881914,0.09067094225488587,5.177319448475043,0.14901325280030348
2025-09-20,2526,36,Burnley,Nott'm Forest,T Bramall,corners,away,5,4.685517699723448,0.09067094225488587,5.177319448475043,0.14901325280030348
2025-09-20,2526,36,Fulham,Brentford,M Oliver,corners,away,10,4.042671720691138,0.09067094225488587,5.177319448475043,0.14901325280030348
2025-09-20,2526,36,Liverpool,Everton,D England,corners,away,4,3.3066764720268838,0.09067094225488587,5.177319448475043,0.14901325280030348
2025-09-20,2526,36,Man United,Chelsea,P Bankes,corners,away,5,5.509252855186588,0.09067094225488587,5.177319448475043,0.14901325280030348
2025-09-20,2526,36,West Ham,Crystal Palace,T Harrington,corners,away,8,4.551931573740497,0.09067094225488587,5.177319448475043,0.14901325280030348
2025-09-20,2526,36,Wolves,Leeds,A Taylor,corners,away,0,4.7783628998886005,0.09067094225488587,5.177319448475043,0.14901325280030348
2025-09-21,2526,36,Arsenal,Man City,S Attwell,corners,away,2,3.8872517512604676,0.09067094225488587,5.177319448475043,0.14901325280030348
2025-09-21,2526,36,Bournemouth,Newcastle,R Jones,corners,away,2,5.185578567248338,0.09067094225488587,5.177319448475043,0.14901325280030348
2025-09-21,2526,36,Sunderland,Aston Villa,S Barrott,corners,away,5,5.49511478311638,0.09067094225488587,5.177319448475043,0.14901325280030348
2025-09-20,2526,36,Brighton,Tottenham,C Kavanagh,fouls,home,10,11.944971475848403,0.00033546262790251185,10.777319601564665,0.014936407279493651
2025-09-20,2526,36,Burnley,Nott'm Forest,T Bramall,fouls,home,12,10.089058066614319,0.00033546262790251185,10.777319601564665,0.014936407279493651
2025-09-20,2526,36,Fulham,Brentford,M Oliver,fouls,home,11,10.53636560975897,0.00033546262790251185,10.777319601564665,0.014936407279493651
2025-09-20,2526,36,Liverpool,Everton,D England,fouls,home,11,10.784320876324799,0.00033546262790251185,10.777319601564665,0.014936407279493651
2025-09-20,2526,36,Man United,Chelsea,P Bankes,fouls,home,13,10.82715709848733,0.00033546262790251185,10.777319601564665,0.014936407279493651
2025-09-20,2526,36,West Ham,Crystal Palace,T Harrington,fouls,home,15,10.38570234188367,0.00033546262790251185,10.777319601564665,0.014936407279493651
2025-09-20,2526,36,Wolves,Leeds,A Taylor,fouls,home,11,12.276302921805822,0.00033546262790251185,10.777319601564665,0.014936407279493651
2025-09-21,2526,36,Arsenal,Man City,S Attwell,fouls,home,11,9.450837080091974,0.00033546262790251185,10.777319601564665,0.014936407279493651
2025-09-21,2526,36,Bournemouth,Newcastle,R Jones,fouls,home,7,14.012821521928561,0.00033546262790251185,10.777319601564665,0.014936407279493651
2025-09-21,2526,36,Sunderland,Aston Villa,S Barrott,fouls,home,14,11.482640114109131,0.00033546262790251185,10.777319601564665,0.014936407279493651
2025-09-20,2526,36,Brighton,Tottenham,C Kavanagh,fouls,away,13,11.940523314828152,0.00033546262790251185,10.777319601564665,0.014936407279493651
2025-09-20,2526,36,Burnley,Nott'm Forest,T Bramall,fouls,away,11,9.931143855778528,0.00033546262790251185,10.777319601564665,0.014936407279493651
2025-09-20,2526,36,Fulham,Brentford,M Oliver,fouls,away,13,9.580932284832096,0.00033546262790251185,10.777319601564665,0.014936407279493651
2025-09-20,2526,36,Liverpool,Everton,D England,fouls,away,10,10.823776639219417,0.00033546262790251185,10.777319601564665,0.014936407279493651
2025-09-20,2526,36,Man United,Chelsea,P Bankes,fouls,away,14,10.502432378032452,0.00033546262790251185,10.777319601564665,0.014936407279493651
2025-09-20,2526,36,West Ham,Crystal Palace,T Harrington,fouls,away,5,11.13670186546689,0.00033546262790251185,10.777319601564665,0.014936407279493651
2025-09-20,2526,36,Wolves,Leeds,A Taylor,fouls,away,9,11.439462594063599,0.00033546262790251185,10.777319601564665,0.014936407279493651
2025-09-21,2526,36,Arsenal,Man City,S Attwell,fouls,away,10,8.257361546434323,0.00033546262790251185,10.777319601564665,0.014936407279493651
2025-09-21,2526,36,Bournemouth,Newcastle,R Jones,fouls,away,10,11.319973913197417,0.00033546262790251185,10.777319601564665,0.014936407279493651
2025-09-21,2526,36,Sunderland,Aston Villa,S Barrott,fouls,away,8,10.708820105281838,0.00033546262790251185,10.777319601564665,0.014936407279493651
2025-09-27,2526,37,Brentford,Man United,C Pawson,yellows,home,2,1.7041588863462112,0.00033546262790251185,1.806666666700867,0.00033546262790251185
2025-09-27,2526,37,Chelsea,Brighton,S Hooper,yellows,home,3,2.547954563211732,0.00033546262790251185,1.806666666700867,0.00033546262790251185
2025-09-27,2526,37,Crystal Palace,Liverpool,C Kavanagh,yellows,home,1,1.7464270751970221,0.00033546262790251185,1.806666666700867,0.00033546262790251185
2025-09-27,2526,37,Leeds,Bournemouth,M Oliver,yellows,home,2,1.728274187165633,0.00033546262790251185,1.806666666700867,0.00033546262790251185
2025-09-27,2526,37,Man City,Burnley,R Jones,yellows,home,1,1.2408305873923182,0.00033546262790251185,1.806666666700867,0.00033546262790251185
2025-09-27,2526,37,Nott'm Forest,Sunderland,T Harrington,yellows,home,4,1.6208222712136173,0.00033546262790251185,1.806666666700867,0.00033546262790251185
2025-09-27,2526,37,Tottenham,Wolves,M Salisbury,yellows,home,3,1.6525688075760308,0.00033546262790251185,1.806666666700867,0.00033546262790251185
2025-09-28,2526,37,Aston Villa,Fulham,A Madley,yellows,home,1,1.59440864051708,0.00033546262790251185,1.806666666700867,0.00033546262790251185
2025-09-28,2526,37,Newcastle,Arsenal,J Gillett,yellows,home,2,1.5583309160441334,0.00033546262790251185,1.806666666700867,0.00033546262790251185
2025-09-29,2526,37,Everton,West Ham,S Barrott,yellows,home,3,1.621237873752808,0.00033546262790251185,1.806666666700867,0.00033546262790251185
2025-09-27,2526,37,Brentford,Man United,C Pawson,yellows,away,2,2.0655771780373895,0.00033546262790251185,1.806666666700867,0.00033546262790251185
2025-09-27,2526,37,Chelsea,Brighton,S Hooper,yellows,away,5,2.598457690841243,0.00033546262790251185,1.806666666700867,0.00033546262790251185
2025-09-27,2526,37,Crystal Palace,Liverpool,C Kavanagh,yellows,away,3,1.927392120814309,0.00033546262790251185,1.806666666700867,0.00033546262790251185
2025-09-27,2526,37,Leeds,Bournemouth,M Oliver,yellows,away,2,2.114621555679188,0.00033546262790251185,1.806666666700867,0.00033546262790251185
2025-09-27,2526,37,Man City,Burnley,R Jones,yellows,away,3,1.990561371315093,0.00033546262790251185,1.806666666700867,0.00033546262790251185
2025-09-27,2526,37,Nott'm Forest,Sunderland,T Harrington,yellows,away,2,2.2207667146677994,0.00033546262790251185,1.806666666700867,0.00033546262790251185
2025-09-27,2526,37,Tottenham,Wolves,M Salisbury,yellows,away,2,2.1656573641556007,0.00033546262790251185,1.806666666700867,0.00033546262790251185
2025-09-28,2526,37,Aston Villa,Fulham,A Madley,yellows,away,4,2.5718785774558355,0.00033546262790251185,1.806666666700867,0.00033546262790251185
2025-09-28,2526,37,Newcastle,Arsenal,J Gillett,yellows,away,1,2.0536270804733485,0.00033546262790251185,1.806666666700867,0.00033546262790251185
2025-09-29,2526,37,Everton,West Ham,S Barrott,yellows,away,4,1.6309591475203156,0.00033546262790251185,1.806666666700867,0.00033546262790251185
2025-09-27,2526,37,Brentford,Man United,C Pawson,reds,home,0,0.054205707020166076,0.0,0.05974358974358975,0.0
2025-09-27,2526,37,Chelsea,Brighton,S Hooper,reds,home,1,0.06243413185264713,0.0,0.05974358974358975,0.0
2025-09-27,2526,37,Crystal Palace,Liverpool,C Kavanagh,reds,home,0,0.06132974656691771,0.0,0.05974358974358975,0.0
2025-09-27,2526,37,Leeds,Bournemouth,M Oliver,reds,home,0,0.06040934748468515,0.0,0.05974358974358975,0.0
2025-09-27,2526,37,Man City,Burnley,R Jones,reds,home,0,0.05341472851176393,0.0,0.05974358974358975,0.0
2025-09-27,2526,37,Nott'm Forest,Sunderland,T Harrington,reds,home,0,0.056601571420196624,0.0,0.05974358974358975,0.0
2025-09-27,2526,37,Tottenham,Wolves,M Salisbury,reds,home,0,0.061410945072330504,0.0,0.05974358974358975,0.0
2025-09-28,2526,37,Aston Villa,Fulham,A Madley,reds,home,0,0.06050393578757048,0.0,0.05974358974358975,0.0
2025-09-28,2526,37,Newcastle,Arsenal,J Gillett,reds,home,0,0.054156867446148775,0.0,0.05974358974358975,0.0
2025-09-29,2526,37,Everton,West Ham,S Barrott,reds,home,0,0.055956410942799954,0.0,0.05974358974358975,0.0
2025-09-27,2526,37,Brentford,Man United,C Pawson,reds,away,0,0.05839079868827909,0.0,0.05974358974358975,0.0
2025-09-27,2526,37,Chelsea,Brighton,S Hooper,reds,away,0,0.06579778140238902,0.0,0.05974358974358975,0.0
2025-09-27,2526,37,Crystal Palace,Liverpool,C Kavanagh,reds,away,0,0.062395778685485605,0.0,0.05974358974358975,0.0
2025-09-27,2526,37,Leeds,Bournemouth,M Oliver,reds,away,0,0.058034508388755845,0.0,0.05974358974358975,0.0
2025-09-27,2526,37,Man City,Burnley,R Jones,reds,away,0,0.0609191729108582,0.0,0.05974358974358975,0.0
2025-09-27,2526,37,Nott'm Forest,Sunderland,T Harrington,reds,away,0,0.06263013504209496,0.0,0.05974358974358975,0.0
2025-09-27,2526,37,Tottenham,Wolves,M Salisbury,reds,away,0,0.0681888036562206,0.0,0.05974358974358975,0.0
2025-09-28,2526,37,Aston Villa,Fulham,A Madley,reds,away,0,0.06496049895297579,0.0,0.05974358974358975,0.0
2025-09-28,2526,37,Newcastle,Arsenal,J Gillett,reds,away,0,0.07048872318372877,0.0,0.05974358974358975,0.0
2025-09-29,2526,37,Everton,West Ham,S Barrott,reds,away,0,0.05494759051992983,0.0,0.05974358974358975,0.0
2025-09-27,2526,37,Brentford,Man United,C Pawson,corners,home,4,5.268337967908682,0.09460442393234247,5.177179649815957,0.14896362686831807
2025-09-27,2526,37,Chelsea,Brighton,S Hooper,corners,home,5,5.601061972330853,0.09460442393234247,5.177179649815957,0.14896362686831807
2025-09-27,2526,37,Crystal Palace,Liverpool,C Kavanagh,corners,home,2,3.9142421662565097,0.09460442393234247,5.177179649815957,0.14896362686831807
2025-09-27,2526,37,Leeds,Bournemouth,M Oliver,corners,home,7,4.625832078173731,0.09460442393234247,5.177179649815957,0.14896362686831807
2025-09-27,2526,37,Man City,Burnley,R Jones,corners,home,10,7.473457735096187,0.09460442393234247,5.177179649815957,0.14896362686831807
2025-09-27,2526,37,Nott'm Forest,Sunderland,T Harrington,corners,home,7,4.844876679938721,0.09460442393234247,5.177179649815957,0.14896362686831807
2025-09-27,2526,37,Tottenham,Wolves,M Salisbury,corners,home,10,6.47002322120179,0.09460442393234247,5.177179649815957,0.14896362686831807
2025-09-28,2526,37,Aston Villa,Fulham,A Madley,corners,home,2,5.917733045539124,0.09460442393234247,5.177179649815957,0.14896362686831807
2025-09-28,2526,37,Newcastle,Arsenal,J Gillett,corners,home,7,4.203057969840711,0.09460442393234247,5.177179649815957,0.14896362686831807
2025-09-29,2526,37,Everton,West Ham,S Barrott,corners,home,3,5.400375882375708,0.09460442393234247,5.177179649815957,0.14896362686831807
2025-09-27,2526,37,Brentford,Man United,C Pawson,corners,away,2,5.562386854730213,0.09460442393234247,5.177179649815957,0.14896362686831807
2025-09-27,2526,37,Chelsea,Brighton,S Hooper,corners,away,7,3.8758672589083867,0.09460442393234247,5.177179649815957,0.14896362686831807
2025-09-27,2526,37,Crystal Palace,Liverpool,C Kavanagh,corners,away,6,6.417000307144144,0.09460442393234247,5.177179649815957,0.14896362686831807
2025-09-27,2526,37,Leeds,Bournemouth,M Oliver,corners,away,4,4.653451511686831,0.09460442393234247,5.177179649815957,0.14896362686831807
2025-09-27,2526,37,Man City,Burnley,R Jones,corners,away,2,3.009833592898961,0.09460442393234247,5.177179649815957,0.14896362686831807
2025-09-27,2526,37,Nott'm Forest,Sunderland,T Harrington,corners,away,4,4.845491307808676,0.09460442393234247,5.177179649815957,0.14896362686831807
2025-09-27,2526,37,Tottenham,Wolves,M Salisbury,corners,away,9,4.195085254188505,0.09460442393234247,5.177179649815957,0.14896362686831807
2025-09-28,2526,37,Aston Villa,Fulham,A Madley,corners,away,8,4.545917076823447,0.09460442393234247,5.177179649815957,0.14896362686831807
2025-09-28,2526,37,Newcastle,Arsenal,J Gillett,corners,away,12,5.608692774245835,0.09460442393234247,5.177179649815957,0.14896362686831807
2025-09-29,2526,37,Everton,West Ham,S Barrott,corners,away,5,4.626341646741191,0.09460442393234247,5.177179649815957,0.14896362686831807
2025-09-27,2526,37,Brentford,Man United,C Pawson,fouls,home,14,9.367220782528861,0.00033546262790251185,10.777948714102106,0.014629971904639778
2025-09-27,2526,37,Chelsea,Brighton,S Hooper,fouls,home,9,11.556468847805286,0.00033546262790251185,10.777948714102106,0.014629971904639778
2025-09-27,2526,37,Crystal Palace,Liverpool,C Kavanagh,fouls,home,10,9.596581390593633,0.00033546262790251185,10.777948714102106,0.014629971904639778
2025-09-27,2526,37,Leeds,Bournemouth,M Oliver,fouls,home,12,10.884243186025328,0.00033546262790251185,10.777948714102106,0.014629971904639778
2025-09-27,2526,37,Man City,Burnley,R Jones,fouls,home,5,8.037840463804724,0.00033546262790251185,10.777948714102106,0.014629971904639778
2025-09-27,2526,37,Nott'm Forest,Sunderland,T Harrington,fouls,home,11,10.293241446531194,0.00033546262790251185,10.777948714102106,0.014629971904639778
2025-09-27,2526,37,Tottenham,Wolves,M Salisbury,fouls,home,9,11.564888499425184,0.00033546262790251185,10.777948714102106,0.014629971904639778
2025-09-28,2526,37,Aston Villa,Fulham,A Madley,fouls,home,10,10.170948461499604,0.00033546262790251185,10.777948714102106,0.014629971904639778
2025-09-28,2526,37,Newcastle,Arsenal,J Gillett,fouls,home,8,9.879100485200606,0.00033546262790251185,10.777948714102106,0.014629971904639778
2025-09-29,2526,37,Everton,West Ham,S Barrott,fouls,home,7,10.098584933813301,0.00033546262790251185,10.777948714102106,0.014629971904639778
2025-09-27,2526,37,Brentford,Man United,C Pawson,fouls,away,10,10.341118002627727,0.00033546262790251185,10.777948714102106,0.014629971904639778
2025-09-27,2526,37,Chelsea,Brighton,S Hooper,fouls,away,16,12.782660973197785,0.00033546262790251185,10.777948714102106,0.014629971904639778
2025-09-27,2526,37,Crystal Palace,Liverpool,C Kavanagh,fouls,away,8,10.966087666959483,0.00033546262790251185,10.777948714102106,0.014629971904639778
2025-09-27,2526,37,Leeds,Bournemouth,M Oliver,fouls,away,13,13.649295052453937,0.00033546262790251185,10.777948714102106,0.014629971904639778
2025-09-27,2526,37,Man City,Burnley,R Jones,fouls,away,7,10.878538379869536,0.00033546262790251185,10.777948714102106,0.014629971904639778
2025-09-27,2526,37,Nott'm Forest,Sunderland,T Harrington,fouls,away,6,10.750104407388095,0.00033546262790251185,10.777948714102106,0.014629971904639778
2025-09-27,2526,37,Tottenham,Wolves,M Salisbury,fouls,away,11,13.690428251362512,0.00033546262790251185,10.777948714102106,0.014629971904639778
2025-09-28,2526,37,Aston Villa,Fulham,A Madley,fouls,away,13,14.159859034773964,0.00033546262790251185,10.777948714102106,0.014629971904639778
2025-09-28,2526,37,Newcastle,Arsenal,J Gillett,fouls,away,9,11.072492399378227,0.00033546262790251185,10.777948714102106,0.014629971904639778
2025-09-29,2526,37,Everton,West Ham,S Barrott,fouls,away,16,10.426863646923964,0.00033546262790251185,10.777948714102106,0.014629971904639778
2025-10-03,2526,38,Bournemouth,Fulham,S Hooper,yellows,home,0,2.0028640993067435,0.00033546262790251185,1.8102040820819332,0.00033546262790251185
2025-10-04,2526,38,Arsenal,West Ham,J Brooks,yellows,home,0,1.3081419681971533,0.00033546262790251185,1.8102040820819332,0.00033546262790251185
2025-10-04,2526,38,Chelsea,Liverpool,A Taylor,yellows,home,0,1.958814006186167,0.00033546262790251185,1.8102040820819332,0.00033546262790251185
2025-10-04,2526,38,Leeds,Tottenham,T Bramall,yellows,home,2,1.6913122838410672,0.00033546262790251185,1.8102040820819332,0.00033546262790251185
2025-10-04,2526,38,Man United,Sunderland,S Attwell,yellows,home,1,1.6064828107044136,0.00033546262790251185,1.8102040820819332,0.00033546262790251185
2025-10-05,2526,38,Aston Villa,Burnley,A Kitchen,yellows,home,3,1.5724443312256289,0.00033546262790251185,1.8102040820819332,0.00033546262790251185
2025-10-05,2526,38,Brentford,Man City,D England,yellows,home,3,1.80244373915079,0.00033546262790251185,1.8102040820819332,0.00033546262790251185
2025-10-05,2526,38,Everton,Crystal Palace,M Salisbury,yellows,home,2,1.9147704590125507,0.00033546262790251185,1.8102040820819332,0.00033546262790251185
2025-10-05,2526,38,Newcastle,Nott'm Forest,P Bankes,yellows,home,0,1.755245735093551,0.00033546262790251185,1.8102040820819332,0.00033546262790251185
2025-10-05,2526,38,Wolves,Brighton,J Gillett,yellows,home,2,2.0491366801361317,0.00033546262790251185,1.8102040820819332,0.00033546262790251185
2025-10-03,2526,38,Bournemouth,Fulham,S Hooper,yellows,away,1,2.539203591229266,0.00033546262790251185,1.8102040820819332,0.00033546262790251185
2025-10-04,2526,38,Arsenal,West Ham,J Brooks,yellows,away,2,2.066053906635172,0.00033546262790251185,1.8102040820819332,0.00033546262790251185
2025-10-04,2526,38,Chelsea,Liverpool,A Taylor,yellows,away,2,2.0762443666396164,0.00033546262790251185,1.8102040820819332,0.00033546262790251185
2025-10-04,2526,38,Leeds,Tottenham,T Bramall,yellows,away,3,1.7808872991017208,0.00033546262790251185,1.8102040820819332,0.00033546262790251185
2025-10-04,2526,38,Man United,Sunderland,S Attwell,yellows,away,4,2.0296360756065175,0.00033546262790251185,1.8102040820819332,0.00033546262790251185
2025-10-05,2526,38,Aston Villa,Burnley,A Kitchen,yellows,away,1,2.308836551511387,0.00033546262790251185,1.8102040820819332,0.00033546262790251185
2025-10-05,2526,38,Brentford,Man City,D England,yellows,away,2,1.6929930057871982,0.00033546262790251185,1.8102040820819332,0.00033546262790251185
2025-10-05,2526,38,Everton,Crystal Palace,M Salisbury,yellows,away,3,1.6734364736448866,0.00033546262790251185,1.8102040820819332,0.00033546262790251185
2025-10-05,2526,38,Newcastle,Nott'm Forest,P Bankes,yellows,away,4,2.519380637194357,0.00033546262790251185,1.8102040820819332,0.00033546262790251185
2025-10-05,2526,38,Wolves,Brighton,J Gillett,yellows,away,4,2.220609717342287,0.00033546262790251185,1.8102040820819332,0.00033546262790251185
2025-10-03,2526,38,Bournemouth,Fulham,S Hooper,reds,home,0,0.057536702858447045,0.0,0.0596938775510204,0.0
2025-10-04,2526,38,Arsenal,West Ham,J Brooks,reds,home,0,0.0599124088684094,0.0,0.0596938775510204,0.0
2025-10-04,2526,38,Chelsea,Liverpool,A Taylor,reds,home,0,0.06335918725038243,0.0,0.0596938775510204,0.0
2025-10-04,2526,38,Leeds,Tottenham,T Bramall,reds,home,0,0.06506799400786227,0.0,0.0596938775510204,0.0
2025-10-04,2526,38,Man United,Sunderland,S Attwell,reds,home,0,0.05604148795318005,0.0,0.0596938775510204,0.0
2025-10-05,2526,38,Aston Villa,Burnley,A Kitchen,reds,home,0,0.05829989108389503,0.0,0.0596938775510204,0.0
2025-10-05,2526,38,Brentford,Man City,D England,reds,home,0,0.0560073208578429,0.0,0.0596938775510204,0.0
2025-10-05,2526,38,Everton,Crystal Palace,M Salisbury,reds,home,0,0.06553605613295423,0.0,0.0596938775510204,0.0
2025-10-05,2526,38,Newcastle,Nott'm Forest,P Bankes,reds,home,0,0.05760080778992277,0.0,0.0596938775510204,0.0
2025-10-05,2526,38,Wolves,Brighton,J Gillett,reds,home,0,0.06448479513190238,0.0,0.0596938775510204,0.0
2025-10-03,2526,38,Bournemouth,Fulham,S Hooper,reds,away,0,0.06093311003500221,0.0,0.0596938775510204,0.0
2025-10-04,2526,38,Arsenal,West Ham,J Brooks,reds,away,0,0.05897352950297488,0.0,0.0596938775510204,0.0
2025-10-04,2526,38,Chelsea,Liverpool,A Taylor,reds,away,0,0.06116047075847149,0.0,0.0596938775510204,0.0
2025-10-04,2526,38,Leeds,Tottenham,T Bramall,reds,away,0,0.05852899962969636,0.0,0.0596938775510204,0.0
2025-10-04,2526,38,Man United,Sunderland,S Attwell,reds,away,0,0.05739801103975711,0.0,0.0596938775510204,0.0
2025-10-05,2526,38,Aston Villa,Burnley,A Kitchen,reds,away,0,0.06643253581676155,0.0,0.0596938775510204,0.0
2025-10-05,2526,38,Brentford,Man City,D England,reds,away,0,0.05719030782894065,0.0,0.0596938775510204,0.0
2025-10-05,2526,38,Everton,Crystal Palace,M Salisbury,reds,away,0,0.05394877374882406,0.0,0.0596938775510204,0.0
2025-10-05,2526,38,Newcastle,Nott'm Forest,P Bankes,reds,away,0,0.06140830297068643,0.0,0.0596938775510204,0.0
2025-10-05,2526,38,Wolves,Brighton,J Gillett,reds,away,0,0.0644944897759619,0.0,0.0596938775510204,0.0
2025-10-03,2526,38,Bournemouth,Fulham,S Hooper,corners,home,4,5.764553404170534,0.09336036586490351,5.180357105027706,0.14868054466674774
2025-10-04,2526,38,Arsenal,West Ham,J Brooks,corners,home,8,7.5475080318271255,0.09336036586490351,5.180357105027706,0.14868054466674774
2025-10-04,2526,38,Chelsea,Liverpool,A Taylor,corners,home,7,4.862882708435068,0.09336036586490351,5.180357105027706,0.14868054466674774
2025-10-04,2526,38,Leeds,Tottenham,T Bramall,corners,home,4,5.372279261210196,0.09336036586490351,5.180357105027706,0.14868054466674774
2025-10-04,2526,38,Man United,Sunderland,S Attwell,corners,home,2,5.967163209689091,0.09336036586490351,5.180357105027706,0.14868054466674774
2025-10-05,2526,38,Aston Villa,Burnley,A Kitchen,corners,home,6,7.030064935433895,0.09336036586490351,5.180357105027706,0.14868054466674774
2025-10-05,2526,38,Brentford,Man City,D England,corners,home,3,3.7515381431404053,0.09336036586490351,5.180357105027706,0.14868054466674774
2025-10-05,2526,38,Everton,Crystal Palace,M Salisbury,corners,home,2,5.082211976151694,0.09336036586490351,5.180357105027706,0.14868054466674774
2025-10-05,2526,38,Newcastle,Nott'm Forest,P Bankes,corners,home,8,7.051404261637147,0.09336036586490351,5.180357105027706,0.14868054466674774
2025-10-05,2526,38,Wolves,Brighton,J Gillett,corners,home,2,4.275924216933334,0.09336036586490351,5.180357105027706,0.14868054466674774
2025-10-03,2526,38,Bournemouth,Fulham,S Hooper,corners,away,3,4.682799848157104,0.09336036586490351,5.180357105027706,0.14868054466674774
2025-10-04,2526,38,Arsenal,West Ham,J Brooks,corners,away,3,2.9771535617366554,0.09336036586490351,5.180357105027706,0.14868054466674774
2025-10-04,2526,38,Chelsea,Liverpool,A Taylor,corners,away,2,5.117770564409228,0.09336036586490351,5.180357105027706,0.14868054466674774
2025-10-04,2526,38,Leeds,Tottenham,T Bramall,corners,away,1,4.726583019019294,0.09336036586490351,5.180357105027706,0.14868054466674774
2025-10-04,2526,38,Man United,Sunderland,S Attwell,corners,away,3,4.13747500348109,0.09336036586490351,5.180357105027706,0.14868054466674774
2025-10-05,2526,38,Aston Villa,Burnley,A Kitchen,corners,away,4,3.8039640454414454,0.09336036586490351,5.180357105027706,0.14868054466674774
2025-10-05,2526,38,Brentford,Man City,D England,corners,away,2,6.151585714120726,0.09336036586490351,5.180357105027706,0.14868054466674774
2025-10-05,2526,38,Everton,Crystal Palace,M Salisbury,corners,away,4,4.547255434230981,0.09336036586490351,5.180357105027706,0.14868054466674774
2025-10-05,2526,38,Newcastle,Nott'm Forest,P Bankes,corners,away,1,4.093175592863259,0.09336036586490351,5.180357105027706,0.14868054466674774
2025-10-05,2526,38,Wolves,Brighton,J Gillett,corners,away,8,4.886191507384354,0.09336036586490351,5.180357105027706,0.14868054466674774
2025-10-03,2526,38,Bournemouth,Fulham,S Hooper,fouls,home,8,11.833977699525052,0.00033546262790251185,10.775000007686561,0.014523068403987106
2025-10-04,2526,38,Arsenal,West Ham,J Brooks,fouls,home,14,9.683603157704814,0.00033546262790251185,10.775000007686561,0.014523068403987106
2025-10-04,2526,38,Chelsea,Liverpool,A Taylor,fouls,home,9,9.873156618791365,0.00033546262790251185,10.775000007686561,0.014523068403987106
2025-10-04,2526,38,Leeds,Tottenham,T Bramall,fouls,home,10,11.604831315862407,0.00033546262790251185,10.775000007686561,0.014523068403987106
2025-10-04,2526,38,Man United,Sunderland,S Attwell,fouls,home,10,9.844522310591863,0.00033546262790251185,10.775000007686561,0.014523068403987106
2025-10-05,2526,38,Aston Villa,Burnley,A Kitchen,fouls,home,9,9.918488310807513,0.00033546262790251185,10.775000007686561,0.014523068403987106
2025-10-05,2526,38,Brentford,Man City,D England,fouls,home,10,9.646224702843096,0.00033546262790251185,10.775000007686561,0.014523068403987106
2025-10-05,2526,38,Everton,Crystal Palace,M Salisbury,fouls,home,13,10.503416082034342,0.00033546262790251185,10.775000007686561,0.014523068403987106
2025-10-05,2526,38,Newcastle,Nott'm Forest,P Bankes,fouls,home,16,10.07016726227634,0.00033546262790251185,10.775000007686561,0.014523068403987106
2025-10-05,2526,38,Wolves,Brighton,J Gillett,fouls,home,13,11.863566897306015,0.00033546262790251185,10.775000007686561,0.014523068403987106
2025-10-03,2526,38,Bournemouth,Fulham,S Hooper,fouls,away,10,11.825432047354619,0.00033546262790251185,10.775000007686561,0.014523068403987106
2025-10-04,2526,38,Arsenal,West Ham,J Brooks,fouls,away,14,10.85668501235485,0.00033546262790251185,10.775000007686561,0.014523068403987106
2025-10-04,2526,38,Chelsea,Liverpool,A Taylor,fouls,away,8,11.890499159305856,0.00033546262790251185,10.775000007686561,0.014523068403987106
2025-10-04,2526,38,Leeds,Tottenham,T Bramall,fouls,away,12,12.105130622613524,0.00033546262790251185,10.775000007686561,0.014523068403987106
2025-10-04,2526,38,Man United,Sunderland,S Attwell,fouls,away,12,9.64204376052139,0.00033546262790251185,10.775000007686561,0.014523068403987106
2025-10-05,2526,38,Aston Villa,Burnley,A Kitchen,fouls,away,15,13.06603923350634,0.00033546262790251185,10.775000007686561,0.014523068403987106
2025-10-05,2526,38,Brentford,Man City,D England,fouls,away,6,8.3851760211383,0.00033546262790251185,10.775000007686561,0.014523068403987106
2025-10-05,2526,38,Everton,Crystal Palace,M Salisbury,fouls,away,16,10.848276409628166,0.00033546262790251185,10.775000007686561,0.014523068403987106
2025-10-05,2526,38,Newcastle,Nott'm Forest,P Bankes,fouls,away,15,11.474877376524645,0.00033546262790251185,10.775000007686561,0.014523068403987106
2025-10-05,2526,38,Wolves,Brighton,J Gillett,fouls,away,9,11.516757019836959,0.00033546262790251185,10.775000007686561,0.014523068403987106
2025-10-18,2526,39,Brighton,Newcastle,C Pawson,yellows,home,0,2.1211072448281216,0.00033546262790251185,1.8109137055921942,0.00033546262790251185
2025-10-18,2526,39,Burnley,Leeds,T Robinson,yellows,home,2,1.4386705543296219,0.00033546262790251185,1.8109137055921942,0.00033546262790251185
2025-10-18,2526,39,Crystal Palace,Bournemouth,J Gillett,yellows,home,1,1.854143629100579,0.00033546262790251185,1.8109137055921942,0.00033546262790251185
2025-10-18,2526,39,Fulham,Arsenal,A Taylor,yellows,home,0,1.6751065587614646,0.00033546262790251185,1.8109137055921942,0.00033546262790251185
2025-10-18,2526,39,Man City,Everton,T Harrington,yellows,home,0,1.1911104215937185,0.00033546262790251185,1.8109137055921942,0.00033546262790251185
2025-10-18,2526,39,Nott'm Forest,Chelsea,C Kavanagh,yellows,home,2,2.1182379421779993,0.00033546262790251185,1.8109137055921942,0.00033546262790251185
2025-10-18,2526,39,Sunderland,Wolves,R Jones,yellows,home,0,1.7539334637706172,0.00033546262790251185,1.8109137055921942,0.00033546262790251185
2025-10-19,2526,39,Liverpool,Man United,M Oliver,yellows,home,0,1.6307725420204293,0.00033546262790251185,1.8109137055921942,0.00033546262790251185
2025-10-19,2526,39,Tottenham,Aston Villa,S Hooper,yellows,home,2,2.18806185837658,0.00033546262790251185,1.8109137055921942,0.00033546262790251185
2025-10-20,2526,39,West Ham,Brentford,A Madley,yellows,home,1,1.6809461627042848,0.00033546262790251185,1.8109137055921942,0.00033546262790251185
2025-10-18,2526,39,Brighton,Newcastle,C Pawson,yellows,away,1,2.1251100694051357,0.00033546262790251185,1.8109137055921942,0.00033546262790251185
2025-10-18,2526,39,Burnley,Leeds,T Robinson,yellows,away,1,1.9140393925045094,0.00033546262790251185,1.8109137055921942,0.00033546262790251185
2025-10-18,2526,39,Crystal Palace,Bournemouth,J Gillett,yellows,away,4,2.5491913535643307,0.00033546262790251185,1.8109137055921942,0.00033546262790251185
2025-10-18,2526,39,Fulham,Arsenal,A Taylor,yellows,away,0,1.456626297094606,0.00033546262790251185,1.8109137055921942,0.00033546262790251185
2025-10-18,2526,39,Man City,Everton,T Harrington,yellows,away,2,2.544217638280019,0.00033546262790251185,1.8109137055921942,0.00033546262790251185
2025-10-18,2526,39,Nott'm Forest,Chelsea,C Kavanagh,yellows,away,2,2.63576410347541,0.00033546262790251185,1.8109137055921942,0.00033546262790251185
2025-10-18,2526,39,Sunderland,Wolves,R Jones,yellows,away,0,1.9944137388750556,0.00033546262790251185,1.8109137055921942,0.00033546262790251185
2025-10-19,2526,39,Liverpool,Man United,M Oliver,yellows,away,2,1.9323968736501131,0.00033546262790251185,1.8109137055921942,0.00033546262790251185
2025-10-19,2526,39,Tottenham,Aston Villa,S Hooper,yellows,away,0,2.350558417393536,0.00033546262790251185,1.8109137055921942,0.00033546262790251185
2025-10-20,2526,39,West Ham,Brentford,A Madley,yellows,away,1,1.6841384753130744,0.00033546262790251185,1.8109137055921942,0.00033546262790251185
2025-10-18,2526,39,Brighton,Newcastle,C Pawson,reds,home,0,0.06639271773516546,0.0,0.05939086294416244,0.0
2025-10-18,2526,39,Burnley,Leeds,T Robinson,reds,home,0,0.060922337896691506,0.0,0.05939086294416244,0.0
2025-10-18,2526,39,Crystal Palace,Bournemouth,J Gillett,reds,home,0,0.06035831419777269,0.0,0.05939086294416244,0.0
2025-10-18,2526,39,Fulham,Arsenal,A Taylor,reds,home,0,0.05799055838082029,0.0,0.05939086294416244,0.0
2025-10-18,2526,39,Man City,Everton,T Harrington,reds,home,0,0.04989841844356139,0.0,0.05939086294416244,0.0
2025-10-18,2526,39,Nott'm Forest,Chelsea,C Kavanagh,reds,home,0,0.06008526539989663,0.0,0.05939086294416244,0.0
2025-10-18,2526,39,Sunderland,Wolves,R Jones,reds,home,0,0.062418028150804085,0.0,0.05939086294416244,0.0
2025-10-19,2526,39,Liverpool,Man United,M Oliver,reds,home,0,0.05462543725000633,0.0,0.05939086294416244,0.0
2025-10-19,2526,39,Tottenham,Aston Villa,S Hooper,reds,home,0,0.06303235277247232,0.0,0.05939086294416244,0.0
2025-10-20,2526,39,West Ham,Brentford,A Madley,reds,home,0,0.06215141307887179,0.0,0.05939086294416244,0.0
2025-10-18,2526,39,Brighton,Newcastle,C Pawson,reds,away,0,0.05766931791956478,0.0,0.05939086294416244,0.0
2025-10-18,2526,39,Burnley,Leeds,T Robinson,reds,away,0,0.05640783481805629,0.0,0.05939086294416244,0.0
2025-10-18,2526,39,Crystal Palace,Bournemouth,J Gillett,reds,away,0,0.06225934825352698,0.0,0.05939086294416244,0.0
2025-10-18,2526,39,Fulham,Arsenal,A Taylor,reds,away,0,0.06434301766250619,0.0,0.05939086294416244,0.0
2025-10-18,2526,39,Man City,Everton,T Harrington,reds,away,0,0.05960321577873906,0.0,0.05939086294416244,0.0
2025-10-18,2526,39,Nott'm Forest,Chelsea,C Kavanagh,reds,away,1,0.0637653850312627,0.0,0.05939086294416244,0.0
2025-10-18,2526,39,Sunderland,Wolves,R Jones,reds,away,0,0.060917780756343146,0.0,0.05939086294416244,0.0
2025-10-19,2526,39,Liverpool,Man United,M Oliver,reds,away,0,0.05760194255577973,0.0,0.05939086294416244,0.0
2025-10-19,2526,39,Tottenham,Aston Villa,S Hooper,reds,away,0,0.06642134186703291,0.0,0.05939086294416244,0.0
2025-10-20,2526,39,West Ham,Brentford,A Madley,reds,away,0,0.051878682994731556,0.0,0.05939086294416244,0.0
2025-10-18,2526,39,Brighton,Newcastle,C Pawson,corners,home,8,5.224604305455322,0.09308274224492437,5.173604217475389,0.14880366776214507
2025-10-18,2526,39,Burnley,Leeds,T Robinson,corners,home,1,3.815784198699638,0.09308274224492437,5.173604217475389,0.14880366776214507
2025-10-18,2526,39,Crystal Palace,Bournemouth,J Gillett,corners,home,6,4.567857623986326,0.09308274224492437,5.173604217475389,0.14880366776214507
2025-10-18,2526,39,Fulham,Arsenal,A Taylor,corners,home,6,3.9258829716328276,0.09308274224492437,5.173604217475389,0.14880366776214507
2025-10-18,2526,39,Man City,Everton,T Harrington,corners,home,11,6.943690690782446,0.09308274224492437,5.173604217475389,0.14880366776214507
2025-10-18,2526,39,Nott'm Forest,Chelsea,C Kavanagh,corners,home,5,4.05984820916762,0.09308274224492437,5.173604217475389,0.14880366776214507
2025-10-18,2526,39,Sunderland,Wolves,R Jones,corners,home,3,5.01365370476365,0.09308274224492437,5.173604217475389,0.14880366776214507
2025-10-19,2526,39,Liverpool,Man United,M Oliver,corners,home,9,6.712114423297887,0.09308274224492437,5.173604217475389,0.14880366776214507
2025-10-19,2526,39,Tottenham,Aston Villa,S Hooper,corners,home,6,5.936228128301662,0.09308274224492437,5.173604217475389,0.14880366776214507
2025-10-20,2526,39,West Ham,Brentford,A Madley,corners,home,6,5.34138660539202,0.09308274224492437,5.173604217475389,0.14880366776214507
2025-10-18,2526,39,Brighton,Newcastle,C Pawson,corners,away,4,4.730763922438548,0.09308274224492437,5.173604217475389,0.14880366776214507
2025-10-18,2526,39,Burnley,Leeds,T Robinson,corners,away,5,5.079813201124398,0.09308274224492437,5.173604217475389,0.14880366776214507
2025-10-18,2526,39,Crystal Palace,Bournemouth,J Gillett,corners,away,5,5.653413252585614,0.09308274224492437,5.173604217475389,0.14880366776214507
2025-10-18,2526,39,Fulham,Arsenal,A Taylor,corners,away,10,5.543310346915228,0.09308274224492437,5.173604217475389,0.14880366776214507
2025-10-18,2526,39,Man City,Everton,T Harrington,corners,away,3,2.999432002936172,0.09308274224492437,5.173604217475389,0.14880366776214507
2025-10-18,2526,39,Nott'm Forest,Chelsea,C Kavanagh,corners,away,2,6.370296948552826,0.09308274224492437,5.173604217475389,0.14880366776214507
2025-10-18,2526,39,Sunderland,Wolves,R Jones,corners,away,2,4.143544045480517,0.09308274224492437,5.173604217475389,0.14880366776214507
2025-10-19,2526,39,Liverpool,Man United,M Oliver,corners,away,4,3.8755107803633684,0.09308274224492437,5.173604217475389,0.14880366776214507
2025-10-19,2526,39,Tottenham,Aston Villa,S Hooper,corners,away,6,5.540317160774713,0.09308274224492437,5.173604217475389,0.14880366776214507
2025-10-20,2526,39,West Ham,Brentford,A Madley,corners,away,10,5.028894765966602,0.09308274224492437,5.173604217475389,0.14880366776214507
2025-10-18,2526,39,Brighton,Newcastle,C Pawson,fouls,home,9,12.346084663391828,0.00033546262790251185,10.778426371018472,0.014320133149119174
2025-10-18,2526,39,Burnley,Leeds,T Robinson,fouls,home,10,10.822748946302308,0.00033546262790251185,10.778426371018472,0.014320133149119174
2025-10-18,2526,39,Crystal Palace,Bournemouth,J Gillett,fouls,home,8,10.303336605823812,0.00033546262790251185,10.778426371018472,0.014320133149119174
2025-10-18,2526,39,Fulham,Arsenal,A Taylor,fouls,home,11,10.653158867893904,0.00033546262790251185,10.778426371018472,0.014320133149119174
2025-10-18,2526,39,Man City,Everton,T Harrington,fouls,home,8,8.252212466724632,0.00033546262790251185,10.778426371018472,0.014320133149119174
2025-10-18,2526,39,Nott'm Forest,Chelsea,C Kavanagh,fouls,home,13,10.983711645938163,0.00033546262790251185,10.778426371018472,0.014320133149119174
2025-10-18,2526,39,Sunderland,Wolves,R Jones,fouls,home,5,10.355186903927798,0.00033546262790251185,10.778426371018472,0.014320133149119174
2025-10-19,2526,39,Liverpool,Man United,M Oliver,fouls,home,8,10.586000924079817,0.00033546262790251185,10.778426371018472,0.014320133149119174
2025-10-19,2526,39,Tottenham,Aston Villa,S Hooper,fouls,home,11,13.233935585792482,0.00033546262790251185,10.778426371018472,0.014320133149119174
2025-10-20,2526,39,West Ham,Brentford,A Madley,fouls,home,10,10.073884287690849,0.00033546262790251185,10.778426371018472,0.014320133149119174
2025-10-18,2526,39,Brighton,Newcastle,C Pawson,fouls,away,9,11.73515568747731,0.00033546262790251185,10.778426371018472,0.014320133149119174
2025-10-18,2526,39,Burnley,Leeds,T Robinson,fouls,away,7,10.362189212801228,0.00033546262790251185,10.778426371018472,0.014320133149119174
2025-10-18,2526,39,Crystal Palace,Bournemouth,J Gillett,fouls,away,16,12.206791839968611,0.00033546262790251185,10.778426371018472,0.014320133149119174
2025-10-18,2526,39,Fulham,Arsenal,A Taylor,fouls,away,4,9.855105613358862,0.00033546262790251185,10.778426371018472,0.014320133149119174
2025-10-18,2526,39,Man City,Everton,T Harrington,fouls,away,14,10.795666743091509,0.00033546262790251185,10.778426371018472,0.014320133149119174
2025-10-18,2526,39,Nott'm Forest,Chelsea,C Kavanagh,fouls,away,16,11.012866106979898,0.00033546262790251185,10.778426371018472,0.014320133149119174
2025-10-18,2526,39,Sunderland,Wolves,R Jones,fouls,away,12,12.427143388716864,0.00033546262790251185,10.778426371018472,0.014320133149119174
2025-10-19,2526,39,Liverpool,Man United,M Oliver,fouls,away,14,10.367657191378761,0.00033546262790251185,10.778426371018472,0.014320133149119174
2025-10-19,2526,39,Tottenham,Aston Villa,S Hooper,fouls,away,7,11.783699389909259,0.00033546262790251185,10.778426371018472,0.014320133149119174
2025-10-20,2526,39,West Ham,Brentford,A Madley,fouls,away,10,10.000457410182705,0.00033546262790251185,10.778426371018472,0.014320133149119174
2025-10-24,2526,40,Leeds,West Ham,S Attwell,yellows,home,3,1.3626008059529797,0.00033546262790251185,1.8070707070549736,0.00033546262790251185
2025-10-25,2526,40,Brentford,Liverpool,S Hooper,yellows,home,3,1.7098884250820976,0.00033546262790251185,1.8070707070549736,0.00033546262790251185
2025-10-25,2526,40,Chelsea,Sunderland,A Madley,yellows,home,1,1.7700677637348692,0.00033546262790251185,1.8070707070549736,0.00033546262790251185
2025-10-25,2526,40,Man United,Brighton,A Taylor,yellows,home,2,1.7779419706185176,0.00033546262790251185,1.8070707070549736,0.00033546262790251185
2025-10-25,2526,40,Newcastle,Fulham,P Bankes,yellows,home,0,1.3135423452160222,0.00033546262790251185,1.8070707070549736,0.00033546262790251185
2025-10-26,2526,40,Arsenal,Crystal Palace,T Bramall,yellows,home,0,1.5192971281905392,0.00033546262790251185,1.8070707070549736,0.00033546262790251185
2025-10-26,2526,40,Aston Villa,Man City,M Oliver,yellows,home,1,1.7818767525135712,0.00033546262790251185,1.8070707070549736,0.00033546262790251185
2025-10-26,2526,40,Bournemouth,Nott'm Forest,S Barrott,yellows,home,3,2.356473438139898,0.00033546262790251185,1.8070707070549736,0.00033546262790251185
2025-10-26,2526,40,Everton,Tottenham,C Pawson,yellows,home,2,1.8793802066421341,0.00033546262790251185,1.8070707070549736,0.00033546262790251185
2025-10-26,2526,40,Wolves,Burnley,T Harrington,yellows,home,1,1.6549165986697931,0.00033546262790251185,1.8070707070549736,0.00033546262790251185
2025-10-24,2526,40,Leeds,West Ham,S Attwell,yellows,away,3,1.8508136269124693,0.00033546262790251185,1.8070707070549736,0.00033546262790251185
2025-10-25,2526,40,Brentford,Liverpool,S Hooper,yellows,away,2,2.0300373647386136,0.00033546262790251185,1.8070707070549736,0.00033546262790251185
2025-10-25,2526,40,Chelsea,Sunderland,A Madley,yellows,away,1,2.2814542006406944,0.00033546262790251185,1.8070707070549736,0.00033546262790251185
2025-10-25,2526,40,Man United,Brighton,A Taylor,yellows,away,2,2.1611136601304004,0.00033546262790251185,1.8070707070549736,0.00033546262790251185
2025-10-25,2526,40,Newcastle,Fulham,P Bankes,yellows,away,2,2.4125668589222706,0.00033546262790251185,1.8070707070549736,0.00033546262790251185
2025-10-26,2526,40,Arsenal,Crystal Palace,T Bramall,yellows,away,0,2.0780152596151744,0.00033546262790251185,1.8070707070549736,0.00033546262790251185
2025-10-26,2526,40,Aston Villa,Man City,M Oliver,yellows,away,4,1.8768960655714502,0.00033546262790251185,1.8070707070549736,0.00033546262790251185
2025-10-26,2526,40,Bournemouth,Nott'm Forest,S Barrott,yellows,away,1,2.5575029771841047,0.00033546262790251185,1.8070707070549736,0.00033546262790251185
2025-10-26,2526,40,Everton,Tottenham,C Pawson,yellows,away,0,1.7580087833827112,0.00033546262790251185,1.8070707070549736,0.00033546262790251185
2025-10-26,2526,40,Wolves,Burnley,T Harrington,yellows,away,0,2.0243299379217876,0.00033546262790251185,1.8070707070549736,0.00033546262790251185
2025-10-24,2526,40,Leeds,West Ham,S Attwell,reds,home,0,0.0540012718429992,0.0,0.05934343434343435,0.0
2025-10-25,2526,40,Brentford,Liverpool,S Hooper,reds,home,0,0.057582547100634575,0.0,0.05934343434343435,0.0
2025-10-25,2526,40,Chelsea,Sunderland,A Madley,reds,home,0,0.061810544928106136,0.0,0.05934343434343435,0.0
2025-10-25,2526,40,Man United,Brighton,A Taylor,reds,home,0,0.058525908312595146,0.0,0.05934343434343435,0.0
2025-10-25,2526,40,Newcastle,Fulham,P Bankes,reds,home,0,0.054724851351681224,0.0,0.05934343434343435,0.0
2025-10-26,2526,40,Arsenal,Crystal Palace,T Bramall,reds,home,0,0.06983336630175287,0.0,0.05934343434343435,0.0
2025-10-26,2526,40,Aston Villa,Man City,M Oliver,reds,home,0,0.05959491156410486,0.0,0.05934343434343435,0.0
2025-10-26,2526,40,Bournemouth,Nott'm Forest,S Barrott,reds,home,0,0.06070437027528645,0.0,0.05934343434343435,0.0
2025-10-26,2526,40,Everton,Tottenham,C Pawson,reds,home,0,0.06613665704925696,0.0,0.05934343434343435,0.0
2025-10-26,2526,40,Wolves,Burnley,T Harrington,reds,home,0,0.058820684184379836,0.0,0.05934343434343435,0.0
2025-10-24,2526,40,Leeds,West Ham,S Attwell,reds,away,0,0.05999910889890572,0.0,0.05934343434343435,0.0
2025-10-25,2526,40,Brentford,Liverpool,S Hooper,reds,away,0,0.05881526477920981,0.0,0.05934343434343435,0.0
2025-10-25,2526,40,Chelsea,Sunderland,A Madley,reds,away,0,0.06332222670700309,0.0,0.05934343434343435,0.0
2025-10-25,2526,40,Man United,Brighton,A Taylor,reds,away,0,0.05850183230521149,0.0,0.05934343434343435,0.0
2025-10-25,2526,40,Newcastle,Fulham,P Bankes,reds,away,0,0.06418137145028205,0.0,0.05934343434343435,0.0
2025-10-26,2526,40,Arsenal,Crystal Palace,T Bramall,reds,away,0,0.05762566394762375,0.0,0.05934343434343435,0.0
2025-10-26,2526,40,Aston Villa,Man City,M Oliver,reds,away,0,0.0595598374721128,0.0,0.05934343434343435,0.0
2025-10-26,2526,40,Bournemouth,Nott'm Forest,S Barrott,reds,away,0,0.05733354387788427,0.0,0.05934343434343435,0.0
2025-10-26,2526,40,Everton,Tottenham,C Pawson,reds,away,0,0.052593659935062854,0.0,0.05934343434343435,0.0
2025-10-26,2526,40,Wolves,Burnley,T Harrington,reds,away,0,0.06360122067177962,0.0,0.05934343434343435,0.0
2025-10-24,2526,40,Leeds,West Ham,S Attwell,corners,home,3,5.5986845633107105,0.08927964441365337,5.17575755801699,0.14839934461727966
2025-10-25,2526,40,Brentford,Liverpool,S Hooper,corners,home,5,4.2394336187357835,0.08927964441365337,5.17575755801699,0.14839934461727966
2025-10-25,2526,40,Chelsea,Sunderland,A Madley,corners,home,9,6.063198396563596,0.08927964441365337,5.17575755801699,0.14839934461727966
2025-10-25,2526,40,Man United,Brighton,A Taylor,corners,home,1,4.885588722251047,0.08927964441365337,5.17575755801699,0.14839934461727966
2025-10-25,2526,40,Newcastle,Fulham,P Bankes,corners,home,4,5.842062039490906,0.08927964441365337,5.17575755801699,0.14839934461727966
2025-10-26,2526,40,Arsenal,Crystal Palace,T Bramall,corners,home,4,7.3224084835850185,0.08927964441365337,5.17575755801699,0.14839934461727966
2025-10-26,2526,40,Aston Villa,Man City,M Oliver,corners,home,5,4.369655134501291,0.08927964441365337,5.17575755801699,0.14839934461727966
2025-10-26,2526,40,Bournemouth,Nott'm Forest,S Barrott,corners,home,6,6.907881464418935,0.08927964441365337,5.17575755801699,0.14839934461727966
2025-10-26,2526,40,Everton,Tottenham,C Pawson,corners,home,9,4.975509349239745,0.08927964441365337,5.17575755801699,0.14839934461727966
2025-10-26,2526,40,Wolves,Burnley,T Harrington,corners,home,5,5.488441024941669,0.08927964441365337,5.17575755801699,0.14839934461727966
2025-10-24,2526,40,Leeds,West Ham,S Attwell,corners,away,4,3.3600678380604387,0.08927964441365337,5.17575755801699,0.14839934461727966
2025-10-25,2526,40,Brentford,Liverpool,S Hooper,corners,away,4,6.349044635675995,0.08927964441365337,5.17575755801699,0.14839934461727966
2025-10-25,2526,40,Chelsea,Sunderland,A Madley,corners,away,1,3.431373636055152,0.08927964441365337,5.17575755801699,0.14839934461727966
2025-10-25,2526,40,Man United,Brighton,A Taylor,corners,away,6,4.746404673844137,0.08927964441365337,5.17575755801699,0.14839934461727966
2025-10-25,2526,40,Newcastle,Fulham,P Bankes,corners,away,3,4.839597335511104,0.08927964441365337,5.17575755801699,0.14839934461727966
2025-10-26,2526,40,Arsenal,Crystal Palace,T Bramall,corners,away,3,2.9718708536304717,0.08927964441365337,5.17575755801699,0.14839934461727966
2025-10-26,2526,40,Aston Villa,Man City,M Oliver,corners,away,6,5.315812440868736,0.08927964441365337,5.17575755801699,0.14839934461727966
2025-10-26,2526,40,Bournemouth,Nott'm Forest,S Barrott,corners,away,4,3.9012870817129435,0.08927964441365337,5.17575755801699,0.14839934461727966
2025-10-26,2526,40,Everton,Tottenham,C Pawson,corners,away,8,5.940156086186558,0.08927964441365337,5.17575755801699,0.14839934461727966
2025-10-26,2526,40,Wolves,Burnley,T Harrington,corners,away,3,4.165268519990605,0.08927964441365337,5.17575755801699,0.14839934461727966
2025-10-24,2526,40,Leeds,West Ham,S Attwell,fouls,home,12,9.751514177511979,0.00033546262790251185,10.775000014186325,0.014299112640106044
2025-10-25,2526,40,Brentford,Liverpool,S Hooper,fouls,home,7,9.006904737586359,0.00033546262790251185,10.775000014186325,0.014299112640106044
2025-10-25,2526,40,Chelsea,Sunderland,A Madley,fouls,home,15,11.077457655461146,0.00033546262790251185,10.775000014186325,0.014299112640106044
2025-10-25,2526,40,Man United,Brighton,A Taylor,fouls,home,4,10.392843957203201,0.00033546262790251185,10.775000014186325,0.014299112640106044
2025-10-25,2526,40,Newcastle,Fulham,P Bankes,fouls,home,11,9.704120029364208,0.00033546262790251185,10.775000014186325,0.014299112640106044
2025-10-26,2526,40,Arsenal,Crystal Palace,T Bramall,fouls,home,6,10.172460007208842,0.00033546262790251185,10.775000014186325,0.014299112640106044
2025-10-26,2526,40,Aston Villa,Man City,M Oliver,fouls,home,8,10.204214415225136,0.00033546262790251185,10.775000014186325,0.014299112640106044
2025-10-26,2526,40,Bournemouth,Nott'm Forest,S Barrott,fouls,home,17,12.318328606379634,0.00033546262790251185,10.775000014186325,0.014299112640106044
2025-10-26,2526,40,Everton,Tottenham,C Pawson,fouls,home,9,11.866034566247624,0.00033546262790251185,10.775000014186325,0.014299112640106044
2025-10-26,2526,40,Wolves,Burnley,T Harrington,fouls,home,12,10.845217017050295,0.00033546262790251185,10.775000014186325,0.014299112640106044
2025-10-24,2526,40,Leeds,West Ham,S Attwell,fouls,away,11,11.106874682215487,0.00033546262790251185,10.775000014186325,0.014299112640106044
2025-10-25,2526,40,Brentford,Liverpool,S Hooper,fouls,away,10,10.164945806229884,0.00033546262790251185,10.775000014186325,0.014299112640106044
2025-10-25,2526,40,Chelsea,Sunderland,A Madley,fouls,away,13,11.399480977405007,0.00033546262790251185,10.775000014186325,0.014299112640106044
2025-10-25,2526,40,Man United,Brighton,A Taylor,fouls,away,13,10.785906260266717,0.00033546262790251185,10.775000014186325,0.014299112640106044
2025-10-25,2526,40,Newcastle,Fulham,P Bankes,fouls,away,18,12.433802138590535,0.00033546262790251185,10.775000014186325,0.014299112640106044
2025-10-26,2526,40,Arsenal,Crystal Palace,T Bramall,fouls,away,11,11.07962083404076,0.00033546262790251185,10.775000014186325,0.014299112640106044
2025-10-26,2526,40,Aston Villa,Man City,M Oliver,fouls,away,16,10.490844831518224,0.00033546262790251185,10.775000014186325,0.014299112640106044
2025-10-26,2526,40,Bournemouth,Nott'm Forest,S Barrott,fouls,away,7,10.924775323632016,0.00033546262790251185,10.775000014186325,0.014299112640106044
2025-10-26,2526,40,Everton,Tottenham,C Pawson,fouls,away,8,11.933735540233267,0.00033546262790251185,10.775000014186325,0.014299112640106044
2025-10-26,2526,40,Wolves,Burnley,T Harrington,fouls,away,7,10.902494477086478,0.00033546262790251185,10.775000014186325,0.014299112640106044
2025-11-01,2526,41,Brighton,Leeds,M Oliver,yellows,home,0,1.6810019236491314,0.00033546262790251185,1.8057788944735818,0.00033546262790251185
2025-11-01,2526,41,Burnley,Arsenal,C Kavanagh,yellows,home,2,1.4523466080697978,0.00033546262790251185,1.8057788944735818,0.00033546262790251185
2025-11-01,2526,41,Crystal Palace,Brentford,P Bankes,yellows,home,0,1.7385903822425937,0.00033546262790251185,1.8057788944735818,0.00033546262790251185
2025-11-01,2526,41,Fulham,Wolves,J Brooks,yellows,home,1,1.8168936470145183,0.00033546262790251185,1.8057788944735818,0.00033546262790251185
2025-11-01,2526,41,Liverpool,Aston Villa,S Attwell,yellows,home,2,1.9489090922200547,0.00033546262790251185,1.8057788944735818,0.00033546262790251185
2025-11-01,2526,41,Nott'm Forest,Man United,D England,yellows,home,1,1.9938857655463642,0.00033546262790251185,1.8057788944735818,0.00033546262790251185
2025-11-01,2526,41,Tottenham,Chelsea,J Gillett,yellows,home,4,1.9566008203103336,0.00033546262790251185,1.8057788944735818,0.00033546262790251185
2025-11-02,2526,41,Man City,Bournemouth,A Taylor,yellows,home,2,1.3444641744059274,0.00033546262790251185,1.8057788944735818,0.00033546262790251185
2025-11-02,2526,41,West Ham,Newcastle,R Jones,yellows,home,1,1.8306840128301085,0.00033546262790251185,1.8057788944735818,0.00033546262790251185
2025-11-03,2526,41,Sunderland,Everton,T Bramall,yellows,home,3,1.2580675254059932,0.00033546262790251185,1.8057788944735818,0.00033546262790251185
2025-11-01,2526,41,Brighton,Leeds,M Oliver,yellows,away,1,2.2877495925403593,0.00033546262790251185,1.8057788944735818,0.00033546262790251185
2025-11-01,2526,41,Burnley,Arsenal,C Kavanagh,yellows,away,1,1.5395671800580004,0.00033546262790251185,1.8057788944735818,0.00033546262790251185
2025-11-01,2526,41,Crystal Palace,Brentford,P Bankes,yellows,away,3,2.15267056754858,0.00033546262790251185,1.8057788944735818,0.00033546262790251185
2025-11-01,2526,41,Fulham,Wolves,J Brooks,yellows,away,3,1.8702680512170513,0.00033546262790251185,1.8057788944735818,0.00033546262790251185
2025-11-01,2526,41,Liverpool,Aston Villa,S Attwell,yellows,away,3,2.1198983284910575,0.00033546262790251185,1.8057788944735818,0.00033546262790251185
2025-11-01,2526,41,Nott'm Forest,Man United,D England,yellows,away,1,2.319665789104997,0.00033546262790251185,1.8057788944735818,0.00033546262790251185
2025-11-01,2526,41,Tottenham,Chelsea,J Gillett,yellows,away,2,2.4860654212617943,0.00033546262790251185,1.8057788944735818,0.00033546262790251185
2025-11-02,2526,41,Man City,Bournemouth,A Taylor,yellows,away,2,2.494388668202544,0.00033546262790251185,1.8057788944735818,0.00033546262790251185
2025-11-02,2526,41,West Ham,Newcastle,R Jones,yellows,away,2,1.507658503525528,0.00033546262790251185,1.8057788944735818,0.00033546262790251185
2025-11-03,2526,41,Sunderland,Everton,T Bramall,yellows,away,2,1.9075048943469248,0.00033546262790251185,1.8057788944735818,0.00033546262790251185
2025-11-01,2526,41,Brighton,Leeds,M Oliver,reds,home,0,0.060836318675322756,0.0,0.05904522613065325,0.0
2025-11-01,2526,41,Burnley,Arsenal,C Kavanagh,reds,home,0,0.05895946312134357,0.0,0.05904522613065325,0.0
2025-11-01,2526,41,Crystal Palace,Brentford,P Bankes,reds,home,0,0.06070325519606138,0.0,0.05904522613065325,0.0
2025-11-01,2526,41,Fulham,Wolves,J Brooks,reds,home,0,0.06169917415286701,0.0,0.05904522613065325,0.0
2025-11-01,2526,41,Liverpool,Aston Villa,S Attwell,reds,home,0,0.06142826724668204,0.0,0.05904522613065325,0.0
2025-11-01,2526,41,Nott'm Forest,Man United,D England,reds,home,0,0.053478930699369105,0.0,0.05904522613065325,0.0
2025-11-01,2526,41,Tottenham,Chelsea,J Gillett,reds,home,0,0.06149206386300562,0.0,0.05904522613065325,0.0
2025-11-02,2526,41,Man City,Bournemouth,A Taylor,reds,home,0,0.05570984688322581,0.0,0.05904522613065325,0.0
2025-11-02,2526,41,West Ham,Newcastle,R Jones,reds,home,0,0.06463331684772582,0.0,0.05904522613065325,0.0
2025-11-03,2526,41,Sunderland,Everton,T Bramall,reds,home,0,0.053561581342001285,0.0,0.05904522613065325,0.0
2025-11-01,2526,41,Brighton,Leeds,M Oliver,reds,away,0,0.060924036577061975,0.0,0.05904522613065325,0.0
2025-11-01,2526,41,Burnley,Arsenal,C Kavanagh,reds,away,0,0.06163112759835509,0.0,0.05904522613065325,0.0
2025-11-01,2526,41,Crystal Palace,Brentford,P Bankes,reds,away,0,0.060444275162764724,0.0,0.05904522613065325,0.0
2025-11-01,2526,41,Fulham,Wolves,J Brooks,reds,away,1,0.06056867686907574,0.0,0.05904522613065325,0.0
2025-11-01,2526,41,Liverpool,Aston Villa,S Attwell,reds,away,0,0.061448061954226384,0.0,0.05904522613065325,0.0
2025-11-01,2526,41,Nott'm Forest,Man United,D England,reds,away,0,0.058885957341199634,0.0,0.05904522613065325,0.0
2025-11-01,2526,41,Tottenham,Chelsea,J Gillett,reds,away,0,0.06826190043106004,0.0,0.05904522613065325,0.0
2025-11-02,2526,41,Man City,Bournemouth,A Taylor,reds,away,0,0.05649786817769117,0.0,0.05904522613065325,0.0
2025-11-02,2526,41,West Ham,Newcastle,R Jones,reds,away,0,0.05047227785759198,0.0,0.05904522613065325,0.0
2025-11-03,2526,41,Sunderland,Everton,T Bramall,reds,away,0,0.05921624873942235,0.0,0.05904522613065325,0.0
2025-11-01,2526,41,Brighton,Leeds,M Oliver,corners,home,4,4.3950269190074085,0.08574784430781013,5.17311554431953,0.14778246212908563
2025-11-01,2526,41,Burnley,Arsenal,C Kavanagh,corners,home,1,3.201875493535165,0.08574784430781013,5.17311554431953,0.14778246212908563
2025-11-01,2526,41,Crystal Palace,Brentford,P Bankes,corners,home,6,5.1483602186728,0.08574784430781013,5.17311554431953,0.14778246212908563
2025-11-01,2526,41,Fulham,Wolves,J Brooks,corners,home,10,5.886615343270397,0.08574784430781013,5.17311554431953,0.14778246212908563
2025-11-01,2526,41,Liverpool,Aston Villa,S Attwell,corners,home,1,6.397122517278661,0.08574784430781013,5.17311554431953,0.14778246212908563
2025-11-01,2526,41,Nott'm Forest,Man United,D England,corners,home,8,4.7657140578812935,0.08574784430781013,5.17311554431953,0.14778246212908563
2025-11-01,2526,41,Tottenham,Chelsea,J Gillett,corners,home,6,5.406963615416643,0.08574784430781013,5.17311554431953,0.14778246212908563
2025-11-02,2526,41,Man City,Bournemouth,A Taylor,corners,home,10,6.123603216707778,0.08574784430781013,5.17311554431953,0.14778246212908563
2025-11-02,2526,41,West Ham,Newcastle,R Jones,corners,home,7,4.85626184420415,0.08574784430781013,5.17311554431953,0.14778246212908563
2025-11-03,2526,41,Sunderland,Everton,T Bramall,corners,home,4,4.828345860873155,0.08574784430781013,5.17311554431953,0.14778246212908563
2025-11-01,2526,41,Brighton,Leeds,M Oliver,corners,away,7,3.6221663632899412,0.08574784430781013,5.17311554431953,0.14778246212908563
2025-11-01,2526,41,Burnley,Arsenal,C Kavanagh,corners,away,6,7.047230930086901,0.08574784430781013,5.17311554431953,0.14778246212908563
2025-11-01,2526,41,Crystal Palace,Brentford,P Bankes,corners,away,5,4.765756042174126,0.08574784430781013,5.17311554431953,0.14778246212908563
2025-11-01,2526,41,Fulham,Wolves,J Brooks,corners,away,1,3.7913635644993673,0.08574784430781013,5.17311554431953,0.14778246212908563
2025-11-01,2526,41,Liverpool,Aston Villa,S Attwell,corners,away,4,4.194610040630776,0.08574784430781013,5.17311554431953,0.14778246212908563
2025-11-01,2526,41,Nott'm Forest,Man United,D England,corners,away,5,5.318708211411347,0.08574784430781013,5.17311554431953,0.14778246212908563
2025-11-01,2526,41,Tottenham,Chelsea,J Gillett,corners,away,5,5.937360617079545,0.08574784430781013,5.17311554431953,0.14778246212908563
2025-11-02,2526,41,Man City,Bournemouth,A Taylor,corners,away,4,3.831419041346488,0.08574784430781013,5.17311554431953,0.14778246212908563
2025-11-02,2526,41,West Ham,Newcastle,R Jones,corners,away,6,5.958672175031871,0.08574784430781013,5.17311554431953,0.14778246212908563
2025-11-03,2526,41,Sunderland,Everton,T Bramall,corners,away,1,4.154215775458261,0.08574784430781013,5.17311554431953,0.14778246212908563
2025-11-01,2526,41,Brighton,Leeds,M Oliver,fouls,home,10,11.84877997534386,0.00033546262790251185,10.77487437362501,0.01437166265346505
2025-11-01,2526,41,Burnley,Arsenal,C Kavanagh,fouls,home,10,9.793421471205477,0.00033546262790251185,10.77487437362501,0.01437166265346505
2025-11-01,2526,41,Crystal Palace,Brentford,P Bankes,fouls,home,7,10.03588252918187,0.00033546262790251185,10.77487437362501,0.01437166265346505
2025-11-01,2526,41,Fulham,Wolves,J Brooks,fouls,home,13,11.361107300408317,0.00033546262790251185,10.77487437362501,0.01437166265346505
2025-11-01,2526,41,Liverpool,Aston Villa,S Attwell,fouls,home,13,12.096581426831442,0.00033546262790251185,10.77487437362501,0.01437166265346505
2025-11-01,2526,41,Nott'm Forest,Man United,D England,fouls,home,10,10.460526171854234,0.00033546262790251185,10.77487437362501,0.01437166265346505
2025-11-01,2526,41,Tottenham,Chelsea,J Gillett,fouls,home,14,11.620210841201812,0.00033546262790251185,10.77487437362501,0.01437166265346505
2025-11-02,2526,41,Man City,Bournemouth,A Taylor,fouls,home,8,7.922219784407953,0.00033546262790251185,10.77487437362501,0.01437166265346505
2025-11-02,2526,41,West Ham,Newcastle,R Jones,fouls,home,5,11.479031459895404,0.00033546262790251185,10.77487437362501,0.01437166265346505
2025-11-03,2526,41,Sunderland,Everton,T Bramall,fouls,home,10,9.428259044480534,0.00033546262790251185,10.77487437362501,0.01437166265346505
2025-11-01,2526,41,Brighton,Leeds,M Oliver,fouls,away,7,11.748786905078486,0.00033546262790251185,10.77487437362501,0.01437166265346505
2025-11-01,2526,41,Burnley,Arsenal,C Kavanagh,fouls,away,13,9.428626610142269,0.00033546262790251185,10.77487437362501,0.01437166265346505
2025-11-01,2526,41,Crystal Palace,Brentford,P Bankes,fouls,away,11,10.298885950843788,0.00033546262790251185,10.77487437362501,0.01437166265346505
2025-11-01,2526,41,Fulham,Wolves,J Brooks,fouls,away,14,11.920948669285039,0.00033546262790251185,10.77487437362501,0.01437166265346505
2025-11-01,2526,41,Liverpool,Aston Villa,S Attwell,fouls,away,11,9.703936098164954,0.00033546262790251185,10.77487437362501,0.01437166265346505
2025-11-01,2526,41,Nott'm Forest,Man United,D England,fouls,away,7,11.461630740952346,0.00033546262790251185,10.77487437362501,0.01437166265346505
2025-11-01,2526,41,Tottenham,Chelsea,J Gillett,fouls,away,12,11.975975917363726,0.00033546262790251185,10.77487437362501,0.01437166265346505
2025-11-02,2526,41,Man City,Bournemouth,A Taylor,fouls,away,11,11.97639899843544,0.00033546262790251185,10.77487437362501,0.01437166265346505
2025-11-02,2526,41,West Ham,Newcastle,R Jones,fouls,away,10,10.646843878439396,0.00033546262790251185,10.77487437362501,0.01437166265346505
2025-11-03,2526,41,Sunderland,Everton,T Bramall,fouls,away,12,11.042879872565432,0.00033546262790251185,10.77487437362501,0.01437166265346505
2025-11-08,2526,42,Chelsea,Wolves,A Kitchen,yellows,home,1,1.9675799517793513,0.00033546262790251185,1.805749999038198,0.00033546262790251185
2025-11-08,2526,42,Everton,Fulham,A Madley,yellows,home,2,1.6152346135294504,0.00033546262790251185,1.805749999038198,0.00033546262790251185
2025-11-08,2526,42,Sunderland,Arsenal,C Pawson,yellows,home,2,1.5565013395055163,0.00033546262790251185,1.805749999038198,0.00033546262790251185
2025-11-08,2526,42,Tottenham,Man United,S Barrott,yellows,home,5,1.9175805244595796,0.00033546262790251185,1.805749999038198,0.00033546262790251185
2025-11-08,2526,42,West Ham,Burnley,M Salisbury,yellows,home,2,1.443240732328334,0.00033546262790251185,1.805749999038198,0.00033546262790251185
2025-11-09,2526,42,Aston Villa,Bournemouth,J Brooks,yellows,home,2,1.8677444877048073,0.00033546262790251185,1.805749999038198,0.00033546262790251185
2025-11-09,2526,42,Brentford,Newcastle,S Attwell,yellows,home,2,1.9572419320244436,0.00033546262790251185,1.805749999038198,0.00033546262790251185
2025-11-09,2526,42,Crystal Palace,Brighton,T Robinson,yellows,home,1,1.9056676802756587,0.00033546262790251185,1.805749999038198,0.00033546262790251185
2025-11-09,2526,42,Man City,Liverpool,C Kavanagh,yellows,home,2,1.397092341014386,0.00033546262790251185,1.805749999038198,0.00033546262790251185
2025-11-09,2526,42,Nott'm Forest,Leeds,J Gillett,yellows,home,2,1.6777147082777293,0.00033546262790251185,1.805749999038198,0.00033546262790251185
2025-11-08,2526,42,Chelsea,Wolves,A Kitchen,yellows,away,2,2.4840932176970596,0.00033546262790251185,1.805749999038198,0.00033546262790251185
2025-11-08,2526,42,Everton,Fulham,A Madley,yellows,away,2,1.762391113533319,0.00033546262790251185,1.805749999038198,0.00033546262790251185
2025-11-08,2526,42,Sunderland,Arsenal,C Pawson,yellows,away,1,1.4392536157149949,0.00033546262790251185,1.805749999038198,0.00033546262790251185
2025-11-08,2526,42,Tottenham,Man United,S Barrott,yellows,away,1,2.178135733374163,0.00033546262790251185,1.805749999038198,0.00033546262790251185
2025-11-08,2526,42,West Ham,Burnley,M Salisbury,yellows,away,2,1.556698714036908,0.00033546262790251185,1.805749999038198,0.00033546262790251185
2025-11-09,2526,42,Aston Villa,Bournemouth,J Brooks,yellows,away,2,3.1226711340791646,0.00033546262790251185,1.805749999038198,0.00033546262790251185
2025-11-09,2526,42,Brentford,Newcastle,S Attwell,yellows,away,1,1.8870847565555844,0.00033546262790251185,1.805749999038198,0.00033546262790251185
2025-11-09,2526,42,Crystal Palace,Brighton,T Robinson,yellows,away,4,2.3377716389203727,0.00033546262790251185,1.805749999038198,0.00033546262790251185
2025-11-09,2526,42,Man City,Liverpool,C Kavanagh,yellows,away,4,1.9966631152056145,0.00033546262790251185,1.805749999038198,0.00033546262790251185
2025-11-09,2526,42,Nott'm Forest,Leeds,J Gillett,yellows,away,1,2.1843486227885336,0.00033546262790251185,1.805749999038198,0.00033546262790251185
2025-11-08,2526,42,Chelsea,Wolves,A Kitchen,reds,home,0,0.06465767806403111,0.0,0.059000000000000004,0.0
2025-11-08,2526,42,Everton,Fulham,A Madley,reds,home,0,0.06034066769806638,0.0,0.059000000000000004,0.0
2025-11-08,2526,42,Sunderland,Arsenal,C Pawson,reds,home,0,0.05743327636563814,0.0,0.059000000000000004,0.0
2025-11-08,2526,42,Tottenham,Man United,S Barrott,reds,home,0,0.055055550300617664,0.0,0.059000000000000004,0.0
2025-11-08,2526,42,West Ham,Burnley,M Salisbury,reds,home,0,0.05723622192705945,0.0,0.059000000000000004,0.0
2025-11-09,2526,42,Aston Villa,Bournemouth,J Brooks,reds,home,0,0.06078053628598355,0.0,0.059000000000000004,0.0
2025-11-09,2526,42,Brentford,Newcastle,S Attwell,reds,home,0,0.06022859335573932,0.0,0.059000000000000004,0.0
2025-11-09,2526,42,Crystal Palace,Brighton,T Robinson,reds,home,0,0.061315073282933265,0.0,0.059000000000000004,0.0
2025-11-09,2526,42,Man City,Liverpool,C Kavanagh,reds,home,0,0.05600148820053976,0.0,0.059000000000000004,0.0
2025-11-09,2526,42,Nott'm Forest,Leeds,J Gillett,reds,home,0,0.055708050825752434,0.0,0.059000000000000004,0.0
2025-11-08,2526,42,Chelsea,Wolves,A Kitchen,reds,away,0,0.06580604246564,0.0,0.059000000000000004,0.0
2025-11-08,2526,42,Everton,Fulham,A Madley,reds,away,0,0.05328872546953975,0.0,0.059000000000000004,0.0
2025-11-08,2526,42,Sunderland,Arsenal,C Pawson,reds,away,0,0.06335837170137867,0.0,0.059000000000000004,0.0
2025-11-08,2526,42,Tottenham,Man United,S Barrott,reds,away,0,0.061127067633205405,0.0,0.059000000000000004,0.0
2025-11-08,2526,42,West Ham,Burnley,M Salisbury,reds,away,0,0.055642307466935347,0.0,0.059000000000000004,0.0
2025-11-09,2526,42,Aston Villa,Bournemouth,J Brooks,reds,away,0,0.061602591494617956,0.0,0.059000000000000004,0.0
2025-11-09,2526,42,Brentford,Newcastle,S Attwell,reds,away,0,0.05634664205972076,0.0,0.059000000000000004,0.0
2025-11-09,2526,42,Crystal Palace,Brighton,T Robinson,reds,away,0,0.06573094412395031,0.0,0.059000000000000004,0.0
2025-11-09,2526,42,Man City,Liverpool,C Kavanagh,reds,away,0,0.056014558695122646,0.0,0.059000000000000004,0.0
2025-11-09,2526,42,Nott'm Forest,Leeds,J Gillett,reds,away,0,0.061401257097585704,0.0,0.059000000000000004,0.0
2025-11-08,2526,42,Chelsea,Wolves,A Kitchen,corners,home,10,6.64857391739305,0.08383375970263553,5.172499923488372,0.1475550581728253
2025-11-08,2526,42,Everton,Fulham,A Madley,corners,home,7,4.458838957296718,0.08383375970263553,5.172499923488372,0.1475550581728253
2025-11-08,2526,42,Sunderland,Arsenal,C Pawson,corners,home,2,3.0638407013226137,0.08383375970263553,5.172499923488372,0.1475550581728253
2025-11-08,2526,42,Tottenham,Man United,S Barrott,corners,home,5,6.535464270440824,0.08383375970263553,5.172499923488372,0.1475550581728253
2025-11-08,2526,42,West Ham,Burnley,M Salisbury,corners,home,7,5.782992237864453,0.08383375970263553,5.172499923488372,0.1475550581728253
2025-11-09,2526,42,Aston Villa,Bournemouth,J Brooks,corners,home,6,5.83811011982867,0.08383375970263553,5.172499923488372,0.1475550581728253
2025-11-09,2526,42,Brentford,Newcastle,S Attwell,corners,home,6,5.241072599126096,0.08383375970263553,5.172499923488372,0.1475550581728253
2025-11-09,2526,42,Crystal Palace,Brighton,T Robinson,corners,home,4,4.289638698550143,0.08383375970263553,5.172499923488372,0.1475550581728253
2025-11-09,2526,42,Man City,Liverpool,C Kavanagh,corners,home,7,5.312377384967751,0.08383375970263553,5.172499923488372,0.1475550581728253
2025-11-09,2526,42,Nott'm Forest,Leeds,J Gillett,corners,home,6,3.873274245149885,0.08383375970263553,5.172499923488372,0.1475550581728253
2025-11-08,2526,42,Chelsea,Wolves,A Kitchen,corners,away,1,3.3598001254179195,0.08383375970263553,5.172499923488372,0.1475550581728253
2025-11-08,2526,42,Everton,Fulham,A Madley,corners,away,5,5.554887149949499,0.08383375970263553,5.172499923488372,0.1475550581728253
2025-11-08,2526,42,Sunderland,Arsenal,C Pawson,corners,away,2,5.739269698638246,0.08383375970263553,5.172499923488372,0.1475550581728253
2025-11-08,2526,42,Tottenham,Man United,S Barrott,corners,away,3,5.1066052367074795,0.08383375970263553,5.172499923488372,0.1475550581728253
2025-11-08,2526,42,West Ham,Burnley,M Salisbury,corners,away,4,4.196166221549829,0.08383375970263553,5.172499923488372,0.1475550581728253
2025-11-09,2526,42,Aston Villa,Bournemouth,J Brooks,corners,away,9,4.887034042502737,0.08383375970263553,5.172499923488372,0.1475550581728253
2025-11-09,2526,42,Brentford,Newcastle,S Attwell,corners,away,2,5.641039394507881,0.08383375970263553,5.172499923488372,0.1475550581728253
2025-11-09,2526,42,Crystal Palace,Brighton,T Robinson,corners,away,8,4.929435364178571,0.08383375970263553,5.172499923488372,0.1475550581728253
2025-11-09,2526,42,Man City,Liverpool,C Kavanagh,corners,away,7,4.184754530123365,0.08383375970263553,5.172499923488372,0.1475550581728253
2025-11-09,2526,42,Nott'm Forest,Leeds,J Gillett,corners,away,4,4.935814403337859,0.08383375970263553,5.172499923488372,0.1475550581728253
2025-11-08,2526,42,Chelsea,Wolves,A Kitchen,fouls,home,12,11.54202712360046,0.00033546262790251185,10.773000022034573,0.014122351937352324
2025-11-08,2526,42,Everton,Fulham,A Madley,fouls,home,11,10.508599455565106,0.00033546262790251185,10.773000022034573,0.014122351937352324
2025-11-08,2526,42,Sunderland,Arsenal,C Pawson,fouls,home,13,9.867290810102201,0.00033546262790251185,10.773000022034573,0.014122351937352324
2025-11-08,2526,42,Tottenham,Man United,S Barrott,fouls,home,10,10.737400761161682,0.00033546262790251185,10.773000022034573,0.014122351937352324
2025-11-08,2526,42,West Ham,Burnley,M Salisbury,fouls,home,15,9.699453685645985,0.00033546262790251185,10.773000022034573,0.014122351937352324
2025-11-09,2526,42,Aston Villa,Bournemouth,J Brooks,fouls,home,8,10.253047074775676,0.00033546262790251185,10.773000022034573,0.014122351937352324
2025-11-09,2526,42,Brentford,Newcastle,S Attwell,fouls,home,10,10.041788968943697,0.00033546262790251185,10.773000022034573,0.014122351937352324
2025-11-09,2526,42,Crystal Palace,Brighton,T Robinson,fouls,home,10,10.83348181952132,0.00033546262790251185,10.773000022034573,0.014122351937352324
2025-11-09,2526,42,Man City,Liverpool,C Kavanagh,fouls,home,14,7.783323505496491,0.00033546262790251185,10.773000022034573,0.014122351937352324
2025-11-09,2526,42,Nott'm Forest,Leeds,J Gillett,fouls,home,10,10.345816204487246,0.00033546262790251185,10.773000022034573,0.014122351937352324
2025-11-08,2526,42,Chelsea,Wolves,A Kitchen,fouls,away,14,14.356710170447785,0.00033546262790251185,10.773000022034573,0.014122351937352324
2025-11-08,2526,42,Everton,Fulham,A Madley,fouls,away,14,12.165293801363953,0.00033546262790251185,10.773000022034573,0.014122351937352324
2025-11-08,2526,42,Sunderland,Arsenal,C Pawson,fouls,away,13,10.884896418193222,0.00033546262790251185,10.773000022034573,0.014122351937352324
2025-11-08,2526,42,Tottenham,Man United,S Barrott,fouls,away,8,11.450355806773132,0.00033546262790251185,10.773000022034573,0.014122351937352324
2025-11-08,2526,42,West Ham,Burnley,M Salisbury,fouls,away,13,10.296724791774807,0.00033546262790251185,10.773000022034573,0.014122351937352324
2025-11-09,2526,42,Aston Villa,Bournemouth,J Brooks,fouls,away,20,15.642240749898061,0.00033546262790251185,10.773000022034573,0.014122351937352324
2025-11-09,2526,42,Brentford,Newcastle,S Attwell,fouls,away,13,9.839336043554226,0.00033546262790251185,10.773000022034573,0.014122351937352324
2025-11-09,2526,42,Crystal Palace,Brighton,T Robinson,fouls,away,12,11.79842116583858,0.00033546262790251185,10.773000022034573,0.014122351937352324
2025-11-09,2526,42,Man City,Liverpool,C Kavanagh,fouls,away,15,10.565102631925223,0.00033546262790251185,10.773000022034573,0.014122351937352324
2025-11-09,2526,42,Nott'm Forest,Leeds,J Gillett,fouls,away,11,10.740107891909997,0.00033546262790251185,10.773000022034573,0.014122351937352324
2025-11-22,2526,43,Bournemouth,West Ham,T Bramall,yellows,home,3,1.710093825001396,0.00033546262790251185,1.806965174222933,0.00033546262790251185
2025-11-22,2526,43,Brighton,Brentford,C Kavanagh,yellows,home,4,1.8039981294840106,0.00033546262790251185,1.806965174222933,0.00033546262790251185
2025-11-22,2526,43,Burnley,Chelsea,P Bankes,yellows,home,2,1.8067588100972487,0.00033546262790251185,1.806965174222933,0.00033546262790251185
2025-11-22,2526,43,Fulham,Sunderland,D England,yellows,home,3,1.5241210765398838,0.00033546262790251185,1.806965174222933,0.00033546262790251185
2025-11-22,2526,43,Liverpool,Nott'm Forest,A Madley,yellows,home,2,1.706315413716622,0.00033546262790251185,1.806965174222933,0.00033546262790251185
2025-11-22,2526,43,Newcastle,Man City,S Barrott,yellows,home,1,1.7339907388813374,0.00033546262790251185,1.806965174222933,0.00033546262790251185
2025-11-22,2526,43,Wolves,Crystal Palace,A Taylor,yellows,home,2,1.7801111597995214,0.00033546262790251185,1.806965174222933,0.00033546262790251185
2025-11-23,2526,43,Arsenal,Tottenham,M Oliver,yellows,home,1,1.3589327243231886,0.00033546262790251185,1.806965174222933,0.00033546262790251185
2025-11-23,2526,43,Leeds,Aston Villa,R Jones,yellows,home,5,1.901521155605715,0.00033546262790251185,1.806965174222933,0.00033546262790251185
2025-11-24,2526,43,Man United,Everton,T Harrington,yellows,home,2,1.4138377462270044,0.00033546262790251185,1.806965174222933,0.00033546262790251185
2025-11-22,2526,43,Bournemouth,West Ham,T Bramall,yellows,away,2,2.057163716027864,0.00033546262790251185,1.806965174222933,0.00033546262790251185
2025-11-22,2526,43,Brighton,Brentford,C Kavanagh,yellows,away,2,2.2832015927242795,0.00033546262790251185,1.806965174222933,0.00033546262790251185
2025-11-22,2526,43,Burnley,Chelsea,P Bankes,yellows,away,3,2.1681513061400417,0.00033546262790251185,1.806965174222933,0.00033546262790251185
2025-11-22,2526,43,Fulham,Sunderland,D England,yellows,away,3,1.7729989148311402,0.00033546262790251185,1.806965174222933,0.00033546262790251185
2025-11-22,2526,43,Liverpool,Nott'm Forest,A Madley,yellows,away,0,2.2345489021988247,0.00033546262790251185,1.806965174222933,0.00033546262790251185
2025-11-22,2526,43,Newcastle,Man City,S Barrott,yellows,away,3,2.0311085194409153,0.00033546262790251185,1.806965174222933,0.00033546262790251185
2025-11-22,2526,43,Wolves,Crystal Palace,A Taylor,yellows,away,3,1.8386202864050616,0.00033546262790251185,1.806965174222933,0.00033546262790251185
2025-11-23,2526,43,Arsenal,Tottenham,M Oliver,yellows,away,3,2.057608725945888,0.00033546262790251185,1.806965174222933,0.00033546262790251185
2025-11-23,2526,43,Leeds,Aston Villa,R Jones,yellows,away,1,1.875350256850032,0.00033546262790251185,1.806965174222933,0.00033546262790251185
2025-11-24,2526,43,Man United,Everton,T Harrington,yellows,away,0,2.4551295865546803,0.00033546262790251185,1.806965174222933,0.00033546262790251185
2025-11-22,2526,43,Bournemouth,West Ham,T Bramall,reds,home,0,0.05219387902982268,0.0,0.058706467661691554,0.0
2025-11-22,2526,43,Brighton,Brentford,C Kavanagh,reds,home,0,0.062370974751891683,0.0,0.058706467661691554,0.0
2025-11-22,2526,43,Burnley,Chelsea,P Bankes,reds,home,0,0.06386190578015814,0.0,0.058706467661691554,0.0
2025-11-22,2526,43,Fulham,Sunderland,D England,reds,home,0,0.057909978705012945,0.0,0.058706467661691554,0.0
2025-11-22,2526,43,Liverpool,Nott'm Forest,A Madley,reds,home,0,0.05948903441610512,0.0,0.058706467661691554,0.0
2025-11-22,2526,43,Newcastle,Man City,S Barrott,reds,home,0,0.05377068454825799,0.0,0.058706467661691554,0.0
2025-11-22,2526,43,Wolves,Crystal Palace,A Taylor,reds,home,0,0.0666006069155617,0.0,0.058706467661691554,0.0
2025-11-23,2526,43,Arsenal,Tottenham,M Oliver,reds,home,0,0.07013663412646501,0.0,0.058706467661691554,0.0
2025-11-23,2526,43,Leeds,Aston Villa,R Jones,reds,home,0,0.06253977859122366,0.0,0.058706467661691554,0.0
2025-11-24,2526,43,Man United,Everton,T Harrington,reds,home,0,0.05001902616421482,0.0,0.058706467661691554,0.0
2025-11-22,2526,43,Bournemouth,West Ham,T Bramall,reds,away,0,0.06036795823633619,0.0,0.058706467661691554,0.0
2025-11-22,2526,43,Brighton,Brentford,C Kavanagh,reds,away,0,0.057928506286893805,0.0,0.058706467661691554,0.0
2025-11-22,2526,43,Burnley,Chelsea,P Bankes,reds,away,0,0.059047733640373475,0.0,0.058706467661691554,0.0
2025-11-22,2526,43,Fulham,Sunderland,D England,reds,away,0,0.05932016355676628,0.0,0.058706467661691554,0.0
2025-11-22,2526,43,Liverpool,Nott'm Forest,A Madley,reds,away,0,0.056978634494500864,0.0,0.058706467661691554,0.0
2025-11-22,2526,43,Newcastle,Man City,S Barrott,reds,away,0,0.05869257080914562,0.0,0.058706467661691554,0.0
2025-11-22,2526,43,Wolves,Crystal Palace,A Taylor,reds,away,0,0.061048888666366805,0.0,0.058706467661691554,0.0
2025-11-23,2526,43,Arsenal,Tottenham,M Oliver,reds,away,0,0.05590626262862404,0.0,0.058706467661691554,0.0
2025-11-23,2526,43,Leeds,Aston Villa,R Jones,reds,away,0,0.05926877805563396,0.0,0.058706467661691554,0.0
2025-11-24,2526,43,Man United,Everton,T Harrington,reds,away,1,0.05663789178874581,0.0,0.058706467661691554,0.0
2025-11-22,2526,43,Bournemouth,West Ham,T Bramall,corners,home,9,6.858490967489894,0.0809702793671863,5.17288541132001,0.14696707780440804
2025-11-22,2526,43,Brighton,Brentford,C Kavanagh,corners,home,7,5.93854321010837,0.0809702793671863,5.17288541132001,0.14696707780440804
2025-11-22,2526,43,Burnley,Chelsea,P Bankes,corners,home,1,3.6575075429324775,0.0809702793671863,5.17288541132001,0.14696707780440804
2025-11-22,2526,43,Fulham,Sunderland,D England,corners,home,7,5.269233501897968,0.0809702793671863,5.17288541132001,0.14696707780440804
2025-11-22,2526,43,Liverpool,Nott'm Forest,A Madley,corners,home,8,7.613787726330459,0.0809702793671863,5.17288541132001,0.14696707780440804
2025-11-22,2526,43,Newcastle,Man City,S Barrott,corners,home,5,4.506844523213046,0.0809702793671863,5.17288541132001,0.14696707780440804
2025-11-22,2526,43,Wolves,Crystal Palace,A Taylor,corners,home,1,4.748134281365973,0.0809702793671863,5.17288541132001,0.14696707780440804
2025-11-23,2526,43,Arsenal,Tottenham,M Oliver,corners,home,4,7.298668586040195,0.0809702793671863,5.17288541132001,0.14696707780440804
2025-11-23,2526,43,Leeds,Aston Villa,R Jones,corners,home,3,4.794682193988578,0.0809702793671863,5.17288541132001,0.14696707780440804
2025-11-24,2526,43,Man United,Everton,T Harrington,corners,home,9,6.0481606194956425,0.0809702793671863,5.17288541132001,0.14696707780440804
2025-11-22,2526,43,Bournemouth,West Ham,T Bramall,corners,away,2,4.1643666178775085,0.0809702793671863,5.17288541132001,0.14696707780440804
2025-11-22,2526,43,Brighton,Brentford,C Kavanagh,corners,away,4,4.078880927440851,0.0809702793671863,5.17288541132001,0.14696707780440804
2025-11-22,2526,43,Burnley,Chelsea,P Bankes,corners,away,9,6.30645921335221,0.0809702793671863,5.17288541132001,0.14696707780440804
2025-11-22,2526,43,Fulham,Sunderland,D England,corners,away,4,3.457838198514004,0.0809702793671863,5.17288541132001,0.14696707780440804
2025-11-22,2526,43,Liverpool,Nott'm Forest,A Madley,corners,away,6,3.469451903326533,0.0809702793671863,5.17288541132001,0.14696707780440804
2025-11-22,2526,43,Newcastle,Man City,S Barrott,corners,away,9,5.616132256915831,0.0809702793671863,5.17288541132001,0.14696707780440804
2025-11-22,2526,43,Wolves,Crystal Palace,A Taylor,corners,away,4,4.493729186245474,0.0809702793671863,5.17288541132001,0.14696707780440804
2025-11-23,2526,43,Arsenal,Tottenham,M Oliver,corners,away,1,3.796212929562713,0.0809702793671863,5.17288541132001,0.14696707780440804
2025-11-23,2526,43,Leeds,Aston Villa,R Jones,corners,away,3,4.279792322643144,0.0809702793671863,5.17288541132001,0.14696707780440804
2025-11-24,2526,43,Man United,Everton,T Harrington,corners,away,1,4.246890245297666,0.0809702793671863,5.17288541132001,0.14696707780440804
2025-11-22,2526,43,Bournemouth,West Ham,T Bramall,fouls,home,9,11.741116592448515,0.00033546262790251185,10.780597546269954,0.013917883108580411
2025-11-22,2526,43,Brighton,Brentford,C Kavanagh,fouls,home,10,10.20473460658353,0.00033546262790251185,10.780597546269954,0.013917883108580411
2025-11-22,2526,43,Burnley,Chelsea,P Bankes,fouls,home,13,11.252690563327041,0.00033546262790251185,10.780597546269954,0.013917883108580411
2025-11-22,2526,43,Fulham,Sunderland,D England,fouls,home,5,11.693787496530756,0.00033546262790251185,10.780597546269954,0.013917883108580411
2025-11-22,2526,43,Liverpool,Nott'm Forest,A Madley,fouls,home,11,11.25859541959214,0.00033546262790251185,10.780597546269954,0.013917883108580411
2025-11-22,2526,43,Newcastle,Man City,S Barrott,fouls,home,13,10.038877537715905,0.00033546262790251185,10.780597546269954,0.013917883108580411
2025-11-22,2526,43,Wolves,Crystal Palace,A Taylor,fouls,home,13,11.394977129556338,0.00033546262790251185,10.780597546269954,0.013917883108580411
2025-11-23,2526,43,Arsenal,Tottenham,M Oliver,fouls,home,11,10.994660131594213,0.00033546262790251185,10.780597546269954,0.013917883108580411
2025-11-23,2526,43,Leeds,Aston Villa,R Jones,fouls,home,18,12.203657164375972,0.00033546262790251185,10.780597546269954,0.013917883108580411
2025-11-24,2526,43,Man United,Everton,T Harrington,fouls,home,12,9.963600168225947,0.00033546262790251185,10.780597546269954,0.013917883108580411
2025-11-22,2526,43,Bournemouth,West Ham,T Bramall,fouls,away,10,10.64898933358822,0.00033546262790251185,10.780597546269954,0.013917883108580411
2025-11-22,2526,43,Brighton,Brentford,C Kavanagh,fouls,away,9,10.215129621139782,0.00033546262790251185,10.780597546269954,0.013917883108580411
2025-11-22,2526,43,Burnley,Chelsea,P Bankes,fouls,away,8,11.126181882894992,0.00033546262790251185,10.780597546269954,0.013917883108580411
2025-11-22,2526,43,Fulham,Sunderland,D England,fouls,away,13,10.08811565585917,0.00033546262790251185,10.780597546269954,0.013917883108580411
2025-11-22,2526,43,Liverpool,Nott'm Forest,A Madley,fouls,away,8,10.875625626055433,0.00033546262790251185,10.780597546269954,0.013917883108580411
2025-11-22,2526,43,Newcastle,Man City,S Barrott,fouls,away,8,9.478531818057082,0.00033546262790251185,10.780597546269954,0.013917883108580411
2025-11-22,2526,43,Wolves,Crystal Palace,A Taylor,fouls,away,9,10.673952499823566,0.00033546262790251185,10.780597546269954,0.013917883108580411
2025-11-23,2526,43,Arsenal,Tottenham,M Oliver,fouls,away,15,11.911538176028099,0.00033546262790251185,10.780597546269954,0.013917883108580411
2025-11-23,2526,43,Leeds,Aston Villa,R Jones,fouls,away,16,10.79503822808424,0.00033546262790251185,10.780597546269954,0.013917883108580411
2025-11-24,2526,43,Man United,Everton,T Harrington,fouls,away,9,10.870742020279256,0.00033546262790251185,10.780597546269954,0.013917883108580411
2025-11-29,2526,44,Brentford,Burnley,S Barrott,yellows,home,0,1.6909889212719245,0.00033546262790251185,1.8091584129076166,0.00033546262790251185
2025-11-29,2526,44,Everton,Newcastle,C Pawson,yellows,home,0,2.0358943066301536,0.00033546262790251185,1.8091584129076166,0.00033546262790251185
2025-11-29,2526,44,Man City,Leeds,P Bankes,yellows,home,4,1.311159554324731,0.00033546262790251185,1.8091584129076166,0.00033546262790251185
2025-11-29,2526,44,Sunderland,Bournemouth,T Robinson,yellows,home,5,1.8192348338808446,0.00033546262790251185,1.8091584129076166,0.00033546262790251185
2025-11-29,2526,44,Tottenham,Fulham,S Attwell,yellows,home,3,1.673724095376272,0.00033546262790251185,1.8091584129076166,0.00033546262790251185
2025-11-30,2526,44,Aston Villa,Wolves,C Kavanagh,yellows,home,0,1.7172414084608016,0.00033546262790251185,1.8091584129076166,0.00033546262790251185
2025-11-30,2526,44,Chelsea,Arsenal,A Taylor,yellows,home,1,1.8570449708881585,0.00033546262790251185,1.8091584129076166,0.00033546262790251185
2025-11-30,2526,44,Crystal Palace,Man United,R Jones,yellows,home,3,1.743984426683699,0.00033546262790251185,1.8091584129076166,0.00033546262790251185
2025-11-30,2526,44,Nott'm Forest,Brighton,M Oliver,yellows,home,0,1.9285112686977193,0.00033546262790251185,1.8091584129076166,0.00033546262790251185
2025-11-30,2526,44,West Ham,Liverpool,D England,yellows,home,1,1.7051256263214978,0.00033546262790251185,1.8091584129076166,0.00033546262790251185
2025-12-02,2526,44,Bournemouth,Everton,M Salisbury,yellows,home,3,1.7250394201716528,0.00033546262790251185,1.8091584129076166,0.00033546262790251185
2025-12-02,2526,44,Fulham,Man City,C Pawson,yellows,home,0,1.8816537140906082,0.00033546262790251185,1.8091584129076166,0.00033546262790251185
2025-12-02,2526,44,Newcastle,Tottenham,T Bramall,yellows,home,0,1.475761683377211,0.00033546262790251185,1.8091584129076166,0.00033546262790251185
2025-12-03,2526,44,Arsenal,Brentford,T Harrington,yellows,home,0,1.4291639475227473,0.00033546262790251185,1.8091584129076166,0.00033546262790251185
2025-12-03,2526,44,Brighton,Aston Villa,A Madley,yellows,home,2,2.2804819379824655,0.00033546262790251185,1.8091584129076166,0.00033546262790251185
2025-12-03,2526,44,Burnley,Crystal Palace,T Kirk,yellows,home,0,1.7245226232201896,0.00033546262790251185,1.8091584129076166,0.00033546262790251185
2025-12-03,2526,44,Leeds,Chelsea,D England,yellows,home,1,2.0654698824756013,0.00033546262790251185,1.8091584129076166,0.00033546262790251185
2025-12-03,2526,44,Liverpool,Sunderland,S Attwell,yellows,home,1,1.4864233422592457,0.00033546262790251185,1.8091584129076166,0.00033546262790251185
2025-12-03,2526,44,Wolves,Nott'm Forest,T Robinson,yellows,home,2,1.9223724451282624,0.00033546262790251185,1.8091584129076166,0.00033546262790251185
2025-12-04,2526,44,Man United,West Ham,A Kitchen,yellows,home,2,1.4381501727825965,0.00033546262790251185,1.8091584129076166,0.00033546262790251185
2025-12-06,2526,44,Aston Villa,Arsenal,P Bankes,yellows,home,0,1.697209763809763,0.00033546262790251185,1.8091584129076166,0.00033546262790251185
2025-12-06,2526,44,Bournemouth,Chelsea,M Oliver,yellows,home,0,2.305503873150244,0.00033546262790251185,1.8091584129076166,0.00033546262790251185
2025-12-06,2526,44,Everton,Nott'm Forest,C Kavanagh,yellows,home,4,1.989864119423567,0.00033546262790251185,1.8091584129076166,0.00033546262790251185
2025-12-06,2526,44,Leeds,Liverpool,A Taylor,yellows,home,3,1.6174033972951996,0.00033546262790251185,1.8091584129076166,0.00033546262790251185
2025-12-06,2526,44,Man City,Sunderland,A Madley,yellows,home,1,1.2798201394135698,0.00033546262790251185,1.8091584129076166,0.00033546262790251185
2025-12-06,2526,44,Newcastle,Burnley,S Attwell,yellows,home,2,1.4227071335171153,0.00033546262790251185,1.8091584129076166,0.00033546262790251185
2025-12-06,2526,44,Tottenham,Brentford,R Jones,yellows,home,3,1.8539486659416766,0.00033546262790251185,1.8091584129076166,0.00033546262790251185
2025-12-07,2526,44,Brighton,West Ham,S Hooper,yellows,home,2,1.7348235251339046,0.00033546262790251185,1.8091584129076166,0.00033546262790251185
2025-12-07,2526,44,Fulham,Crystal Palace,S Barrott,yellows,home,0,2.0516888800083057,0.00033546262790251185,1.8091584129076166,0.00033546262790251185
2025-12-08,2526,44,Wolves,Man United,M Salisbury,yellows,home,3,1.8077440124295103,0.00033546262790251185,1.8091584129076166,0.00033546262790251185
2025-11-29,2526,44,Brentford,Burnley,S Barrott,yellows,away,2,2.036228666996269,0.00033546262790251185,1.8091584129076166,0.00033546262790251185
2025-11-29,2526,44,Everton,Newcastle,C Pawson,yellows,away,0,1.4791752574002208,0.00033546262790251185,1.8091584129076166,0.00033546262790251185
2025-11-29,2526,44,Man City,Leeds,P Bankes,yellows,away,1,2.221142647887589,0.00033546262790251185,1.8091584129076166,0.00033546262790251185
2025-11-29,2526,44,Sunderland,Bournemouth,T Robinson,yellows,away,5,2.217293670441397,0.00033546262790251185,1.8091584129076166,0.00033546262790251185
2025-11-29,2526,44,Tottenham,Fulham,S Attwell,yellows,away,2,2.1706046718800125,0.00033546262790251185,1.8091584129076166,0.00033546262790251185
2025-11-30,2526,44,Aston Villa,Wolves,C Kavanagh,yellows,away,4,2.60315750526411,0.00033546262790251185,1.8091584129076166,0.00033546262790251185
2025-11-30,2526,44,Chelsea,Arsenal,A Taylor,yellows,away,6,1.8120776397075538,0.00033546262790251185,1.8091584129076166,0.00033546262790251185
2025-11-30,2526,44,Crystal Palace,Man United,R Jones,yellows,away,2,2.126247043922007,0.00033546262790251185,1.8091584129076166,0.00033546262790251185
2025-11-30,2526,44,Nott'm Forest,Brighton,M Oliver,yellows,away,1,2.3025704420213016,0.00033546262790251185,1.8091584129076166,0.00033546262790251185
2025-11-30,2526,44,West Ham,Liverpool,D England,yellows,away,0,1.7268456148275297,0.00033546262790251185,1.8091584129076166,0.00033546262790251185
2025-12-02,2526,44,Bournemouth,Everton,M Salisbury,yellows,away,3,2.2520014259567156,0.00033546262790251185,1.8091584129076166,0.00033546262790251185
2025-12-02,2526,44,Fulham,Man City,C Pawson,yellows,away,1,1.4905963657226091,0.00033546262790251185,1.8091584129076166,0.00033546262790251185
2025-12-02,2526,44,Newcastle,Tottenham,T Bramall,yellows,away,3,2.4206917101710803,0.00033546262790251185,1.8091584129076166,0.00033546262790251185
2025-12-03,2526,44,Arsenal,Brentford,T Harrington,yellows,away,1,2.004639359950948,0.00033546262790251185,1.8091584129076166,0.00033546262790251185
2025-12-03,2526,44,Brighton,Aston Villa,A Madley,yellows,away,2,2.2352250057377763,0.00033546262790251185,1.8091584129076166,0.00033546262790251185
2025-12-03,2526,44,Burnley,Crystal Palace,T Kirk,yellows,away,0,1.8707585740984845,0.00033546262790251185,1.8091584129076166,0.00033546262790251185
2025-12-03,2526,44,Leeds,Chelsea,D England,yellows,away,1,2.210935678835702,0.00033546262790251185,1.8091584129076166,0.00033546262790251185
2025-12-03,2526,44,Liverpool,Sunderland,S Attwell,yellows,away,1,2.0746424740204703,0.00033546262790251185,1.8091584129076166,0.00033546262790251185
2025-12-03,2526,44,Wolves,Nott'm Forest,T Robinson,yellows,away,2,2.144694215626445,0.00033546262790251185,1.8091584129076166,0.00033546262790251185
2025-12-04,2526,44,Man United,West Ham,A Kitchen,yellows,away,2,2.0273750147358904,0.00033546262790251185,1.8091584129076166,0.00033546262790251185
2025-12-06,2526,44,Aston Villa,Arsenal,P Bankes,yellows,away,2,2.047829191974208,0.00033546262790251185,1.8091584129076166,0.00033546262790251185
2025-12-06,2526,44,Bournemouth,Chelsea,M Oliver,yellows,away,2,2.3999106707220923,0.00033546262790251185,1.8091584129076166,0.00033546262790251185
2025-12-06,2526,44,Everton,Nott'm Forest,C Kavanagh,yellows,away,3,1.8295974412370746,0.00033546262790251185,1.8091584129076166,0.00033546262790251185
2025-12-06,2526,44,Leeds,Liverpool,A Taylor,yellows,away,3,1.6314467076122363,0.00033546262790251185,1.8091584129076166,0.00033546262790251185
2025-12-06,2526,44,Man City,Sunderland,A Madley,yellows,away,0,2.16962155986313,0.00033546262790251185,1.8091584129076166,0.00033546262790251185
2025-12-06,2526,44,Newcastle,Burnley,S Attwell,yellows,away,2,2.1696240148871313,0.00033546262790251185,1.8091584129076166,0.00033546262790251185
2025-12-06,2526,44,Tottenham,Brentford,R Jones,yellows,away,4,2.0137186178473487,0.00033546262790251185,1.8091584129076166,0.00033546262790251185
2025-12-07,2526,44,Brighton,West Ham,S Hooper,yellows,away,2,2.3204621224648396,0.00033546262790251185,1.8091584129076166,0.00033546262790251185
2025-12-07,2526,44,Fulham,Crystal Palace,S Barrott,yellows,away,0,1.8924733805551828,0.00033546262790251185,1.8091584129076166,0.00033546262790251185
2025-12-08,2526,44,Wolves,Man United,M Salisbury,yellows,away,2,1.9263015697585861,0.00033546262790251185,1.8091584129076166,0.00033546262790251185
2025-11-29,2526,44,Brentford,Burnley,S Barrott,reds,home,0,0.0529932532379063,0.0,0.058663366336633674,0.0
2025-11-29,2526,44,Everton,Newcastle,C Pawson,reds,home,0,0.06508369710463004,0.0,0.058663366336633674,0.0
2025-11-29,2526,44,Man City,Leeds,P Bankes,reds,home,0,0.05399983576342319,0.0,0.058663366336633674,0.0
2025-11-29,2526,44,Sunderland,Bournemouth,T Robinson,reds,home,0,0.05939757284829347,0.0,0.058663366336633674,0.0
2025-11-29,2526,44,Tottenham,Fulham,S Attwell,reds,home,0,0.057924849673948835,0.0,0.058663366336633674,0.0
2025-11-30,2526,44,Aston Villa,Wolves,C Kavanagh,reds,home,0,0.06195845245076805,0.0,0.058663366336633674,0.0
2025-11-30,2526,44,Chelsea,Arsenal,A Taylor,reds,home,1,0.05979778795477721,0.0,0.058663366336633674,0.0
2025-11-30,2526,44,Crystal Palace,Man United,R Jones,reds,home,0,0.056609406615138136,0.0,0.058663366336633674,0.0
2025-11-30,2526,44,Nott'm Forest,Brighton,M Oliver,reds,home,0,0.05792022716659391,0.0,0.058663366336633674,0.0
2025-11-30,2526,44,West Ham,Liverpool,D England,reds,home,1,0.06068742300483109,0.0,0.058663366336633674,0.0
2025-12-02,2526,44,Bournemouth,Everton,M Salisbury,reds,home,0,0.051120169768718464,0.0,0.058663366336633674,0.0
2025-12-02,2526,44,Fulham,Man City,C Pawson,reds,home,0,0.05781370291210852,0.0,0.058663366336633674,0.0
2025-12-02,2526,44,Newcastle,Tottenham,T Bramall,reds,home,0,0.059675224377664635,0.0,0.058663366336633674,0.0
2025-12-03,2526,44,Arsenal,Brentford,T Harrington,reds,home,0,0.06548412826964113,0.0,0.058663366336633674,0.0
2025-12-03,2526,44,Brighton,Aston Villa,A Madley,reds,home,0,0.06523722371062143,0.0,0.058663366336633674,0.0
2025-12-03,2526,44,Burnley,Crystal Palace,T Kirk,reds,home,0,0.06473904558377931,0.0,0.058663366336633674,0.0
2025-12-03,2526,44,Leeds,Chelsea,D England,reds,home,0,0.061272919356618584,0.0,0.058663366336633674,0.0
2025-12-03,2526,44,Liverpool,Sunderland,S Attwell,reds,home,0,0.05549361603761721,0.0,0.058663366336633674,0.0
2025-12-03,2526,44,Wolves,Nott'm Forest,T Robinson,reds,home,0,0.06482449504468164,0.0,0.058663366336633674,0.0
2025-12-04,2526,44,Man United,West Ham,A Kitchen,reds,home,0,0.05081777653678923,0.0,0.058663366336633674,0.0
2025-12-06,2526,44,Aston Villa,Arsenal,P Bankes,reds,home,0,0.05772493587809168,0.0,0.058663366336633674,0.0
2025-12-06,2526,44,Bournemouth,Chelsea,M Oliver,reds,home,0,0.06007203082812856,0.0,0.058663366336633674,0.0
2025-12-06,2526,44,Everton,Nott'm Forest,C Kavanagh,reds,home,0,0.06363260852394217,0.0,0.058663366336633674,0.0
2025-12-06,2526,44,Leeds,Liverpool,A Taylor,reds,home,0,0.059120862418020705,0.0,0.058663366336633674,0.0
2025-12-06,2526,44,Man City,Sunderland,A Madley,reds,home,0,0.05349560232539117,0.0,0.058663366336633674,0.0
2025-12-06,2526,44,Newcastle,Burnley,S Attwell,reds,home,0,0.05199660488332019,0.0,0.058663366336633674,0.0
2025-12-06,2526,44,Tottenham,Brentford,R Jones,reds,home,0,0.059002663118987976,0.0,0.058663366336633674,0.0
2025-12-07,2526,44,Brighton,West Ham,S Hooper,reds,home,0,0.05555041310917053,0.0,0.058663366336633674,0.0
2025-12-07,2526,44,Fulham,Crystal Palace,S Barrott,reds,home,0,0.06318324207940944,0.0,0.058663366336633674,0.0
2025-12-08,2526,44,Wolves,Man United,M Salisbury,reds,home,0,0.059676235180402354,0.0,0.058663366336633674,0.0
2025-11-29,2526,44,Brentford,Burnley,S Barrott,reds,away,0,0.06170011537652896,0.0,0.058663366336633674,0.0
2025-11-29,2526,44,Everton,Newcastle,C Pawson,reds,away,0,0.04907439558364429,0.0,0.058663366336633674,0.0
2025-11-29,2526,44,Man City,Leeds,P Bankes,reds,away,0,0.057014628866894006,0.0,0.058663366336633674,0.0
2025-11-29,2526,44,Sunderland,Bournemouth,T Robinson,reds,away,1,0.05576402979223675,0.0,0.058663366336633674,0.0
2025-11-29,2526,44,Tottenham,Fulham,S Attwell,reds,away,0,0.0643027404464893,0.0,0.058663366336633674,0.0
2025-11-30,2526,44,Aston Villa,Wolves,C Kavanagh,reds,away,0,0.06643594415760881,0.0,0.058663366336633674,0.0
2025-11-30,2526,44,Chelsea,Arsenal,A Taylor,reds,away,0,0.06757404401017862,0.0,0.058663366336633674,0.0
2025-11-30,2526,44,Crystal Palace,Man United,R Jones,reds,away,0,0.059632009810216796,0.0,0.058663366336633674,0.0
2025-11-30,2526,44,Nott'm Forest,Brighton,M Oliver,reds,away,0,0.06373647455667367,0.0,0.058663366336633674,0.0
2025-11-30,2526,44,West Ham,Liverpool,D England,reds,away,0,0.051754604948292406,0.0,0.058663366336633674,0.0
2025-12-02,2526,44,Bournemouth,Everton,M Salisbury,reds,away,0,0.06124171476387139,0.0,0.058663366336633674,0.0
2025-12-02,2526,44,Fulham,Man City,C Pawson,reds,away,0,0.05480875385618884,0.0,0.058663366336633674,0.0
2025-12-02,2526,44,Newcastle,Tottenham,T Bramall,reds,away,0,0.06188571557217634,0.0,0.058663366336633674,0.0
2025-12-03,2526,44,Arsenal,Brentford,T Harrington,reds,away,0,0.05382007237480439,0.0,0.058663366336633674,0.0
2025-12-03,2526,44,Brighton,Aston Villa,A Madley,reds,away,0,0.061919517608459866,0.0,0.058663366336633674,0.0
2025-12-03,2526,44,Burnley,Crystal Palace,T Kirk,reds,away,0,0.055851993859561175,0.0,0.058663366336633674,0.0
2025-12-03,2526,44,Leeds,Chelsea,D England,reds,away,0,0.061193799262902936,0.0,0.058663366336633674,0.0
2025-12-03,2526,44,Liverpool,Sunderland,S Attwell,reds,away,0,0.05994051890396784,0.0,0.058663366336633674,0.0
2025-12-03,2526,44,Wolves,Nott'm Forest,T Robinson,reds,away,0,0.05788242502875506,0.0,0.058663366336633674,0.0
2025-12-04,2526,44,Man United,West Ham,A Kitchen,reds,away,0,0.05752017716097512,0.0,0.058663366336633674,0.0
2025-12-06,2526,44,Aston Villa,Arsenal,P Bankes,reds,away,0,0.06873567406267356,0.0,0.058663366336633674,0.0
2025-12-06,2526,44,Bournemouth,Chelsea,M Oliver,reds,away,0,0.062448625690003666,0.0,0.058663366336633674,0.0
2025-12-06,2526,44,Everton,Nott'm Forest,C Kavanagh,reds,away,0,0.050172001053554356,0.0,0.058663366336633674,0.0
2025-12-06,2526,44,Leeds,Liverpool,A Taylor,reds,away,0,0.0560100691939841,0.0,0.058663366336633674,0.0
2025-12-06,2526,44,Man City,Sunderland,A Madley,reds,away,1,0.05779826027400341,0.0,0.058663366336633674,0.0
2025-12-06,2526,44,Newcastle,Burnley,S Attwell,reds,away,1,0.06470773113506774,0.0,0.058663366336633674,0.0
2025-12-06,2526,44,Tottenham,Brentford,R Jones,reds,away,0,0.06081224664046884,0.0,0.058663366336633674,0.0
2025-12-07,2526,44,Brighton,West Ham,S Hooper,reds,away,0,0.06179872772854704,0.0,0.058663366336633674,0.0
2025-12-07,2526,44,Fulham,Crystal Palace,S Barrott,reds,away,0,0.05892431708445542,0.0,0.058663366336633674,0.0
2025-12-08,2526,44,Wolves,Man United,M Salisbury,reds,away,0,0.05763077486864228,0.0,0.058663366336633674,0.0
2025-11-29,2526,44,Brentford,Burnley,S Barrott,corners,home,5,6.3854955910267766,0.07862474936183614,5.171287105136924,0.14714115342539552
2025-11-29,2526,44,Everton,Newcastle,C Pawson,corners,home,8,4.735852974072451,0.07862474936183614,5.171287105136924,0.14714115342539552
2025-11-29,2526,44,Man City,Leeds,P Bankes,corners,home,8,5.425187829209696,0.07862474936183614,5.171287105136924,0.14714115342539552
2025-11-29,2526,44,Sunderland,Bournemouth,T Robinson,corners,home,6,4.18180251070219,0.07862474936183614,5.171287105136924,0.14714115342539552
2025-11-29,2526,44,Tottenham,Fulham,S Attwell,corners,home,8,5.823709945900009,0.07862474936183614,5.171287105136924,0.14714115342539552
2025-11-30,2526,44,Aston Villa,Wolves,C Kavanagh,corners,home,7,6.514023672962708,0.07862474936183614,5.171287105136924,0.14714115342539552
2025-11-30,2526,44,Chelsea,Arsenal,A Taylor,corners,home,3,4.388385696528923,0.07862474936183614,5.171287105136924,0.14714115342539552
2025-11-30,2526,44,Crystal Palace,Man United,R Jones,corners,home,4,4.913433515135898,0.07862474936183614,5.171287105136924,0.14714115342539552
2025-11-30,2526,44,Nott'm Forest,Brighton,M Oliver,corners,home,9,4.3911227474646175,0.07862474936183614,5.171287105136924,0.14714115342539552
2025-11-30,2526,44,West Ham,Liverpool,D England,corners,home,7,4.121306396486865,0.07862474936183614,5.171287105136924,0.14714115342539552
2025-12-02,2526,44,Bournemouth,Everton,M Salisbury,corners,home,1,7.013801316315777,0.07862474936183614,5.171287105136924,0.14714115342539552
2025-12-02,2526,44,Fulham,Man City,C Pawson,corners,home,7,4.338431212649087,0.07862474936183614,5.171287105136924,0.14714115342539552
2025-12-02,2526,44,Newcastle,Tottenham,T Bramall,corners,home,11,6.308152913468431,0.07862474936183614,5.171287105136924,0.14714115342539552
2025-12-03,2526,44,Arsenal,Brentford,T Harrington,corners,home,4,7.183872557086339,0.07862474936183614,5.171287105136924,0.14714115342539552
2025-12-03,2526,44,Brighton,Aston Villa,A Madley,corners,home,5,5.385384382347712,0.07862474936183614,5.171287105136924,0.14714115342539552
2025-12-03,2526,44,Burnley,Crystal Palace,T Kirk,corners,home,3,4.395487064922984,0.07862474936183614,5.171287105136924,0.14714115342539552
2025-12-03,2526,44,Leeds,Chelsea,D England,corners,home,4,4.0483306442677796,0.07862474936183614,5.171287105136924,0.14714115342539552
2025-12-03,2526,44,Liverpool,Sunderland,S Attwell,corners,home,7,6.266422924804457,0.07862474936183614,5.171287105136924,0.14714115342539552
2025-12-03,2526,44,Wolves,Nott'm Forest,T Robinson,corners,home,3,5.01020102466774,0.07862474936183614,5.171287105136924,0.14714115342539552
2025-12-04,2526,44,Man United,West Ham,A Kitchen,corners,home,6,6.184586915235538,0.07862474936183614,5.171287105136924,0.14714115342539552
2025-12-06,2526,44,Aston Villa,Arsenal,P Bankes,corners,home,3,4.1287198824051785,0.07862474936183614,5.171287105136924,0.14714115342539552
2025-12-06,2526,44,Bournemouth,Chelsea,M Oliver,corners,home,5,5.18487406105371,0.07862474936183614,5.171287105136924,0.14714115342539552
2025-12-06,2526,44,Everton,Nott'm Forest,C Kavanagh,corners,home,6,5.354234674398865,0.07862474936183614,5.171287105136924,0.14714115342539552
2025-12-06,2526,44,Leeds,Liverpool,A Taylor,corners,home,5,4.025983851858995,0.07862474936183614,5.171287105136924,0.14714115342539552
2025-12-06,2526,44,Man City,Sunderland,A Madley,corners,home,6,6.441079209666036,0.07862474936183614,5.171287105136924,0.14714115342539552
2025-12-06,2526,44,Newcastle,Burnley,S Attwell,corners,home,9,7.124292819353603,0.07862474936183614,5.171287105136924,0.14714115342539552
2025-12-06,2526,44,Tottenham,Brentford,R Jones,corners,home,7,6.622607756335425,0.07862474936183614,5.171287105136924,0.14714115342539552
2025-12-07,2526,44,Brighton,West Ham,S Hooper,corners,home,10,6.322504021642347,0.07862474936183614,5.171287105136924,0.14714115342539552
2025-12-07,2526,44,Fulham,Crystal Palace,S Barrott,corners,home,6,5.985272426875729,0.07862474936183614,5.171287105136924,0.14714115342539552
2025-12-08,2526,44,Wolves,Man United,M Salisbury,corners,home,1,4.468266282911087,0.07862474936183614,5.171287105136924,0.14714115342539552
2025-11-29,2526,44,Brentford,Burnley,S Barrott,corners,away,6,3.8694493163696353,0.07862474936183614,5.171287105136924,0.14714115342539552
2025-11-29,2526,44,Everton,Newcastle,C Pawson,corners,away,7,5.769955434482832,0.07862474936183614,5.171287105136924,0.14714115342539552
2025-11-29,2526,44,Man City,Leeds,P Bankes,corners,away,1,3.1536489556531686,0.07862474936183614,5.171287105136924,0.14714115342539552
2025-11-29,2526,44,Sunderland,Bournemouth,T Robinson,corners,away,3,5.07836749028073,0.07862474936183614,5.171287105136924,0.14714115342539552
2025-11-29,2526,44,Tottenham,Fulham,S Attwell,corners,away,2,5.19084344552825,0.07862474936183614,5.171287105136924,0.14714115342539552
2025-11-30,2526,44,Aston Villa,Wolves,C Kavanagh,corners,away,3,3.611226268379553,0.07862474936183614,5.171287105136924,0.14714115342539552
2025-11-30,2526,44,Chelsea,Arsenal,A Taylor,corners,away,3,4.737873179216144,0.07862474936183614,5.171287105136924,0.14714115342539552
2025-11-30,2526,44,Crystal Palace,Man United,R Jones,corners,away,4,4.899279281001878,0.07862474936183614,5.171287105136924,0.14714115342539552
2025-11-30,2526,44,Nott'm Forest,Brighton,M Oliver,corners,away,2,5.42287069769262,0.07862474936183614,5.171287105136924,0.14714115342539552
2025-11-30,2526,44,West Ham,Liverpool,D England,corners,away,2,6.449111318121919,0.07862474936183614,5.171287105136924,0.14714115342539552
2025-12-02,2526,44,Bournemouth,Everton,M Salisbury,corners,away,6,3.897055257149312,0.07862474936183614,5.171287105136924,0.14714115342539552
2025-12-02,2526,44,Fulham,Man City,C Pawson,corners,away,2,5.426061705151809,0.07862474936183614,5.171287105136924,0.14714115342539552
2025-12-02,2526,44,Newcastle,Tottenham,T Bramall,corners,away,8,5.301191930117636,0.07862474936183614,5.171287105136924,0.14714115342539552
2025-12-03,2526,44,Arsenal,Brentford,T Harrington,corners,away,8,3.200396579972604,0.07862474936183614,5.171287105136924,0.14714115342539552
2025-12-03,2526,44,Brighton,Aston Villa,A Madley,corners,away,6,4.614809869319519,0.07862474936183614,5.171287105136924,0.14714115342539552
2025-12-03,2526,44,Burnley,Crystal Palace,T Kirk,corners,away,4,4.955417802476561,0.07862474936183614,5.171287105136924,0.14714115342539552
2025-12-03,2526,44,Leeds,Chelsea,D England,corners,away,2,4.435789417586268,0.07862474936183614,5.171287105136924,0.14714115342539552
2025-12-03,2526,44,Liverpool,Sunderland,S Attwell,corners,away,3,3.05529914533001,0.07862474936183614,5.171287105136924,0.14714115342539552
2025-12-03,2526,44,Wolves,Nott'm Forest,T Robinson,corners,away,9,4.614994387739953,0.07862474936183614,5.171287105136924,0.14714115342539552
2025-12-04,2526,44,Man United,West Ham,A Kitchen,corners,away,6,4.301190015960611,0.07862474936183614,5.171287105136924,0.14714115342539552
2025-12-06,2526,44,Aston Villa,Arsenal,P Bankes,corners,away,3,5.412249356050603,0.07862474936183614,5.171287105136924,0.14714115342539552
2025-12-06,2526,44,Bournemouth,Chelsea,M Oliver,corners,away,0,5.272084262609369,0.07862474936183614,5.171287105136924,0.14714115342539552
2025-12-06,2526,44,Everton,Nott'm Forest,C Kavanagh,corners,away,3,4.80637931139918,0.07862474936183614,5.171287105136924,0.14714115342539552
2025-12-06,2526,44,Leeds,Liverpool,A Taylor,corners,away,4,4.6180893287929115,0.07862474936183614,5.171287105136924,0.14714115342539552
2025-12-06,2526,44,Man City,Sunderland,A Madley,corners,away,5,2.848560585058731,0.07862474936183614,5.171287105136924,0.14714115342539552
2025-12-06,2526,44,Newcastle,Burnley,S Attwell,corners,away,9,3.637716660596187,0.07862474936183614,5.171287105136924,0.14714115342539552
2025-12-06,2526,44,Tottenham,Brentford,R Jones,corners,away,6,4.881422048069564,0.07862474936183614,5.171287105136924,0.14714115342539552
2025-12-07,2526,44,Brighton,West Ham,S Hooper,corners,away,6,3.7732743858705575,0.07862474936183614,5.171287105136924,0.14714115342539552
2025-12-07,2526,44,Fulham,Crystal Palace,S Barrott,corners,away,4,3.9437813930262946,0.07862474936183614,5.171287105136924,0.14714115342539552
2025-12-08,2526,44,Wolves,Man United,M Salisbury,corners,away,9,5.0872378447184845,0.07862474936183614,5.171287105136924,0.14714115342539552
2025-11-29,2526,44,Brentford,Burnley,S Barrott,fouls,home,7,8.89829083299199,0.00033546262790251185,10.781683260939769,0.013776452187550865
2025-11-29,2526,44,Everton,Newcastle,C Pawson,fouls,home,4,11.513511144511888,0.00033546262790251185,10.781683260939769,0.013776452187550865
2025-11-29,2526,44,Man City,Leeds,P Bankes,fouls,home,17,8.99198134586794,0.00033546262790251185,10.781683260939769,0.013776452187550865
2025-11-29,2526,44,Sunderland,Bournemouth,T Robinson,fouls,home,14,9.8902624790935,0.00033546262790251185,10.781683260939769,0.013776452187550865
2025-11-29,2526,44,Tottenham,Fulham,S Attwell,fouls,home,11,10.388628831909559,0.00033546262790251185,10.781683260939769,0.013776452187550865
2025-11-30,2526,44,Aston Villa,Wolves,C Kavanagh,fouls,home,13,10.146975312389538,0.00033546262790251185,10.781683260939769,0.013776452187550865
2025-11-30,2526,44,Chelsea,Arsenal,A Taylor,fouls,home,12,10.505371331644248,0.00033546262790251185,10.781683260939769,0.013776452187550865
2025-11-30,2526,44,Crystal Palace,Man United,R Jones,fouls,home,14,10.353082602274364,0.00033546262790251185,10.781683260939769,0.013776452187550865
2025-11-30,2526,44,Nott'm Forest,Brighton,M Oliver,fouls,home,11,10.714044503817728,0.00033546262790251185,10.781683260939769,0.013776452187550865
2025-11-30,2526,44,West Ham,Liverpool,D England,fouls,home,12,10.033282312031956,0.00033546262790251185,10.781683260939769,0.013776452187550865
2025-12-02,2526,44,Bournemouth,Everton,M Salisbury,fouls,home,14,12.433890610031067,0.00033546262790251185,10.781683260939769,0.013776452187550865
2025-12-02,2526,44,Fulham,Man City,C Pawson,fouls,home,9,11.133710790751476,0.00033546262790251185,10.781683260939769,0.013776452187550865
2025-12-02,2526,44,Newcastle,Tottenham,T Bramall,fouls,home,5,10.845672345965458,0.00033546262790251185,10.781683260939769,0.013776452187550865
2025-12-03,2526,44,Arsenal,Brentford,T Harrington,fouls,home,7,9.385259364437424,0.00033546262790251185,10.781683260939769,0.013776452187550865
2025-12-03,2526,44,Brighton,Aston Villa,A Madley,fouls,home,10,13.704882333450245,0.00033546262790251185,10.781683260939769,0.013776452187550865
2025-12-03,2526,44,Burnley,Crystal Palace,T Kirk,fouls,home,9,10.445049962999782,0.00033546262790251185,10.781683260939769,0.013776452187550865
2025-12-03,2526,44,Leeds,Chelsea,D England,fouls,home,10,11.745993412252734,0.00033546262790251185,10.781683260939769,0.013776452187550865
2025-12-03,2526,44,Liverpool,Sunderland,S Attwell,fouls,home,10,10.310284479569667,0.00033546262790251185,10.781683260939769,0.013776452187550865
2025-12-03,2526,44,Wolves,Nott'm Forest,T Robinson,fouls,home,19,12.144166534444963,0.00033546262790251185,10.781683260939769,0.013776452187550865
2025-12-04,2526,44,Man United,West Ham,A Kitchen,fouls,home,13,10.18584963881161,0.00033546262790251185,10.781683260939769,0.013776452187550865
2025-12-06,2526,44,Aston Villa,Arsenal,P Bankes,fouls,home,10,10.354246074513089,0.00033546262790251185,10.781683260939769,0.013776452187550865
2025-12-06,2526,44,Bournemouth,Chelsea,M Oliver,fouls,home,15,13.776179713845417,0.00033546262790251185,10.781683260939769,0.013776452187550865
2025-12-06,2526,44,Everton,Nott'm Forest,C Kavanagh,fouls,home,17,10.807594628911257,0.00033546262790251185,10.781683260939769,0.013776452187550865
2025-12-06,2526,44,Leeds,Liverpool,A Taylor,fouls,home,14,9.549442280455464,0.00033546262790251185,10.781683260939769,0.013776452187550865
2025-12-06,2526,44,Man City,Sunderland,A Madley,fouls,home,9,8.785978926440203,0.00033546262790251185,10.781683260939769,0.013776452187550865
2025-12-06,2526,44,Newcastle,Burnley,S Attwell,fouls,home,9,9.641916354849661,0.00033546262790251185,10.781683260939769,0.013776452187550865
2025-12-06,2526,44,Tottenham,Brentford,R Jones,fouls,home,8,10.456002105867977,0.00033546262790251185,10.781683260939769,0.013776452187550865
2025-12-07,2526,44,Brighton,West Ham,S Hooper,fouls,home,12,10.529545415307382,0.00033546262790251185,10.781683260939769,0.013776452187550865
2025-12-07,2526,44,Fulham,Crystal Palace,S Barrott,fouls,home,5,11.102135068095366,0.00033546262790251185,10.781683260939769,0.013776452187550865
2025-12-08,2526,44,Wolves,Man United,M Salisbury,fouls,home,17,11.70874546902342,0.00033546262790251185,10.781683260939769,0.013776452187550865
2025-11-29,2526,44,Brentford,Burnley,S Barrott,fouls,away,7,9.900928935780199,0.00033546262790251185,10.781683260939769,0.013776452187550865
2025-11-29,2526,44,Everton,Newcastle,C Pawson,fouls,away,6,11.190439909116561,0.00033546262790251185,10.781683260939769,0.013776452187550865
2025-11-29,2526,44,Man City,Leeds,P Bankes,fouls,away,11,11.061043225516533,0.00033546262790251185,10.781683260939769,0.013776452187550865
2025-11-29,2526,44,Sunderland,Bournemouth,T Robinson,fouls,away,13,12.776644379985058,0.00033546262790251185,10.781683260939769,0.013776452187550865
2025-11-29,2526,44,Tottenham,Fulham,S Attwell,fouls,away,7,12.182158890696654,0.00033546262790251185,10.781683260939769,0.013776452187550865
2025-11-30,2526,44,Aston Villa,Wolves,C Kavanagh,fouls,away,21,14.955857656792935,0.00033546262790251185,10.781683260939769,0.013776452187550865
2025-11-30,2526,44,Chelsea,Arsenal,A Taylor,fouls,away,13,11.151709720893793,0.00033546262790251185,10.781683260939769,0.013776452187550865
2025-11-30,2526,44,Crystal Palace,Man United,R Jones,fouls,away,14,10.953760424590726,0.00033546262790251185,10.781683260939769,0.013776452187550865
2025-11-30,2526,44,Nott'm Forest,Brighton,M Oliver,fouls,away,10,12.127022783220667,0.00033546262790251185,10.781683260939769,0.013776452187550865
2025-11-30,2526,44,West Ham,Liverpool,D England,fouls,away,14,10.882717214394578,0.00033546262790251185,10.781683260939769,0.013776452187550865
2025-12-02,2526,44,Bournemouth,Everton,M Salisbury,fouls,away,14,11.185841860401863,0.00033546262790251185,10.781683260939769,0.013776452187550865
2025-12-02,2526,44,Fulham,Man City,C Pawson,fouls,away,7,8.734340719916002,0.00033546262790251185,10.781683260939769,0.013776452187550865
2025-12-02,2526,44,Newcastle,Tottenham,T Bramall,fouls,away,12,12.094964683453183,0.00033546262790251185,10.781683260939769,0.013776452187550865
2025-12-03,2526,44,Arsenal,Brentford,T Harrington,fouls,away,9,10.156331687331521,0.00033546262790251185,10.781683260939769,0.013776452187550865
2025-12-03,2526,44,Brighton,Aston Villa,A Madley,fouls,away,9,11.217317689542169,0.00033546262790251185,10.781683260939769,0.013776452187550865
2025-12-03,2526,44,Burnley,Crystal Palace,T Kirk,fouls,away,8,10.495927813420737,0.00033546262790251185,10.781683260939769,0.013776452187550865
2025-12-03,2526,44,Leeds,Chelsea,D England,fouls,away,13,12.144836118654526,0.00033546262790251185,10.781683260939769,0.013776452187550865
2025-12-03,2526,44,Liverpool,Sunderland,S Attwell,fouls,away,5,9.868607908341264,0.00033546262790251185,10.781683260939769,0.013776452187550865
2025-12-03,2526,44,Wolves,Nott'm Forest,T Robinson,fouls,away,11,10.910170206749049,0.00033546262790251185,10.781683260939769,0.013776452187550865
2025-12-04,2526,44,Man United,West Ham,A Kitchen,fouls,away,9,11.093762036806986,0.00033546262790251185,10.781683260939769,0.013776452187550865
2025-12-06,2526,44,Aston Villa,Arsenal,P Bankes,fouls,away,8,12.89542728787553,0.00033546262790251185,10.781683260939769,0.013776452187550865
2025-12-06,2526,44,Bournemouth,Chelsea,M Oliver,fouls,away,13,11.567706775170672,0.00033546262790251185,10.781683260939769,0.013776452187550865
2025-12-06,2526,44,Everton,Nott'm Forest,C Kavanagh,fouls,away,15,10.818049472291852,0.00033546262790251185,10.781683260939769,0.013776452187550865
2025-12-06,2526,44,Leeds,Liverpool,A Taylor,fouls,away,14,11.08490428630862,0.00033546262790251185,10.781683260939769,0.013776452187550865
2025-12-06,2526,44,Man City,Sunderland,A Madley,fouls,away,10,10.841604022435128,0.00033546262790251185,10.781683260939769,0.013776452187550865
2025-12-06,2526,44,Newcastle,Burnley,S Attwell,fouls,away,11,11.245598395397494,0.00033546262790251185,10.781683260939769,0.013776452187550865
2025-12-06,2526,44,Tottenham,Brentford,R Jones,fouls,away,9,10.88538751222251,0.00033546262790251185,10.781683260939769,0.013776452187550865
2025-12-07,2526,44,Brighton,West Ham,S Hooper,fouls,away,8,11.0142899746312,0.00033546262790251185,10.781683260939769,0.013776452187550865
2025-12-07,2526,44,Fulham,Crystal Palace,S Barrott,fouls,away,8,10.4715295558606,0.00033546262790251185,10.781683260939769,0.013776452187550865
2025-12-08,2526,44,Wolves,Man United,M Salisbury,fouls,away,12,10.865556553038157,0.00033546262790251185,10.781683260939769,0.013776452187550865
2025-12-13,2526,45,Arsenal,Wolves,R Jones,yellows,home,0,1.429912816750903,0.00033546262790251185,1.80829268302372,0.00033546262790251185
2025-12-13,2526,45,Burnley,Fulham,M Oliver,yellows,home,1,1.2677835454318103,0.00033546262790251185,1.80829268302372,0.00033546262790251185
2025-12-13,2526,45,Chelsea,Everton,T Bramall,yellows,home,1,1.6622228976631126,0.00033546262790251185,1.80829268302372,0.00033546262790251185
2025-12-13,2526,45,Liverpool,Brighton,C Pawson,yellows,home,1,1.660432916370805,0.00033546262790251185,1.80829268302372,0.00033546262790251185
2025-12-14,2526,45,Brentford,Leeds,J Brooks,yellows,home,0,1.6775504944081698,0.00033546262790251185,1.80829268302372,0.00033546262790251185
2025-12-14,2526,45,Crystal Palace,Man City,D England,yellows,home,2,1.6975801386572569,0.00033546262790251185,1.80829268302372,0.00033546262790251185
2025-12-14,2526,45,Nott'm Forest,Tottenham,S Barrott,yellows,home,1,1.8649613653408836,0.00033546262790251185,1.80829268302372,0.00033546262790251185
2025-12-14,2526,45,Sunderland,Newcastle,P Bankes,yellows,home,5,1.8887727150601747,0.00033546262790251185,1.80829268302372,0.00033546262790251185
2025-12-14,2526,45,West Ham,Aston Villa,A Taylor,yellows,home,1,1.969881022185769,0.00033546262790251185,1.80829268302372,0.00033546262790251185
2025-12-15,2526,45,Man United,Bournemouth,S Hooper,yellows,home,2,1.9308645165276892,0.00033546262790251185,1.80829268302372,0.00033546262790251185
2025-12-13,2526,45,Arsenal,Wolves,R Jones,yellows,away,4,2.0882131183375607,0.00033546262790251185,1.80829268302372,0.00033546262790251185
2025-12-13,2526,45,Burnley,Fulham,M Oliver,yellows,away,2,1.6942903133079616,0.00033546262790251185,1.80829268302372,0.00033546262790251185
2025-12-13,2526,45,Chelsea,Everton,T Bramall,yellows,away,0,2.5504216389661,0.00033546262790251185,1.80829268302372,0.00033546262790251185
2025-12-13,2526,45,Liverpool,Brighton,C Pawson,yellows,away,2,2.0922234184589765,0.00033546262790251185,1.80829268302372,0.00033546262790251185
2025-12-14,2526,45,Brentford,Leeds,J Brooks,yellows,away,0,2.1350045375404196,0.00033546262790251185,1.80829268302372,0.00033546262790251185
2025-12-14,2526,45,Crystal Palace,Man City,D England,yellows,away,0,1.8590962827116153,0.00033546262790251185,1.80829268302372,0.00033546262790251185
2025-12-14,2526,45,Nott'm Forest,Tottenham,S Barrott,yellows,away,3,2.5440812297568574,0.00033546262790251185,1.80829268302372,0.00033546262790251185
2025-12-14,2526,45,Sunderland,Newcastle,P Bankes,yellows,away,4,1.620179570063316,0.00033546262790251185,1.80829268302372,0.00033546262790251185
2025-12-14,2526,45,West Ham,Aston Villa,A Taylor,yellows,away,2,1.653795117307835,0.00033546262790251185,1.80829268302372,0.00033546262790251185
2025-12-15,2526,45,Man United,Bournemouth,S Hooper,yellows,away,3,2.8137491301367157,0.00033546262790251185,1.80829268302372,0.00033546262790251185
2025-12-13,2526,45,Arsenal,Wolves,R Jones,reds,home,0,0.06621847902692095,0.0,0.05902439024390242,0.0
2025-12-13,2526,45,Burnley,Fulham,M Oliver,reds,home,0,0.061658785391850275,0.0,0.05902439024390242,0.0
2025-12-13,2526,45,Chelsea,Everton,T Bramall,reds,home,0,0.05648880286072679,0.0,0.05902439024390242,0.0
2025-12-13,2526,45,Liverpool,Brighton,C Pawson,reds,home,0,0.058586896277494034,0.0,0.05902439024390242,0.0
2025-12-14,2526,45,Brentford,Leeds,J Brooks,reds,home,0,0.05502578496667214,0.0,0.05902439024390242,0.0
2025-12-14,2526,45,Crystal Palace,Man City,D England,reds,home,0,0.05855174379277369,0.0,0.05902439024390242,0.0
2025-12-14,2526,45,Nott'm Forest,Tottenham,S Barrott,reds,home,0,0.06085325986160174,0.0,0.05902439024390242,0.0
2025-12-14,2526,45,Sunderland,Newcastle,P Bankes,reds,home,0,0.0655996302800981,0.0,0.05902439024390242,0.0
2025-12-14,2526,45,West Ham,Aston Villa,A Taylor,reds,home,0,0.06503967784534068,0.0,0.05902439024390242,0.0
2025-12-15,2526,45,Man United,Bournemouth,S Hooper,reds,home,0,0.05595176877799778,0.0,0.05902439024390242,0.0
2025-12-13,2526,45,Arsenal,Wolves,R Jones,reds,away,0,0.060712721454119635,0.0,0.05902439024390242,0.0
2025-12-13,2526,45,Burnley,Fulham,M Oliver,reds,away,0,0.055986915997565806,0.0,0.05902439024390242,0.0
2025-12-13,2526,45,Chelsea,Everton,T Bramall,reds,away,0,0.06392705285807135,0.0,0.05902439024390242,0.0
2025-12-13,2526,45,Liverpool,Brighton,C Pawson,reds,away,0,0.06281538445416603,0.0,0.05902439024390242,0.0
2025-12-14,2526,45,Brentford,Leeds,J Brooks,reds,away,0,0.059294510761656934,0.0,0.05902439024390242,0.0
2025-12-14,2526,45,Crystal Palace,Man City,D England,reds,away,0,0.05847502856074267,0.0,0.05902439024390242,0.0
2025-12-14,2526,45,Nott'm Forest,Tottenham,S Barrott,reds,away,0,0.06032342182610968,0.0,0.05902439024390242,0.0
2025-12-14,2526,45,Sunderland,Newcastle,P Bankes,reds,away,0,0.054722039257329776,0.0,0.05902439024390242,0.0
2025-12-14,2526,45,West Ham,Aston Villa,A Taylor,reds,away,0,0.05457352542779341,0.0,0.05902439024390242,0.0
2025-12-15,2526,45,Man United,Bournemouth,S Hooper,reds,away,0,0.0558403849592434,0.0,0.05902439024390242,0.0
2025-12-13,2526,45,Arsenal,Wolves,R Jones,corners,home,8,7.330147472669778,0.07748603092772813,5.1712194884237475,0.14583292853696203
2025-12-13,2526,45,Burnley,Fulham,M Oliver,corners,home,10,4.249435350232329,0.07748603092772813,5.1712194884237475,0.14583292853696203
2025-12-13,2526,45,Chelsea,Everton,T Bramall,corners,home,4,6.649591621940241,0.07748603092772813,5.1712194884237475,0.14583292853696203
2025-12-13,2526,45,Liverpool,Brighton,C Pawson,corners,home,2,6.062585317232117,0.07748603092772813,5.1712194884237475,0.14583292853696203
2025-12-14,2526,45,Brentford,Leeds,J Brooks,corners,home,0,4.450304868081892,0.07748603092772813,5.1712194884237475,0.14583292853696203
2025-12-14,2526,45,Crystal Palace,Man City,D England,corners,home,2,3.678942113794647,0.07748603092772813,5.1712194884237475,0.14583292853696203
2025-12-14,2526,45,Nott'm Forest,Tottenham,S Barrott,corners,home,3,5.529556521434184,0.07748603092772813,5.1712194884237475,0.14583292853696203
2025-12-14,2526,45,Sunderland,Newcastle,P Bankes,corners,home,3,4.850425258821341,0.07748603092772813,5.1712194884237475,0.14583292853696203
2025-12-14,2526,45,West Ham,Aston Villa,A Taylor,corners,home,5,4.772743990552736,0.07748603092772813,5.1712194884237475,0.14583292853696203
2025-12-15,2526,45,Man United,Bournemouth,S Hooper,corners,home,5,5.3293030832474555,0.07748603092772813,5.1712194884237475,0.14583292853696203
2025-12-13,2526,45,Arsenal,Wolves,R Jones,corners,away,0,2.5842317672421027,0.07748603092772813,5.1712194884237475,0.14583292853696203
2025-12-13,2526,45,Burnley,Fulham,M Oliver,corners,away,4,5.799869733416661,0.07748603092772813,5.1712194884237475,0.14583292853696203
2025-12-13,2526,45,Chelsea,Everton,T Bramall,corners,away,7,3.382879862922386,0.07748603092772813,5.1712194884237475,0.14583292853696203
2025-12-13,2526,45,Liverpool,Brighton,C Pawson,corners,away,2,4.033321351492308,0.07748603092772813,5.1712194884237475,0.14583292853696203
2025-12-14,2526,45,Brentford,Leeds,J Brooks,corners,away,3,4.374608814055836,0.07748603092772813,5.1712194884237475,0.14583292853696203
2025-12-14,2526,45,Crystal Palace,Man City,D England,corners,away,2,5.792431904293149,0.07748603092772813,5.1712194884237475,0.14583292853696203
2025-12-14,2526,45,Nott'm Forest,Tottenham,S Barrott,corners,away,3,5.963869209004576,0.07748603092772813,5.1712194884237475,0.14583292853696203
2025-12-14,2526,45,Sunderland,Newcastle,P Bankes,corners,away,6,4.91486083414128,0.07748603092772813,5.1712194884237475,0.14583292853696203
2025-12-14,2526,45,West Ham,Aston Villa,A Taylor,corners,away,3,5.694093168462831,0.07748603092772813,5.1712194884237475,0.14583292853696203
2025-12-15,2526,45,Man United,Bournemouth,S Hooper,corners,away,4,5.119700050625423,0.07748603092772813,5.1712194884237475,0.14583292853696203
2025-12-13,2526,45,Arsenal,Wolves,R Jones,fouls,home,7,10.292225640542627,0.00033546262790251185,10.784390241304937,0.013764187461891897
2025-12-13,2526,45,Burnley,Fulham,M Oliver,fouls,home,8,9.80055508692263,0.00033546262790251185,10.784390241304937,0.013764187461891897
2025-12-13,2526,45,Chelsea,Everton,T Bramall,fouls,home,13,10.601242242441078,0.00033546262790251185,10.784390241304937,0.013764187461891897
2025-12-13,2526,45,Liverpool,Brighton,C Pawson,fouls,home,8,10.642891049247726,0.00033546262790251185,10.784390241304937,0.013764187461891897
2025-12-14,2526,45,Brentford,Leeds,J Brooks,fouls,home,8,10.669290548317186,0.00033546262790251185,10.784390241304937,0.013764187461891897
2025-12-14,2526,45,Crystal Palace,Man City,D England,fouls,home,9,10.553689084502471,0.00033546262790251185,10.784390241304937,0.013764187461891897
2025-12-14,2526,45,Nott'm Forest,Tottenham,S Barrott,fouls,home,9,10.52337643029629,0.00033546262790251185,10.784390241304937,0.013764187461891897
2025-12-14,2526,45,Sunderland,Newcastle,P Bankes,fouls,home,10,10.664940767142111,0.00033546262790251185,10.784390241304937,0.013764187461891897
2025-12-14,2526,45,West Ham,Aston Villa,A Taylor,fouls,home,18,12.095570277785571,0.00033546262790251185,10.784390241304937,0.013764187461891897
2025-12-15,2526,45,Man United,Bournemouth,S Hooper,fouls,home,15,10.207741833488331,0.00033546262790251185,10.784390241304937,0.013764187461891897
2025-12-13,2526,45,Arsenal,Wolves,R Jones,fouls,away,15,13.149609287279777,0.00033546262790251185,10.784390241304937,0.013764187461891897
2025-12-13,2526,45,Burnley,Fulham,M Oliver,fouls,away,8,10.674357631637351,0.00033546262790251185,10.784390241304937,0.013764187461891897
2025-12-13,2526,45,Chelsea,Everton,T Bramall,fouls,away,11,11.809305631514173,0.00033546262790251185,10.784390241304937,0.013764187461891897
2025-12-13,2526,45,Liverpool,Brighton,C Pawson,fouls,away,15,10.781476150861355,0.00033546262790251185,10.784390241304937,0.013764187461891897
2025-12-14,2526,45,Brentford,Leeds,J Brooks,fouls,away,9,10.520844384979153,0.00033546262790251185,10.784390241304937,0.013764187461891897
2025-12-14,2526,45,Crystal Palace,Man City,D England,fouls,away,6,9.309017278676201,0.00033546262790251185,10.784390241304937,0.013764187461891897
2025-12-14,2526,45,Nott'm Forest,Tottenham,S Barrott,fouls,away,13,11.678848461878083,0.00033546262790251185,10.784390241304937,0.013764187461891897
2025-12-14,2526,45,Sunderland,Newcastle,P Bankes,fouls,away,10,10.75903639757554,0.00033546262790251185,10.784390241304937,0.013764187461891897
2025-12-14,2526,45,West Ham,Aston Villa,A Taylor,fouls,away,13,10.167356446208537,0.00033546262790251185,10.784390241304937,0.013764187461891897
2025-12-15,2526,45,Man United,Bournemouth,S Hooper,fouls,away,12,12.497143789328181,0.00033546262790251185,10.784390241304937,0.013764187461891897
2025-12-20,2526,46,Bournemouth,Burnley,C Kavanagh,yellows,home,1,1.8988443124731569,0.00033546262790251185,1.8077669858682126,0.00033546262790251185
2025-12-20,2526,46,Brighton,Sunderland,D England,yellows,home,2,1.8242379421024306,0.00033546262790251185,1.8077669858682126,0.00033546262790251185
2025-12-20,2526,46,Everton,Arsenal,S Barrott,yellows,home,2,1.8382186117318378,0.00033546262790251185,1.8077669858682126,0.00033546262790251185
2025-12-20,2526,46,Leeds,Crystal Palace,T Bramall,yellows,home,1,1.6154622786480148,0.00033546262790251185,1.8077669858682126,0.00033546262790251185
2025-12-20,2526,46,Man City,West Ham,P Tierney,yellows,home,1,1.2614417756526581,0.00033546262790251185,1.8077669858682126,0.00033546262790251185
2025-12-20,2526,46,Newcastle,Chelsea,A Madley,yellows,home,3,1.652629054417177,0.00033546262790251185,1.8077669858682126,0.00033546262790251185
2025-12-20,2526,46,Tottenham,Liverpool,J Brooks,yellows,home,3,1.9097075981265417,0.00033546262790251185,1.8077669858682126,0.00033546262790251185
2025-12-20,2526,46,Wolves,Brentford,M Donohue,yellows,home,2,1.8506458566491244,0.00033546262790251185,1.8077669858682126,0.00033546262790251185
2025-12-21,2526,46,Aston Villa,Man United,M Oliver,yellows,home,1,1.6803504838452346,0.00033546262790251185,1.8077669858682126,0.00033546262790251185
2025-12-22,2526,46,Fulham,Nott'm Forest,A Taylor,yellows,home,5,1.7838389902928777,0.00033546262790251185,1.8077669858682126,0.00033546262790251185
2025-12-20,2526,46,Bournemouth,Burnley,C Kavanagh,yellows,away,1,2.033506406515082,0.00033546262790251185,1.8077669858682126,0.00033546262790251185
2025-12-20,2526,46,Brighton,Sunderland,D England,yellows,away,2,2.3567414910153235,0.00033546262790251185,1.8077669858682126,0.00033546262790251185
2025-12-20,2526,46,Everton,Arsenal,S Barrott,yellows,away,2,1.5335593782941206,0.00033546262790251185,1.8077669858682126,0.00033546262790251185
2025-12-20,2526,46,Leeds,Crystal Palace,T Bramall,yellows,away,3,1.7708564755915097,0.00033546262790251185,1.8077669858682126,0.00033546262790251185
2025-12-20,2526,46,Man City,West Ham,P Tierney,yellows,away,1,1.9966255809426254,0.00033546262790251185,1.8077669858682126,0.00033546262790251185
2025-12-20,2526,46,Newcastle,Chelsea,A Madley,yellows,away,6,2.5670188326433516,0.00033546262790251185,1.8077669858682126,0.00033546262790251185
2025-12-20,2526,46,Tottenham,Liverpool,J Brooks,yellows,away,3,1.9290608162675627,0.00033546262790251185,1.8077669858682126,0.00033546262790251185
2025-12-20,2526,46,Wolves,Brentford,M Donohue,yellows,away,4,1.9332238409601283,0.00033546262790251185,1.8077669858682126,0.00033546262790251185
2025-12-21,2526,46,Aston Villa,Man United,M Oliver,yellows,away,2,2.34655452534251,0.00033546262790251185,1.8077669858682126,0.00033546262790251185
2025-12-22,2526,46,Fulham,Nott'm Forest,A Taylor,yellows,away,4,1.7781497232186128,0.00033546262790251185,1.8077669858682126,0.00033546262790251185
2025-12-20,2526,46,Bournemouth,Burnley,C Kavanagh,reds,home,0,0.05484956003384355,0.0,0.05873786407766989,0.0
2025-12-20,2526,46,Brighton,Sunderland,D England,reds,home,0,0.06045916582394449,0.0,0.05873786407766989,0.0
2025-12-20,2526,46,Everton,Arsenal,S Barrott,reds,home,0,0.05925802566771058,0.0,0.05873786407766989,0.0
2025-12-20,2526,46,Leeds,Crystal Palace,T Bramall,reds,home,0,0.0618913807979588,0.0,0.05873786407766989,0.0
2025-12-20,2526,46,Man City,West Ham,P Tierney,reds,home,0,0.049631351077324866,0.0,0.05873786407766989,0.0
2025-12-20,2526,46,Newcastle,Chelsea,A Madley,reds,home,0,0.05728034522547117,0.0,0.05873786407766989,0.0
2025-12-20,2526,46,Tottenham,Liverpool,J Brooks,reds,home,2,0.05932860684557525,0.0,0.05873786407766989,0.0
2025-12-20,2526,46,Wolves,Brentford,M Donohue,reds,home,0,0.0628160073203714,0.0,0.05873786407766989,0.0
2025-12-21,2526,46,Aston Villa,Man United,M Oliver,reds,home,0,0.0572591147579644,0.0,0.05873786407766989,0.0
2025-12-22,2526,46,Fulham,Nott'm Forest,A Taylor,reds,home,0,0.061290775244390465,0.0,0.05873786407766989,0.0
2025-12-20,2526,46,Bournemouth,Burnley,C Kavanagh,reds,away,0,0.06158875070913041,0.0,0.05873786407766989,0.0
2025-12-20,2526,46,Brighton,Sunderland,D England,reds,away,0,0.06193974240406899,0.0,0.05873786407766989,0.0
2025-12-20,2526,46,Everton,Arsenal,S Barrott,reds,away,0,0.05710357786996994,0.0,0.05873786407766989,0.0
2025-12-20,2526,46,Leeds,Crystal Palace,T Bramall,reds,away,0,0.05769082268301961,0.0,0.05873786407766989,0.0
2025-12-20,2526,46,Man City,West Ham,P Tierney,reds,away,0,0.06024872543317416,0.0,0.05873786407766989,0.0
2025-12-20,2526,46,Newcastle,Chelsea,A Madley,reds,away,0,0.06820772803744198,0.0,0.05873786407766989,0.0
2025-12-20,2526,46,Tottenham,Liverpool,J Brooks,reds,away,0,0.06139253879803749,0.0,0.05873786407766989,0.0
2025-12-20,2526,46,Wolves,Brentford,M Donohue,reds,away,0,0.05736072990262943,0.0,0.05873786407766989,0.0
2025-12-21,2526,46,Aston Villa,Man United,M Oliver,reds,away,0,0.059272714024374874,0.0,0.05873786407766989,0.0
2025-12-22,2526,46,Fulham,Nott'm Forest,A Taylor,reds,away,0,0.05570843022889543,0.0,0.05873786407766989,0.0
2025-12-20,2526,46,Bournemouth,Burnley,C Kavanagh,corners,home,5,7.101347510325649,0.0805492696286548,5.164563074004,0.14626236893389963
2025-12-20,2526,46,Brighton,Sunderland,D England,corners,home,3,5.214533040239298,0.0805492696286548,5.164563074004,0.14626236893389963
2025-12-20,2526,46,Everton,Arsenal,S Barrott,corners,home,2,3.450986658816333,0.0805492696286548,5.164563074004,0.14626236893389963
2025-12-20,2526,46,Leeds,Crystal Palace,T Bramall,corners,home,9,4.808141418106026,0.0805492696286548,5.164563074004,0.14626236893389963
2025-12-20,2526,46,Man City,West Ham,P Tierney,corners,home,6,7.3331119516621825,0.0805492696286548,5.164563074004,0.14626236893389963
2025-12-20,2526,46,Newcastle,Chelsea,A Madley,corners,home,6,5.371272023542874,0.0805492696286548,5.164563074004,0.14626236893389963
2025-12-20,2526,46,Tottenham,Liverpool,J Brooks,corners,home,2,5.235357371568027,0.0805492696286548,5.164563074004,0.14626236893389963
2025-12-20,2526,46,Wolves,Brentford,M Donohue,corners,home,3,4.485945521691642,0.0805492696286548,5.164563074004,0.14626236893389963
2025-12-21,2526,46,Aston Villa,Man United,M Oliver,corners,home,5,5.898370921839986,0.0805492696286548,5.164563074004,0.14626236893389963
2025-12-22,2526,46,Fulham,Nott'm Forest,A Taylor,corners,home,1,6.219195750940688,0.0805492696286548,5.164563074004,0.14626236893389963
2025-12-20,2526,46,Bournemouth,Burnley,C Kavanagh,corners,away,3,3.9029605954164617,0.0805492696286548,5.164563074004,0.14626236893389963
2025-12-20,2526,46,Brighton,Sunderland,D England,corners,away,4,3.462352215404406,0.0805492696286548,5.164563074004,0.14626236893389963
2025-12-20,2526,46,Everton,Arsenal,S Barrott,corners,away,3,6.013934711071926,0.0805492696286548,5.164563074004,0.14626236893389963
2025-12-20,2526,46,Leeds,Crystal Palace,T Bramall,corners,away,5,3.14127596290066,0.0805492696286548,5.164563074004,0.14626236893389963
2025-12-20,2526,46,Man City,West Ham,P Tierney,corners,away,0,3.3775228191531963,0.0805492696286548,5.164563074004,0.14626236893389963
2025-12-20,2526,46,Newcastle,Chelsea,A Madley,corners,away,4,5.571919368012283,0.0805492696286548,5.164563074004,0.14626236893389963
2025-12-20,2526,46,Tottenham,Liverpool,J Brooks,corners,away,6,5.834795427308792,0.0805492696286548,5.164563074004,0.14626236893389963
2025-12-20,2526,46,Wolves,Brentford,M Donohue,corners,away,4,5.1578086293090815,0.0805492696286548,5.164563074004,0.14626236893389963
2025-12-21,2526,46,Aston Villa,Man United,M Oliver,corners,away,5,4.424669047801802,0.0805492696286548,5.164563074004,0.14626236893389963
2025-12-22,2526,46,Fulham,Nott'm Forest,A Taylor,corners,away,5,4.2061272992770276,0.0805492696286548,5.164563074004,0.14626236893389963
2025-12-20,2526,46,Bournemouth,Burnley,C Kavanagh,fouls,home,11,11.548744481989639,0.00033546262790251185,10.784708739225865,0.013657903675710549
2025-12-20,2526,46,Brighton,Sunderland,D England,fouls,home,11,11.032008584022977,0.00033546262790251185,10.784708739225865,0.013657903675710549
2025-12-20,2526,46,Everton,Arsenal,S Barrott,fouls,home,4,10.453857775201886,0.00033546262790251185,10.784708739225865,0.013657903675710549
2025-12-20,2526,46,Leeds,Crystal Palace,T Bramall,fouls,home,5,10.229222735516753,0.00033546262790251185,10.784708739225865,0.013657903675710549
2025-12-20,2526,46,Man City,West Ham,P Tierney,fouls,home,16,8.598060829637728,0.00033546262790251185,10.784708739225865,0.013657903675710549
2025-12-20,2526,46,Newcastle,Chelsea,A Madley,fouls,home,13,11.504449089066062,0.00033546262790251185,10.784708739225865,0.013657903675710549
2025-12-20,2526,46,Tottenham,Liverpool,J Brooks,fouls,home,9,10.83444477154019,0.00033546262790251185,10.784708739225865,0.013657903675710549
2025-12-20,2526,46,Wolves,Brentford,M Donohue,fouls,home,12,11.530338064584562,0.00033546262790251185,10.784708739225865,0.013657903675710549
2025-12-21,2526,46,Aston Villa,Man United,M Oliver,fouls,home,11,10.323114982866691,0.00033546262790251185,10.784708739225865,0.013657903675710549
2025-12-22,2526,46,Fulham,Nott'm Forest,A Taylor,fouls,home,5,10.986499947495119,0.00033546262790251185,10.784708739225865,0.013657903675710549
2025-12-20,2526,46,Bournemouth,Burnley,C Kavanagh,fouls,away,11,10.863722039883411,0.00033546262790251185,10.784708739225865,0.013657903675710549
2025-12-20,2526,46,Brighton,Sunderland,D England,fouls,away,15,10.510028953961006,0.00033546262790251185,10.784708739225865,0.013657903675710549
2025-12-20,2526,46,Everton,Arsenal,S Barrott,fouls,away,5,10.109268117971792,0.00033546262790251185,10.784708739225865,0.013657903675710549
2025-12-20,2526,46,Leeds,Crystal Palace,T Bramall,fouls,away,10,11.404510091334666,0.00033546262790251185,10.784708739225865,0.013657903675710549
2025-12-20,2526,46,Man City,West Ham,P Tierney,fouls,away,10,10.837960353352983,0.00033546262790251185,10.784708739225865,0.013657903675710549
2025-12-20,2526,46,Newcastle,Chelsea,A Madley,fouls,away,14,12.380202007162351,0.00033546262790251185,10.784708739225865,0.013657903675710549
2025-12-20,2526,46,Tottenham,Liverpool,J Brooks,fouls,away,7,11.702502962874881,0.00033546262790251185,10.784708739225865,0.013657903675710549
2025-12-20,2526,46,Wolves,Brentford,M Donohue,fouls,away,15,10.165469739620965,0.00033546262790251185,10.784708739225865,0.013657903675710549
2025-12-21,2526,46,Aston Villa,Man United,M Oliver,fouls,away,14,13.425316361900638,0.00033546262790251185,10.784708739225865,0.013657903675710549
2025-12-22,2526,46,Fulham,Nott'm Forest,A Taylor,fouls,away,9,10.029351573353111,0.00033546262790251185,10.784708739225865,0.013657903675710549
2025-12-26,2526,47,Man United,Newcastle,A Taylor,yellows,home,2,1.9238403267242221,0.00033546262790251185,1.81086924368881,0.00033546262790251185
2025-12-27,2526,47,Arsenal,Brighton,J Brooks,yellows,home,2,1.5647437723451525,0.00033546262790251185,1.81086924368881,0.00033546262790251185
2025-12-27,2526,47,Brentford,Bournemouth,P Bankes,yellows,home,2,1.8583723649916013,0.00033546262790251185,1.81086924368881,0.00033546262790251185
2025-12-27,2526,47,Burnley,Everton,C Pawson,yellows,home,0,1.2364822208557522,0.00033546262790251185,1.81086924368881,0.00033546262790251185
2025-12-27,2526,47,Chelsea,Aston Villa,S Attwell,yellows,home,5,2.474133037685022,0.00033546262790251185,1.81086924368881,0.00033546262790251185
2025-12-27,2526,47,Liverpool,Wolves,S Hooper,yellows,home,0,1.6540223740009419,0.00033546262790251185,1.81086924368881,0.00033546262790251185
2025-12-27,2526,47,Nott'm Forest,Man City,R Jones,yellows,home,1,1.8348600036015452,0.00033546262790251185,1.81086924368881,0.00033546262790251185
2025-12-27,2526,47,West Ham,Fulham,C Kavanagh,yellows,home,1,1.4439095944828466,0.00033546262790251185,1.81086924368881,0.00033546262790251185
2025-12-28,2526,47,Crystal Palace,Tottenham,J Gillett,yellows,home,3,1.6819419759853185,0.00033546262790251185,1.81086924368881,0.00033546262790251185
2025-12-28,2526,47,Sunderland,Leeds,T Harrington,yellows,home,1,1.6821885085768868,0.00033546262790251185,1.81086924368881,0.00033546262790251185
2025-12-30,2526,47,Arsenal,Aston Villa,D England,yellows,home,2,1.7466792393963282,0.00033546262790251185,1.81086924368881,0.00033546262790251185
2025-12-30,2526,47,Burnley,Newcastle,R Jones,yellows,home,2,1.7748131402526035,0.00033546262790251185,1.81086924368881,0.00033546262790251185
2025-12-30,2526,47,Chelsea,Bournemouth,S Barrott,yellows,home,1,2.2053217335169926,0.00033546262790251185,1.81086924368881,0.00033546262790251185
2025-12-30,2526,47,Man United,Wolves,T Bramall,yellows,home,0,1.584441917368322,0.00033546262790251185,1.81086924368881,0.00033546262790251185
2025-12-30,2526,47,Nott'm Forest,Everton,M Oliver,yellows,home,1,1.4702773213579352,0.00033546262790251185,1.81086924368881,0.00033546262790251185
2025-12-30,2526,47,West Ham,Brighton,M Salisbury,yellows,home,3,1.7076161267613124,0.00033546262790251185,1.81086924368881,0.00033546262790251185
2026-01-01,2526,47,Brentford,Tottenham,A Madley,yellows,home,1,1.7030750754994726,0.00033546262790251185,1.81086924368881,0.00033546262790251185
2026-01-01,2526,47,Crystal Palace,Fulham,T Harrington,yellows,home,0,1.4713763773148216,0.00033546262790251185,1.81086924368881,0.00033546262790251185
2026-01-01,2526,47,Liverpool,Leeds,C Kavanagh,yellows,home,0,1.5269068196905862,0.00033546262790251185,1.81086924368881,0.00033546262790251185
2026-01-01,2526,47,Sunderland,Man City,J Gillett,yellows,home,1,1.8219519153746637,0.00033546262790251185,1.81086924368881,0.00033546262790251185
2026-01-03,2526,47,Aston Villa,Nott'm Forest,S Hooper,yellows,home,1,1.9324862268814467,0.00033546262790251185,1.81086924368881,0.00033546262790251185
2026-01-03,2526,47,Bournemouth,Arsenal,C Kavanagh,yellows,home,3,2.020826436649782,0.00033546262790251185,1.81086924368881,0.00033546262790251185
2026-01-03,2526,47,Brighton,Burnley,T Robinson,yellows,home,0,1.6766044090930154,0.00033546262790251185,1.81086924368881,0.00033546262790251185
2026-01-03,2526,47,Wolves,West Ham,P Bankes,yellows,home,1,1.6327289627558488,0.00033546262790251185,1.81086924368881,0.00033546262790251185
2026-01-04,2526,47,Everton,Brentford,A Taylor,yellows,home,0,1.7712492293907263,0.00033546262790251185,1.81086924368881,0.00033546262790251185
2026-01-04,2526,47,Fulham,Liverpool,C Pawson,yellows,home,1,1.6690641728951936,0.00033546262790251185,1.81086924368881,0.00033546262790251185
2026-01-04,2526,47,Leeds,Man United,J Gillett,yellows,home,0,1.7135444161235216,0.00033546262790251185,1.81086924368881,0.00033546262790251185
2026-01-04,2526,47,Man City,Chelsea,M Oliver,yellows,home,3,1.553676825992828,0.00033546262790251185,1.81086924368881,0.00033546262790251185
2026-01-04,2526,47,Newcastle,Crystal Palace,J Brooks,yellows,home,1,1.5630717361944317,0.00033546262790251185,1.81086924368881,0.00033546262790251185
2026-01-04,2526,47,Tottenham,Sunderland,S Attwell,yellows,home,2,1.9312780523340682,0.00033546262790251185,1.81086924368881,0.00033546262790251185
2026-01-06,2526,47,West Ham,Nott'm Forest,T Harrington,yellows,home,3,1.7750764236159777,0.00033546262790251185,1.81086924368881,0.00033546262790251185
2026-01-07,2526,47,Bournemouth,Tottenham,D England,yellows,home,3,2.0871812255466895,0.00033546262790251185,1.81086924368881,0.00033546262790251185
2026-01-07,2526,47,Brentford,Sunderland,M Donohue,yellows,home,2,1.7036471135898064,0.00033546262790251185,1.81086924368881,0.00033546262790251185
2026-01-07,2526,47,Burnley,Man United,S Attwell,yellows,home,2,1.624867847197876,0.00033546262790251185,1.81086924368881,0.00033546262790251185
2026-01-07,2526,47,Crystal Palace,Aston Villa,A Madley,yellows,home,2,2.0147262608776564,0.00033546262790251185,1.81086924368881,0.00033546262790251185
2026-01-07,2526,47,Everton,Wolves,T Kirk,yellows,home,1,1.7478078857573376,0.00033546262790251185,1.81086924368881,0.00033546262790251185
2026-01-07,2526,47,Fulham,Chelsea,P Bankes,yellows,home,3,2.048890964168832,0.00033546262790251185,1.81086924368881,0.00033546262790251185
2026-01-07,2526,47,Man City,Brighton,T Bramall,yellows,home,1,1.4958027907903322,0.00033546262790251185,1.81086924368881,0.00033546262790251185
2026-01-07,2526,47,Newcastle,Leeds,M Salisbury,yellows,home,3,1.4264324905784458,0.00033546262790251185,1.81086924368881,0.00033546262790251185
2026-01-08,2526,47,Arsenal,Liverpool,A Taylor,yellows,home,2,1.404589294465159,0.00033546262790251185,1.81086924368881,0.00033546262790251185
2025-12-26,2526,47,Man United,Newcastle,A Taylor,yellows,away,1,1.896172517437161,0.00033546262790251185,1.81086924368881,0.00033546262790251185
2025-12-27,2526,47,Arsenal,Brighton,J Brooks,yellows,away,3,2.202607937407391,0.00033546262790251185,1.81086924368881,0.00033546262790251185
2025-12-27,2526,47,Brentford,Bournemouth,P Bankes,yellows,away,2,2.516070416145467,0.00033546262790251185,1.81086924368881,0.00033546262790251185
2025-12-27,2526,47,Burnley,Everton,C Pawson,yellows,away,2,1.8200338099946518,0.00033546262790251185,1.81086924368881,0.00033546262790251185
2025-12-27,2526,47,Chelsea,Aston Villa,S Attwell,yellows,away,3,2.3139959630459854,0.00033546262790251185,1.81086924368881,0.00033546262790251185
2025-12-27,2526,47,Liverpool,Wolves,S Hooper,yellows,away,1,2.339759601127663,0.00033546262790251185,1.81086924368881,0.00033546262790251185
2025-12-27,2526,47,Nott'm Forest,Man City,R Jones,yellows,away,2,1.9550260630206673,0.00033546262790251185,1.81086924368881,0.00033546262790251185
2025-12-27,2526,47,West Ham,Fulham,C Kavanagh,yellows,away,3,1.8476493268096197,0.00033546262790251185,1.81086924368881,0.00033546262790251185
2025-12-28,2526,47,Crystal Palace,Tottenham,J Gillett,yellows,away,2,2.3364898559666836,0.00033546262790251185,1.81086924368881,0.00033546262790251185
2025-12-28,2526,47,Sunderland,Leeds,T Harrington,yellows,away,0,1.893340872621999,0.00033546262790251185,1.81086924368881,0.00033546262790251185
2025-12-30,2526,47,Arsenal,Aston Villa,D England,yellows,away,3,1.9215329120950917,0.00033546262790251185,1.81086924368881,0.00033546262790251185
2025-12-30,2526,47,Burnley,Newcastle,R Jones,yellows,away,1,1.6117971706068563,0.00033546262790251185,1.81086924368881,0.00033546262790251185
2025-12-30,2526,47,Chelsea,Bournemouth,S Barrott,yellows,away,1,2.9503375324144803,0.00033546262790251185,1.81086924368881,0.00033546262790251185
2025-12-30,2526,47,Man United,Wolves,T Bramall,yellows,away,2,2.277707019504056,0.00033546262790251185,1.81086924368881,0.00033546262790251185
2025-12-30,2526,47,Nott'm Forest,Everton,M Oliver,yellows,away,0,2.305642182310151,0.00033546262790251185,1.81086924368881,0.00033546262790251185
2025-12-30,2526,47,West Ham,Brighton,M Salisbury,yellows,away,5,1.914064701997026,0.00033546262790251185,1.81086924368881,0.00033546262790251185
2026-01-01,2526,47,Brentford,Tottenham,A Madley,yellows,away,2,2.2766203381389003,0.00033546262790251185,1.81086924368881,0.00033546262790251185
2026-01-01,2526,47,Crystal Palace,Fulham,T Harrington,yellows,away,5,2.114083731815124,0.00033546262790251185,1.81086924368881,0.00033546262790251185
2026-01-01,2526,47,Liverpool,Leeds,C Kavanagh,yellows,away,2,1.9564649153108102,0.00033546262790251185,1.81086924368881,0.00033546262790251185
2026-01-01,2526,47,Sunderland,Man City,J Gillett,yellows,away,1,1.709383343989468,0.00033546262790251185,1.81086924368881,0.00033546262790251185
2026-01-03,2526,47,Aston Villa,Nott'm Forest,S Hooper,yellows,away,2,2.7805695848832674,0.00033546262790251185,1.81086924368881,0.00033546262790251185
2026-01-03,2526,47,Bournemouth,Arsenal,C Kavanagh,yellows,away,1,1.8611374360131596,0.00033546262790251185,1.81086924368881,0.00033546262790251185
2026-01-03,2526,47,Brighton,Burnley,T Robinson,yellows,away,4,2.008582786503529,0.00033546262790251185,1.81086924368881,0.00033546262790251185
2026-01-03,2526,47,Wolves,West Ham,P Bankes,yellows,away,0,1.927998651584766,0.00033546262790251185,1.81086924368881,0.00033546262790251185
2026-01-04,2526,47,Everton,Brentford,A Taylor,yellows,away,2,1.7419207943504447,0.00033546262790251185,1.81086924368881,0.00033546262790251185
2026-01-04,2526,47,Fulham,Liverpool,C Pawson,yellows,away,1,1.6400594723453361,0.00033546262790251185,1.81086924368881,0.00033546262790251185
2026-01-04,2526,47,Leeds,Man United,J Gillett,yellows,away,1,1.9071658231458823,0.00033546262790251185,1.81086924368881,0.00033546262790251185
2026-01-04,2526,47,Man City,Chelsea,M Oliver,yellows,away,3,2.2758453990065233,0.00033546262790251185,1.81086924368881,0.00033546262790251185
2026-01-04,2526,47,Newcastle,Crystal Palace,J Brooks,yellows,away,3,2.397537414357749,0.00033546262790251185,1.81086924368881,0.00033546262790251185
2026-01-04,2526,47,Tottenham,Sunderland,S Attwell,yellows,away,3,2.234509793468806,0.00033546262790251185,1.81086924368881,0.00033546262790251185
2026-01-06,2526,47,West Ham,Nott'm Forest,T Harrington,yellows,away,0,1.8585289708055575,0.00033546262790251185,1.81086924368881,0.00033546262790251185
2026-01-07,2526,47,Bournemouth,Tottenham,D England,yellows,away,3,2.4808418174845572,0.00033546262790251185,1.81086924368881,0.00033546262790251185
2026-01-07,2526,47,Brentford,Sunderland,M Donohue,yellows,away,1,2.1887782709035513,0.00033546262790251185,1.81086924368881,0.00033546262790251185
2026-01-07,2526,47,Burnley,Man United,S Attwell,yellows,away,0,1.8023499696851164,0.00033546262790251185,1.81086924368881,0.00033546262790251185
2026-01-07,2526,47,Crystal Palace,Aston Villa,A Madley,yellows,away,0,1.9817185471720162,0.00033546262790251185,1.81086924368881,0.00033546262790251185
2026-01-07,2526,47,Everton,Wolves,T Kirk,yellows,away,3,1.8934102777983484,0.00033546262790251185,1.81086924368881,0.00033546262790251185
2026-01-07,2526,47,Fulham,Chelsea,P Bankes,yellows,away,3,2.173457328049688,0.00033546262790251185,1.81086924368881,0.00033546262790251185
2026-01-07,2526,47,Man City,Brighton,T Bramall,yellows,away,6,2.1781265378759245,0.00033546262790251185,1.81086924368881,0.00033546262790251185
2026-01-07,2526,47,Newcastle,Leeds,M Salisbury,yellows,away,2,2.268640890121564,0.00033546262790251185,1.81086924368881,0.00033546262790251185
2026-01-08,2526,47,Arsenal,Liverpool,A Taylor,yellows,away,2,1.8423448068953512,0.00033546262790251185,1.81086924368881,0.00033546262790251185
2025-12-26,2526,47,Man United,Newcastle,A Taylor,reds,home,0,0.06020023491339657,0.0,0.05893719806763284,0.0
2025-12-27,2526,47,Arsenal,Brighton,J Brooks,reds,home,0,0.06585179861763417,0.0,0.05893719806763284,0.0
2025-12-27,2526,47,Brentford,Bournemouth,P Bankes,reds,home,0,0.05578638041219149,0.0,0.05893719806763284,0.0
2025-12-27,2526,47,Burnley,Everton,C Pawson,reds,home,0,0.05481868972008816,0.0,0.05893719806763284,0.0
2025-12-27,2526,47,Chelsea,Aston Villa,S Attwell,reds,home,0,0.06706214117004383,0.0,0.05893719806763284,0.0
2025-12-27,2526,47,Liverpool,Wolves,S Hooper,reds,home,0,0.058257251411585206,0.0,0.05893719806763284,0.0
2025-12-27,2526,47,Nott'm Forest,Man City,R Jones,reds,home,0,0.05539842283458835,0.0,0.05893719806763284,0.0
2025-12-27,2526,47,West Ham,Fulham,C Kavanagh,reds,home,0,0.060498987759298205,0.0,0.05893719806763284,0.0
2025-12-28,2526,47,Crystal Palace,Tottenham,J Gillett,reds,home,0,0.06359983638424371,0.0,0.05893719806763284,0.0
2025-12-28,2526,47,Sunderland,Leeds,T Harrington,reds,home,0,0.05908900928447068,0.0,0.05893719806763284,0.0
2025-12-30,2526,47,Arsenal,Aston Villa,D England,reds,home,0,0.06815948932618886,0.0,0.05893719806763284,0.0
2025-12-30,2526,47,Burnley,Newcastle,R Jones,reds,home,0,0.06653814461033672,0.0,0.05893719806763284,0.0
2025-12-30,2526,47,Chelsea,Bournemouth,S Barrott,reds,home,0,0.06301190733772957,0.0,0.05893719806763284,0.0
2025-12-30,2526,47,Man United,Wolves,T Bramall,reds,home,0,0.057213379943104575,0.0,0.05893719806763284,0.0
2025-12-30,2526,47,Nott'm Forest,Everton,M Oliver,reds,home,0,0.049839300666150825,0.0,0.05893719806763284,0.0
2025-12-30,2526,47,West Ham,Brighton,M Salisbury,reds,home,0,0.06245236710607207,0.0,0.05893719806763284,0.0
2026-01-01,2526,47,Brentford,Tottenham,A Madley,reds,home,0,0.06037390952597957,0.0,0.05893719806763284,0.0
2026-01-01,2526,47,Crystal Palace,Fulham,T Harrington,reds,home,0,0.058508917296543804,0.0,0.05893719806763284,0.0
2026-01-01,2526,47,Liverpool,Leeds,C Kavanagh,reds,home,0,0.05563446283314408,0.0,0.05893719806763284,0.0
2026-01-01,2526,47,Sunderland,Man City,J Gillett,reds,home,0,0.05966852664250728,0.0,0.05893719806763284,0.0
2026-01-03,2526,47,Aston Villa,Nott'm Forest,S Hooper,reds,home,0,0.062092922922552446,0.0,0.05893719806763284,0.0
2026-01-03,2526,47,Bournemouth,Arsenal,C Kavanagh,reds,home,0,0.05665836776003112,0.0,0.05893719806763284,0.0
2026-01-03,2526,47,Brighton,Burnley,T Robinson,reds,home,0,0.057402874359342326,0.0,0.05893719806763284,0.0
2026-01-03,2526,47,Wolves,West Ham,P Bankes,reds,home,0,0.056171015184847996,0.0,0.05893719806763284,0.0
2026-01-04,2526,47,Everton,Brentford,A Taylor,reds,home,0,0.06160401856309177,0.0,0.05893719806763284,0.0
2026-01-04,2526,47,Fulham,Liverpool,C Pawson,reds,home,0,0.06267855297974428,0.0,0.05893719806763284,0.0
2026-01-04,2526,47,Leeds,Man United,J Gillett,reds,home,0,0.05556783123436993,0.0,0.05893719806763284,0.0
2026-01-04,2526,47,Man City,Chelsea,M Oliver,reds,home,0,0.05722743574936425,0.0,0.05893719806763284,0.0
2026-01-04,2526,47,Newcastle,Crystal Palace,J Brooks,reds,home,0,0.05822434985876176,0.0,0.05893719806763284,0.0
2026-01-04,2526,47,Tottenham,Sunderland,S Attwell,reds,home,0,0.05944502498121737,0.0,0.05893719806763284,0.0
2026-01-06,2526,47,West Ham,Nott'm Forest,T Harrington,reds,home,0,0.06310746171487878,0.0,0.05893719806763284,0.0
2026-01-07,2526,47,Bournemouth,Tottenham,D England,reds,home,0,0.06288406132769904,0.0,0.05893719806763284,0.0
2026-01-07,2526,47,Brentford,Sunderland,M Donohue,reds,home,0,0.05541764858723501,0.0,0.05893719806763284,0.0
2026-01-07,2526,47,Burnley,Man United,S Attwell,reds,home,0,0.058856198959402715,0.0,0.05893719806763284,0.0
2026-01-07,2526,47,Crystal Palace,Aston Villa,A Madley,reds,home,0,0.06251424799615853,0.0,0.05893719806763284,0.0
2026-01-07,2526,47,Everton,Wolves,T Kirk,reds,home,2,0.0624284389511607,0.0,0.05893719806763284,0.0
2026-01-07,2526,47,Fulham,Chelsea,P Bankes,reds,home,0,0.06167197751150226,0.0,0.05893719806763284,0.0
2026-01-07,2526,47,Man City,Brighton,T Bramall,reds,home,0,0.056217853879289174,0.0,0.05893719806763284,0.0
2026-01-07,2526,47,Newcastle,Leeds,M Salisbury,reds,home,0,0.053691152687812854,0.0,0.05893719806763284,0.0
2026-01-08,2526,47,Arsenal,Liverpool,A Taylor,reds,home,0,0.06814916555625401,0.0,0.05893719806763284,0.0
2025-12-26,2526,47,Man United,Newcastle,A Taylor,reds,away,0,0.052362494972741196,0.0,0.05893719806763284,0.0
2025-12-27,2526,47,Arsenal,Brighton,J Brooks,reds,away,0,0.05933132552944216,0.0,0.05893719806763284,0.0
2025-12-27,2526,47,Brentford,Bournemouth,P Bankes,reds,away,0,0.058894052079325125,0.0,0.05893719806763284,0.0
2025-12-27,2526,47,Burnley,Everton,C Pawson,reds,away,0,0.057318391213019834,0.0,0.05893719806763284,0.0
2025-12-27,2526,47,Chelsea,Aston Villa,S Attwell,reds,away,0,0.06258027829714093,0.0,0.05893719806763284,0.0
2025-12-27,2526,47,Liverpool,Wolves,S Hooper,reds,away,0,0.0657979431095625,0.0,0.05893719806763284,0.0
2025-12-27,2526,47,Nott'm Forest,Man City,R Jones,reds,away,0,0.05679425149331038,0.0,0.05893719806763284,0.0
2025-12-27,2526,47,West Ham,Fulham,C Kavanagh,reds,away,0,0.053496708364600416,0.0,0.05893719806763284,0.0
2025-12-28,2526,47,Crystal Palace,Tottenham,J Gillett,reds,away,0,0.0636037538646667,0.0,0.05893719806763284,0.0
2025-12-28,2526,47,Sunderland,Leeds,T Harrington,reds,away,0,0.05775331475187519,0.0,0.05893719806763284,0.0
2025-12-30,2526,47,Arsenal,Aston Villa,D England,reds,away,0,0.05831995453383417,0.0,0.05893719806763284,0.0
2025-12-30,2526,47,Burnley,Newcastle,R Jones,reds,away,0,0.051650745573940476,0.0,0.05893719806763284,0.0
2025-12-30,2526,47,Chelsea,Bournemouth,S Barrott,reds,away,0,0.06075338800848036,0.0,0.05893719806763284,0.0
2025-12-30,2526,47,Man United,Wolves,T Bramall,reds,away,0,0.059230167363234346,0.0,0.05893719806763284,0.0
2025-12-30,2526,47,Nott'm Forest,Everton,M Oliver,reds,away,0,0.06311570669416286,0.0,0.05893719806763284,0.0
2025-12-30,2526,47,West Ham,Brighton,M Salisbury,reds,away,0,0.055204195355774976,0.0,0.05893719806763284,0.0
2026-01-01,2526,47,Brentford,Tottenham,A Madley,reds,away,0,0.06063599498326211,0.0,0.05893719806763284,0.0
2026-01-01,2526,47,Crystal Palace,Fulham,T Harrington,reds,away,0,0.06270531966949128,0.0,0.05893719806763284,0.0
2026-01-01,2526,47,Liverpool,Leeds,C Kavanagh,reds,away,0,0.06182308514974288,0.0,0.05893719806763284,0.0
2026-01-01,2526,47,Sunderland,Man City,J Gillett,reds,away,0,0.05430611907421949,0.0,0.05893719806763284,0.0
2026-01-03,2526,47,Aston Villa,Nott'm Forest,S Hooper,reds,away,0,0.05946117609634275,0.0,0.05893719806763284,0.0
2026-01-03,2526,47,Bournemouth,Arsenal,C Kavanagh,reds,away,0,0.06408928233027934,0.0,0.05893719806763284,0.0
2026-01-03,2526,47,Brighton,Burnley,T Robinson,reds,away,0,0.06322657224070921,0.0,0.05893719806763284,0.0
2026-01-03,2526,47,Wolves,West Ham,P Bankes,reds,away,0,0.06244446904888047,0.0,0.05893719806763284,0.0
2026-01-04,2526,47,Everton,Brentford,A Taylor,reds,away,0,0.04971605872266604,0.0,0.05893719806763284,0.0
2026-01-04,2526,47,Fulham,Liverpool,C Pawson,reds,away,0,0.05645416367403211,0.0,0.05893719806763284,0.0
2026-01-04,2526,47,Leeds,Man United,J Gillett,reds,away,0,0.054554884953242885,0.0,0.05893719806763284,0.0
2026-01-04,2526,47,Man City,Chelsea,M Oliver,reds,away,0,0.06246630846092814,0.0,0.05893719806763284,0.0
2026-01-04,2526,47,Newcastle,Crystal Palace,J Brooks,reds,away,0,0.06356326383351577,0.0,0.05893719806763284,0.0
2026-01-04,2526,47,Tottenham,Sunderland,S Attwell,reds,away,0,0.06523560171068177,0.0,0.05893719806763284,0.0
2026-01-06,2526,47,West Ham,Nott'm Forest,T Harrington,reds,away,0,0.05073056775270639,0.0,0.05893719806763284,0.0
2026-01-07,2526,47,Bournemouth,Tottenham,D England,reds,away,0,0.05982442584998472,0.0,0.05893719806763284,0.0
2026-01-07,2526,47,Brentford,Sunderland,M Donohue,reds,away,0,0.06107992031057199,0.0,0.05893719806763284,0.0
2026-01-07,2526,47,Burnley,Man United,S Attwell,reds,away,0,0.05252619888628394,0.0,0.05893719806763284,0.0
2026-01-07,2526,47,Crystal Palace,Aston Villa,A Madley,reds,away,0,0.06360335176675481,0.0,0.05893719806763284,0.0
2026-01-07,2526,47,Everton,Wolves,T Kirk,reds,away,0,0.05516279351760738,0.0,0.05893719806763284,0.0
2026-01-07,2526,47,Fulham,Chelsea,P Bankes,reds,away,1,0.06274028201262338,0.0,0.05893719806763284,0.0
2026-01-07,2526,47,Man City,Brighton,T Bramall,reds,away,0,0.06029779803501281,0.0,0.05893719806763284,0.0
2026-01-07,2526,47,Newcastle,Leeds,M Salisbury,reds,away,0,0.06287389780939726,0.0,0.05893719806763284,0.0
2026-01-08,2526,47,Arsenal,Liverpool,A Taylor,reds,away,0,0.05532351189522053,0.0,0.05893719806763284,0.0
2025-12-26,2526,47,Man United,Newcastle,A Taylor,corners,home,2,5.840632710534658,0.08009952993404014,5.159178706152695,0.14599116444862462
2025-12-27,2526,47,Arsenal,Brighton,J Brooks,corners,home,7,5.884104584311865,0.08009952993404014,5.159178706152695,0.14599116444862462
2025-12-27,2526,47,Brentford,Bournemouth,P Bankes,corners,home,2,5.088964492347346,0.08009952993404014,5.159178706152695,0.14599116444862462
2025-12-27,2526,47,Burnley,Everton,C Pawson,corners,home,6,5.038832742270213,0.08009952993404014,5.159178706152695,0.14599116444862462
2025-12-27,2526,47,Chelsea,Aston Villa,S Attwell,corners,home,6,5.661706940444393,0.08009952993404014,5.159178706152695,0.14599116444862462
2025-12-27,2526,47,Liverpool,Wolves,S Hooper,corners,home,6,7.304529998886333,0.08009952993404014,5.159178706152695,0.14599116444862462
2025-12-27,2526,47,Nott'm Forest,Man City,R Jones,corners,home,5,3.8664320810095907,0.08009952993404014,5.159178706152695,0.14599116444862462
2025-12-27,2526,47,West Ham,Fulham,C Kavanagh,corners,home,5,5.027455997943207,0.08009952993404014,5.159178706152695,0.14599116444862462
2025-12-28,2526,47,Crystal Palace,Tottenham,J Gillett,corners,home,3,5.184760533990115,0.08009952993404014,5.159178706152695,0.14599116444862462
2025-12-28,2526,47,Sunderland,Leeds,T Harrington,corners,home,3,3.643428456869679,0.08009952993404014,5.159178706152695,0.14599116444862462
2025-12-30,2526,47,Arsenal,Aston Villa,D England,corners,home,3,6.018256069338617,0.08009952993404014,5.159178706152695,0.14599116444862462
2025-12-30,2526,47,Burnley,Newcastle,R Jones,corners,home,3,4.999584990759237,0.08009952993404014,5.159178706152695,0.14599116444862462
2025-12-30,2526,47,Chelsea,Bournemouth,S Barrott,corners,home,12,5.7600486103415545,0.08009952993404014,5.159178706152695,0.14599116444862462
2025-12-30,2526,47,Man United,Wolves,T Bramall,corners,home,8,6.2666031969622695,0.08009952993404014,5.159178706152695,0.14599116444862462
2025-12-30,2526,47,Nott'm Forest,Everton,M Oliver,corners,home,9,5.508747919672505,0.08009952993404014,5.159178706152695,0.14599116444862462
2025-12-30,2526,47,West Ham,Brighton,M Salisbury,corners,home,5,4.667257848807611,0.08009952993404014,5.159178706152695,0.14599116444862462
2026-01-01,2526,47,Brentford,Tottenham,A Madley,corners,home,3,5.78623143009759,0.08009952993404014,5.159178706152695,0.14599116444862462
2026-01-01,2526,47,Crystal Palace,Fulham,T Harrington,corners,home,6,4.782833068714164,0.08009952993404014,5.159178706152695,0.14599116444862462
2026-01-01,2526,47,Liverpool,Leeds,C Kavanagh,corners,home,8,5.1914034147974775,0.08009952993404014,5.159178706152695,0.14599116444862462
2026-01-01,2526,47,Sunderland,Man City,J Gillett,corners,home,3,3.4349783413291615,0.08009952993404014,5.159178706152695,0.14599116444862462
2026-01-03,2526,47,Aston Villa,Nott'm Forest,S Hooper,corners,home,4,6.350632762001873,0.08009952993404014,5.159178706152695,0.14599116444862462
2026-01-03,2526,47,Bournemouth,Arsenal,C Kavanagh,corners,home,7,4.127419587930622,0.08009952993404014,5.159178706152695,0.14599116444862462
2026-01-03,2526,47,Brighton,Burnley,T Robinson,corners,home,4,6.422592012915602,0.08009952993404014,5.159178706152695,0.14599116444862462
2026-01-03,2526,47,Wolves,West Ham,P Bankes,corners,home,6,4.644672531804737,0.08009952993404014,5.159178706152695,0.14599116444862462
2026-01-04,2526,47,Everton,Brentford,A Taylor,corners,home,4,5.146555801928096,0.08009952993404014,5.159178706152695,0.14599116444862462
2026-01-04,2526,47,Fulham,Liverpool,C Pawson,corners,home,3,4.6141241844814855,0.08009952993404014,5.159178706152695,0.14599116444862462
2026-01-04,2526,47,Leeds,Man United,J Gillett,corners,home,6,4.975753305779475,0.08009952993404014,5.159178706152695,0.14599116444862462
2026-01-04,2526,47,Man City,Chelsea,M Oliver,corners,home,8,5.540384221699635,0.08009952993404014,5.159178706152695,0.14599116444862462
2026-01-04,2526,47,Newcastle,Crystal Palace,J Brooks,corners,home,8,6.478849613431143,0.08009952993404014,5.159178706152695,0.14599116444862462
2026-01-04,2526,47,Tottenham,Sunderland,S Attwell,corners,home,3,5.6937121657241985,0.08009952993404014,5.159178706152695,0.14599116444862462
2026-01-06,2526,47,West Ham,Nott'm Forest,T Harrington,corners,home,6,5.520898879138314,0.08009952993404014,5.159178706152695,0.14599116444862462
2026-01-07,2526,47,Bournemouth,Tottenham,D England,corners,home,3,6.282914899748253,0.08009952993404014,5.159178706152695,0.14599116444862462
2026-01-07,2526,47,Brentford,Sunderland,M Donohue,corners,home,7,4.952711476265183,0.08009952993404014,5.159178706152695,0.14599116444862462
2026-01-07,2526,47,Burnley,Man United,S Attwell,corners,home,2,4.674142824606828,0.08009952993404014,5.159178706152695,0.14599116444862462
2026-01-07,2526,47,Crystal Palace,Aston Villa,A Madley,corners,home,3,4.61792065411606,0.08009952993404014,5.159178706152695,0.14599116444862462
2026-01-07,2526,47,Everton,Wolves,T Kirk,corners,home,2,5.538720394728384,0.08009952993404014,5.159178706152695,0.14599116444862462
2026-01-07,2526,47,Fulham,Chelsea,P Bankes,corners,home,2,4.718087510964601,0.08009952993404014,5.159178706152695,0.14599116444862462
2026-01-07,2526,47,Man City,Brighton,T Bramall,corners,home,6,5.977020362132849,0.08009952993404014,5.159178706152695,0.14599116444862462
2026-01-07,2526,47,Newcastle,Leeds,M Salisbury,corners,home,8,5.006950921355177,0.08009952993404014,5.159178706152695,0.14599116444862462
2026-01-08,2526,47,Arsenal,Liverpool,A Taylor,corners,home,3,5.293955871888788,0.08009952993404014,5.159178706152695,0.14599116444862462
2025-12-26,2526,47,Man United,Newcastle,A Taylor,corners,away,11,5.2811657510132,0.08009952993404014,5.159178706152695,0.14599116444862462
2025-12-27,2526,47,Arsenal,Brighton,J Brooks,corners,away,2,3.2286353791874514,0.08009952993404014,5.159178706152695,0.14599116444862462
2025-12-27,2526,47,Brentford,Bournemouth,P Bankes,corners,away,15,5.315676623116346,0.08009952993404014,5.159178706152695,0.14599116444862462
2025-12-27,2526,47,Burnley,Everton,C Pawson,corners,away,5,4.863330601678402,0.08009952993404014,5.159178706152695,0.14599116444862462
2025-12-27,2526,47,Chelsea,Aston Villa,S Attwell,corners,away,7,4.253044384595045,0.08009952993404014,5.159178706152695,0.14599116444862462
2025-12-27,2526,47,Liverpool,Wolves,S Hooper,corners,away,4,2.9737655920984065,0.08009952993404014,5.159178706152695,0.14599116444862462
2025-12-27,2526,47,Nott'm Forest,Man City,R Jones,corners,away,5,5.999482826760673,0.08009952993404014,5.159178706152695,0.14599116444862462
2025-12-27,2526,47,West Ham,Fulham,C Kavanagh,corners,away,4,5.328174000746444,0.08009952993404014,5.159178706152695,0.14599116444862462
2025-12-28,2526,47,Crystal Palace,Tottenham,J Gillett,corners,away,2,5.482382933556903,0.08009952993404014,5.159178706152695,0.14599116444862462
2025-12-28,2526,47,Sunderland,Leeds,T Harrington,corners,away,9,3.9576391897437615,0.08009952993404014,5.159178706152695,0.14599116444862462
2025-12-30,2526,47,Arsenal,Aston Villa,D England,corners,away,3,3.451600221994115,0.08009952993404014,5.159178706152695,0.14599116444862462
2025-12-30,2526,47,Burnley,Newcastle,R Jones,corners,away,4,6.256431895831673,0.08009952993404014,5.159178706152695,0.14599116444862462
2025-12-30,2526,47,Chelsea,Bournemouth,S Barrott,corners,away,3,4.284343830418982,0.08009952993404014,5.159178706152695,0.14599116444862462
2025-12-30,2526,47,Man United,Wolves,T Bramall,corners,away,4,3.5555269957354336,0.08009952993404014,5.159178706152695,0.14599116444862462
2025-12-30,2526,47,Nott'm Forest,Everton,M Oliver,corners,away,2,4.5159471714293415,0.08009952993404014,5.159178706152695,0.14599116444862462
2025-12-30,2526,47,West Ham,Brighton,M Salisbury,corners,away,5,5.2122606350497,0.08009952993404014,5.159178706152695,0.14599116444862462
2026-01-01,2526,47,Brentford,Tottenham,A Madley,corners,away,1,5.626960325999237,0.08009952993404014,5.159178706152695,0.14599116444862462
2026-01-01,2526,47,Crystal Palace,Fulham,T Harrington,corners,away,3,4.981107464111937,0.08009952993404014,5.159178706152695,0.14599116444862462
2026-01-01,2526,47,Liverpool,Leeds,C Kavanagh,corners,away,3,3.5210186855053642,0.08009952993404014,5.159178706152695,0.14599116444862462
2026-01-01,2526,47,Sunderland,Man City,J Gillett,corners,away,5,5.210717592999669,0.08009952993404014,5.159178706152695,0.14599116444862462
2026-01-03,2526,47,Aston Villa,Nott'm Forest,S Hooper,corners,away,4,4.1193449625203264,0.08009952993404014,5.159178706152695,0.14599116444862462
2026-01-03,2526,47,Bournemouth,Arsenal,C Kavanagh,corners,away,5,5.284073019559276,0.08009952993404014,5.159178706152695,0.14599116444862462
2026-01-03,2526,47,Brighton,Burnley,T Robinson,corners,away,4,3.6984930588710907,0.08009952993404014,5.159178706152695,0.14599116444862462
2026-01-03,2526,47,Wolves,West Ham,P Bankes,corners,away,7,4.86152985987618,0.08009952993404014,5.159178706152695,0.14599116444862462
2026-01-04,2526,47,Everton,Brentford,A Taylor,corners,away,5,4.849281388497266,0.08009952993404014,5.159178706152695,0.14599116444862462
2026-01-04,2526,47,Fulham,Liverpool,C Pawson,corners,away,8,5.4003033252118176,0.08009952993404014,5.159178706152695,0.14599116444862462
2026-01-04,2526,47,Leeds,Man United,J Gillett,corners,away,4,3.8270453964938715,0.08009952993404014,5.159178706152695,0.14599116444862462
2026-01-04,2526,47,Man City,Chelsea,M Oliver,corners,away,2,3.8731478149376484,0.08009952993404014,5.159178706152695,0.14599116444862462
2026-01-04,2526,47,Newcastle,Crystal Palace,J Brooks,corners,away,6,4.330191192633052,0.08009952993404014,5.159178706152695,0.14599116444862462
2026-01-04,2526,47,Tottenham,Sunderland,S Attwell,corners,away,5,4.09809486050323,0.08009952993404014,5.159178706152695,0.14599116444862462
2026-01-06,2526,47,West Ham,Nott'm Forest,T Harrington,corners,away,5,4.90256844072763,0.08009952993404014,5.159178706152695,0.14599116444862462
2026-01-07,2526,47,Bournemouth,Tottenham,D England,corners,away,7,4.9875001909647905,0.08009952993404014,5.159178706152695,0.14599116444862462
2026-01-07,2526,47,Brentford,Sunderland,M Donohue,corners,away,4,4.0656946007513985,0.08009952993404014,5.159178706152695,0.14599116444862462
2026-01-07,2526,47,Burnley,Man United,S Attwell,corners,away,6,5.515662320227414,0.08009952993404014,5.159178706152695,0.14599116444862462
2026-01-07,2526,47,Crystal Palace,Aston Villa,A Madley,corners,away,5,5.297031686501516,0.08009952993404014,5.159178706152695,0.14599116444862462
2026-01-07,2526,47,Everton,Wolves,T Kirk,corners,away,7,3.8421389496116043,0.08009952993404014,5.159178706152695,0.14599116444862462
2026-01-07,2526,47,Fulham,Chelsea,P Bankes,corners,away,11,5.029265154792061,0.08009952993404014,5.159178706152695,0.14599116444862462
2026-01-07,2526,47,Man City,Brighton,T Bramall,corners,away,2,3.5219032208514562,0.08009952993404014,5.159178706152695,0.14599116444862462
2026-01-07,2526,47,Newcastle,Leeds,M Salisbury,corners,away,4,4.462899844059959,0.08009952993404014,5.159178706152695,0.14599116444862462
2026-01-08,2526,47,Arsenal,Liverpool,A Taylor,corners,away,0,3.783909792355001,0.08009952993404014,5.159178706152695,0.14599116444862462
2025-12-26,2526,47,Man United,Newcastle,A Taylor,fouls,home,9,10.613706751462251,0.00033546262790251185,10.782608642801799,0.013715276015049077
2025-12-27,2526,47,Arsenal,Brighton,J Brooks,fouls,home,7,9.92274161766322,0.00033546262790251185,10.782608642801799,0.013715276015049077
2025-12-27,2526,47,Brentford,Bournemouth,P Bankes,fouls,home,9,9.781183643487205,0.00033546262790251185,10.782608642801799,0.013715276015049077
2025-12-27,2526,47,Burnley,Everton,C Pawson,fouls,home,8,10.00647334202502,0.00033546262790251185,10.782608642801799,0.013715276015049077
2025-12-27,2526,47,Chelsea,Aston Villa,S Attwell,fouls,home,16,13.026990747515374,0.00033546262790251185,10.782608642801799,0.013715276015049077
2025-12-27,2526,47,Liverpool,Wolves,S Hooper,fouls,home,5,10.619651463394598,0.00033546262790251185,10.782608642801799,0.013715276015049077
2025-12-27,2526,47,Nott'm Forest,Man City,R Jones,fouls,home,5,10.345697740985779,0.00033546262790251185,10.782608642801799,0.013715276015049077
2025-12-27,2526,47,West Ham,Fulham,C Kavanagh,fouls,home,8,10.205619722243695,0.00033546262790251185,10.782608642801799,0.013715276015049077
2025-12-28,2526,47,Crystal Palace,Tottenham,J Gillett,fouls,home,7,10.40756489570692,0.00033546262790251185,10.782608642801799,0.013715276015049077
2025-12-28,2526,47,Sunderland,Leeds,T Harrington,fouls,home,7,10.844368131236024,0.00033546262790251185,10.782608642801799,0.013715276015049077
2025-12-30,2526,47,Arsenal,Aston Villa,D England,fouls,home,18,12.177017187379153,0.00033546262790251185,10.782608642801799,0.013715276015049077
2025-12-30,2526,47,Burnley,Newcastle,R Jones,fouls,home,9,10.734281698356439,0.00033546262790251185,10.782608642801799,0.013715276015049077
2025-12-30,2526,47,Chelsea,Bournemouth,S Barrott,fouls,home,5,10.64714533521223,0.00033546262790251185,10.782608642801799,0.013715276015049077
2025-12-30,2526,47,Man United,Wolves,T Bramall,fouls,home,9,10.059787755042091,0.00033546262790251185,10.782608642801799,0.013715276015049077
2025-12-30,2526,47,Nott'm Forest,Everton,M Oliver,fouls,home,11,10.595399768643501,0.00033546262790251185,10.782608642801799,0.013715276015049077
2025-12-30,2526,47,West Ham,Brighton,M Salisbury,fouls,home,11,11.060436648436314,0.00033546262790251185,10.782608642801799,0.013715276015049077
2026-01-01,2526,47,Brentford,Tottenham,A Madley,fouls,home,8,10.139547618913435,0.00033546262790251185,10.782608642801799,0.013715276015049077
2026-01-01,2526,47,Crystal Palace,Fulham,T Harrington,fouls,home,7,9.766925037601629,0.00033546262790251185,10.782608642801799,0.013715276015049077
2026-01-01,2526,47,Liverpool,Leeds,C Kavanagh,fouls,home,10,11.600717494247059,0.00033546262790251185,10.782608642801799,0.013715276015049077
2026-01-01,2526,47,Sunderland,Man City,J Gillett,fouls,home,9,9.664788511039154,0.00033546262790251185,10.782608642801799,0.013715276015049077
2026-01-03,2526,47,Aston Villa,Nott'm Forest,S Hooper,fouls,home,10,10.684917309196045,0.00033546262790251185,10.782608642801799,0.013715276015049077
2026-01-03,2526,47,Bournemouth,Arsenal,C Kavanagh,fouls,home,13,12.592857631586577,0.00033546262790251185,10.782608642801799,0.013715276015049077
2026-01-03,2526,47,Brighton,Burnley,T Robinson,fouls,home,7,10.352004299005815,0.00033546262790251185,10.782608642801799,0.013715276015049077
2026-01-03,2526,47,Wolves,West Ham,P Bankes,fouls,home,11,12.502902573864633,0.00033546262790251185,10.782608642801799,0.013715276015049077
2026-01-04,2526,47,Everton,Brentford,A Taylor,fouls,home,9,9.355361702151558,0.00033546262790251185,10.782608642801799,0.013715276015049077
2026-01-04,2526,47,Fulham,Liverpool,C Pawson,fouls,home,11,10.117312473826303,0.00033546262790251185,10.782608642801799,0.013715276015049077
2026-01-04,2526,47,Leeds,Man United,J Gillett,fouls,home,9,9.939309487085538,0.00033546262790251185,10.782608642801799,0.013715276015049077
2026-01-04,2526,47,Man City,Chelsea,M Oliver,fouls,home,12,9.919042390403323,0.00033546262790251185,10.782608642801799,0.013715276015049077
2026-01-04,2526,47,Newcastle,Crystal Palace,J Brooks,fouls,home,5,10.177680290748294,0.00033546262790251185,10.782608642801799,0.013715276015049077
2026-01-04,2526,47,Tottenham,Sunderland,S Attwell,fouls,home,10,10.605184749747513,0.00033546262790251185,10.782608642801799,0.013715276015049077
2026-01-06,2526,47,West Ham,Nott'm Forest,T Harrington,fouls,home,15,10.834970901612406,0.00033546262790251185,10.782608642801799,0.013715276015049077
2026-01-07,2526,47,Bournemouth,Tottenham,D England,fouls,home,19,12.846221046204061,0.00033546262790251185,10.782608642801799,0.013715276015049077
2026-01-07,2526,47,Brentford,Sunderland,M Donohue,fouls,home,13,10.020766112763312,0.00033546262790251185,10.782608642801799,0.013715276015049077
2026-01-07,2526,47,Burnley,Man United,S Attwell,fouls,home,9,9.583074643688109,0.00033546262790251185,10.782608642801799,0.013715276015049077
2026-01-07,2526,47,Crystal Palace,Aston Villa,A Madley,fouls,home,8,13.118627797713371,0.00033546262790251185,10.782608642801799,0.013715276015049077
2026-01-07,2526,47,Everton,Wolves,T Kirk,fouls,home,13,10.542293100614524,0.00033546262790251185,10.782608642801799,0.013715276015049077
2026-01-07,2526,47,Fulham,Chelsea,P Bankes,fouls,home,11,11.82382515091229,0.00033546262790251185,10.782608642801799,0.013715276015049077
2026-01-07,2526,47,Man City,Brighton,T Bramall,fouls,home,6,8.435430864148094,0.00033546262790251185,10.782608642801799,0.013715276015049077
2026-01-07,2526,47,Newcastle,Leeds,M Salisbury,fouls,home,11,11.475174610761153,0.00033546262790251185,10.782608642801799,0.013715276015049077
2026-01-08,2526,47,Arsenal,Liverpool,A Taylor,fouls,home,10,9.10719505232086,0.00033546262790251185,10.782608642801799,0.013715276015049077
2025-12-26,2526,47,Man United,Newcastle,A Taylor,fouls,away,5,10.228007564612774,0.00033546262790251185,10.782608642801799,0.013715276015049077
2025-12-27,2526,47,Arsenal,Brighton,J Brooks,fouls,away,13,11.553038146181544,0.00033546262790251185,10.782608642801799,0.013715276015049077
2025-12-27,2526,47,Brentford,Bournemouth,P Bankes,fouls,away,8,11.885765141538792,0.00033546262790251185,10.782608642801799,0.013715276015049077
2025-12-27,2526,47,Burnley,Everton,C Pawson,fouls,away,8,10.075790004667908,0.00033546262790251185,10.782608642801799,0.013715276015049077
2025-12-27,2526,47,Chelsea,Aston Villa,S Attwell,fouls,away,8,11.533196413271066,0.00033546262790251185,10.782608642801799,0.013715276015049077
2025-12-27,2526,47,Liverpool,Wolves,S Hooper,fouls,away,13,12.256231875936686,0.00033546262790251185,10.782608642801799,0.013715276015049077
2025-12-27,2526,47,Nott'm Forest,Man City,R Jones,fouls,away,13,9.690082905812215,0.00033546262790251185,10.782608642801799,0.013715276015049077
2025-12-27,2526,47,West Ham,Fulham,C Kavanagh,fouls,away,8,11.4848328077895,0.00033546262790251185,10.782608642801799,0.013715276015049077
2025-12-28,2526,47,Crystal Palace,Tottenham,J Gillett,fouls,away,5,11.057125124645276,0.00033546262790251185,10.782608642801799,0.013715276015049077
2025-12-28,2526,47,Sunderland,Leeds,T Harrington,fouls,away,9,10.732429659328456,0.00033546262790251185,10.782608642801799,0.013715276015049077
2025-12-30,2526,47,Arsenal,Aston Villa,D England,fouls,away,9,11.014897569427479,0.00033546262790251185,10.782608642801799,0.013715276015049077
2025-12-30,2526,47,Burnley,Newcastle,R Jones,fouls,away,3,9.975801225342837,0.00033546262790251185,10.782608642801799,0.013715276015049077
2025-12-30,2526,47,Chelsea,Bournemouth,S Barrott,fouls,away,12,13.447828544740325,0.00033546262790251185,10.782608642801799,0.013715276015049077
2025-12-30,2526,47,Man United,Wolves,T Bramall,fouls,away,12,12.075960746521693,0.00033546262790251185,10.782608642801799,0.013715276015049077
2025-12-30,2526,47,Nott'm Forest,Everton,M Oliver,fouls,away,9,11.658870731046417,0.00033546262790251185,10.782608642801799,0.013715276015049077
2025-12-30,2526,47,West Ham,Brighton,M Salisbury,fouls,away,18,12.090211997488202,0.00033546262790251185,10.782608642801799,0.013715276015049077
2026-01-01,2526,47,Brentford,Tottenham,A Madley,fouls,away,10,10.919743852808532,0.00033546262790251185,10.782608642801799,0.013715276015049077
2026-01-01,2526,47,Crystal Palace,Fulham,T Harrington,fouls,away,10,10.874969454592122,0.00033546262790251185,10.782608642801799,0.013715276015049077
2026-01-01,2526,47,Liverpool,Leeds,C Kavanagh,fouls,away,8,10.706183195561499,0.00033546262790251185,10.782608642801799,0.013715276015049077
2026-01-01,2526,47,Sunderland,Man City,J Gillett,fouls,away,6,8.855762370249412,0.00033546262790251185,10.782608642801799,0.013715276015049077
2026-01-03,2526,47,Aston Villa,Nott'm Forest,S Hooper,fouls,away,20,13.200112611093468,0.00033546262790251185,10.782608642801799,0.013715276015049077
2026-01-03,2526,47,Bournemouth,Arsenal,C Kavanagh,fouls,away,8,10.679719922493627,0.00033546262790251185,10.782608642801799,0.013715276015049077
2026-01-03,2526,47,Brighton,Burnley,T Robinson,fouls,away,17,10.857929273911841,0.00033546262790251185,10.782608642801799,0.013715276015049077
2026-01-03,2526,47,Wolves,West Ham,P Bankes,fouls,away,10,11.28287934995377,0.00033546262790251185,10.782608642801799,0.013715276015049077
2026-01-04,2526,47,Everton,Brentford,A Taylor,fouls,away,8,9.67764442599123,0.00033546262790251185,10.782608642801799,0.013715276015049077
2026-01-04,2526,47,Fulham,Liverpool,C Pawson,fouls,away,4,10.339536913308262,0.00033546262790251185,10.782608642801799,0.013715276015049077
2026-01-04,2526,47,Leeds,Man United,J Gillett,fouls,away,9,11.33205662592835,0.00033546262790251185,10.782608642801799,0.013715276015049077
2026-01-04,2526,47,Man City,Chelsea,M Oliver,fouls,away,14,11.597570140513229,0.00033546262790251185,10.782608642801799,0.013715276015049077
2026-01-04,2526,47,Newcastle,Crystal Palace,J Brooks,fouls,away,12,11.563303484288678,0.00033546262790251185,10.782608642801799,0.013715276015049077
2026-01-04,2526,47,Tottenham,Sunderland,S Attwell,fouls,away,6,10.592226984969969,0.00033546262790251185,10.782608642801799,0.013715276015049077
2026-01-06,2526,47,West Ham,Nott'm Forest,T Harrington,fouls,away,9,10.866173302440567,0.00033546262790251185,10.782608642801799,0.013715276015049077
2026-01-07,2526,47,Bournemouth,Tottenham,D England,fouls,away,10,11.910439481432185,0.00033546262790251185,10.782608642801799,0.013715276015049077
2026-01-07,2526,47,Brentford,Sunderland,M Donohue,fouls,away,13,10.30313955320086,0.00033546262790251185,10.782608642801799,0.013715276015049077
2026-01-07,2526,47,Burnley,Man United,S Attwell,fouls,away,8,9.668296687167452,0.00033546262790251185,10.782608642801799,0.013715276015049077
2026-01-07,2526,47,Crystal Palace,Aston Villa,A Madley,fouls,away,3,11.023257920716963,0.00033546262790251185,10.782608642801799,0.013715276015049077
2026-01-07,2526,47,Everton,Wolves,T Kirk,fouls,away,15,12.679875647463833,0.00033546262790251185,10.782608642801799,0.013715276015049077
2026-01-07,2526,47,Fulham,Chelsea,P Bankes,fouls,away,6,11.030426215580459,0.00033546262790251185,10.782608642801799,0.013715276015049077
2026-01-07,2526,47,Man City,Brighton,T Bramall,fouls,away,16,10.743377604949417,0.00033546262790251185,10.782608642801799,0.013715276015049077
2026-01-07,2526,47,Newcastle,Leeds,M Salisbury,fouls,away,10,11.958193895550519,0.00033546262790251185,10.782608642801799,0.013715276015049077
2026-01-08,2526,47,Arsenal,Liverpool,A Taylor,fouls,away,9,10.663861197692952,0.00033546262790251185,10.782608642801799,0.013715276015049077
2026-01-17,2526,48,Chelsea,Brentford,J Brooks,yellows,home,3,1.9880415083644414,0.00033546262790251185,1.810426540150504,0.00033546262790251185
2026-01-17,2526,48,Leeds,Fulham,C Kavanagh,yellows,home,1,1.3433256557274287,0.00033546262790251185,1.810426540150504,0.00033546262790251185
2026-01-17,2526,48,Liverpool,Burnley,A Madley,yellows,home,1,1.2453155791113246,0.00033546262790251185,1.810426540150504,0.00033546262790251185
2026-01-17,2526,48,Man United,Man City,A Taylor,yellows,home,2,1.633852729359623,0.00033546262790251185,1.810426540150504,0.00033546262790251185
2026-01-17,2526,48,Nott'm Forest,Arsenal,M Oliver,yellows,home,1,1.6347308414681625,0.00033546262790251185,1.810426540150504,0.00033546262790251185
2026-01-17,2526,48,Sunderland,Crystal Palace,R Jones,yellows,home,3,1.7510182478215655,0.00033546262790251185,1.810426540150504,0.00033546262790251185
2026-01-17,2526,48,Tottenham,West Ham,J Gillett,yellows,home,5,1.678352883880883,0.00033546262790251185,1.810426540150504,0.00033546262790251185
2026-01-18,2526,48,Aston Villa,Everton,T Harrington,yellows,home,1,1.3813876569829788,0.00033546262790251185,1.810426540150504,0.00033546262790251185
2026-01-18,2526,48,Wolves,Newcastle,S Barrott,yellows,home,2,2.1907690205009818,0.00033546262790251185,1.810426540150504,0.00033546262790251185
2026-01-19,2526,48,Brighton,Bournemouth,P Tierney,yellows,home,2,2.0381404107231473,0.00033546262790251185,1.810426540150504,0.00033546262790251185
2026-01-17,2526,48,Chelsea,Brentford,J Brooks,yellows,away,2,2.437217830844457,0.00033546262790251185,1.810426540150504,0.00033546262790251185
2026-01-17,2526,48,Leeds,Fulham,C Kavanagh,yellows,away,5,2.0618167498758373,0.00033546262790251185,1.810426540150504,0.00033546262790251185
2026-01-17,2526,48,Liverpool,Burnley,A Madley,yellows,away,2,1.7974963143953322,0.00033546262790251185,1.810426540150504,0.00033546262790251185
2026-01-17,2526,48,Man United,Man City,A Taylor,yellows,away,3,1.7774602874366747,0.00033546262790251185,1.810426540150504,0.00033546262790251185
2026-01-17,2526,48,Nott'm Forest,Arsenal,M Oliver,yellows,away,1,1.8140713122863685,0.00033546262790251185,1.810426540150504,0.00033546262790251185
2026-01-17,2526,48,Sunderland,Crystal Palace,R Jones,yellows,away,3,1.9164951578010523,0.00033546262790251185,1.810426540150504,0.00033546262790251185
2026-01-17,2526,48,Tottenham,West Ham,J Gillett,yellows,away,3,1.993567455483783,0.00033546262790251185,1.810426540150504,0.00033546262790251185
2026-01-18,2526,48,Aston Villa,Everton,T Harrington,yellows,away,2,2.566273950491418,0.00033546262790251185,1.810426540150504,0.00033546262790251185
2026-01-18,2526,48,Wolves,Newcastle,S Barrott,yellows,away,2,1.7284395177974838,0.00033546262790251185,1.810426540150504,0.00033546262790251185
2026-01-19,2526,48,Brighton,Bournemouth,P Tierney,yellows,away,3,2.7191952778024584,0.00033546262790251185,1.810426540150504,0.00033546262790251185
2026-01-17,2526,48,Chelsea,Brentford,J Brooks,reds,home,0,0.06413475050797929,0.0,0.05853080568720378,0.0
2026-01-17,2526,48,Leeds,Fulham,C Kavanagh,reds,home,0,0.058111904537063504,0.0,0.05853080568720378,0.0
2026-01-17,2526,48,Liverpool,Burnley,A Madley,reds,home,0,0.05279180138091332,0.0,0.05853080568720378,0.0
2026-01-17,2526,48,Man United,Man City,A Taylor,reds,home,0,0.05444510453037648,0.0,0.05853080568720378,0.0
2026-01-17,2526,48,Nott'm Forest,Arsenal,M Oliver,reds,home,0,0.053816509749591075,0.0,0.05853080568720378,0.0
2026-01-17,2526,48,Sunderland,Crystal Palace,R Jones,reds,home,0,0.06307969550139862,0.0,0.05853080568720378,0.0
2026-01-17,2526,48,Tottenham,West Ham,J Gillett,reds,home,0,0.05355309599383104,0.0,0.05853080568720378,0.0
2026-01-18,2526,48,Aston Villa,Everton,T Harrington,reds,home,0,0.05262489526698437,0.0,0.05853080568720378,0.0
2026-01-18,2526,48,Wolves,Newcastle,S Barrott,reds,home,0,0.06609911204126497,0.0,0.05853080568720378,0.0
2026-01-19,2526,48,Brighton,Bournemouth,P Tierney,reds,home,0,0.060013509082983585,0.0,0.05853080568720378,0.0
2026-01-17,2526,48,Chelsea,Brentford,J Brooks,reds,away,0,0.05760408809462335,0.0,0.05853080568720378,0.0
2026-01-17,2526,48,Leeds,Fulham,C Kavanagh,reds,away,0,0.057029831175777215,0.0,0.05853080568720378,0.0
2026-01-17,2526,48,Liverpool,Burnley,A Madley,reds,away,0,0.06449441432393933,0.0,0.05853080568720378,0.0
2026-01-17,2526,48,Man United,Man City,A Taylor,reds,away,0,0.05164589129615382,0.0,0.05853080568720378,0.0
2026-01-17,2526,48,Nott'm Forest,Arsenal,M Oliver,reds,away,0,0.0656285691901763,0.0,0.05853080568720378,0.0
2026-01-17,2526,48,Sunderland,Crystal Palace,R Jones,reds,away,0,0.05749264144580695,0.0,0.05853080568720378,0.0
2026-01-17,2526,48,Tottenham,West Ham,J Gillett,reds,away,0,0.06488347924479596,0.0,0.05853080568720378,0.0
2026-01-18,2526,48,Aston Villa,Everton,T Harrington,reds,away,0,0.0660287307142437,0.0,0.05853080568720378,0.0
2026-01-18,2526,48,Wolves,Newcastle,S Barrott,reds,away,0,0.05749366071055187,0.0,0.05853080568720378,0.0
2026-01-19,2526,48,Brighton,Bournemouth,P Tierney,reds,away,0,0.058871373561745946,0.0,0.05853080568720378,0.0
2026-01-17,2526,48,Chelsea,Brentford,J Brooks,corners,home,3,6.662323026110618,0.07556636193095709,5.155687175778424,0.14439989894377736
2026-01-17,2526,48,Leeds,Fulham,C Kavanagh,corners,home,7,5.295478651948825,0.07556636193095709,5.155687175778424,0.14439989894377736
2026-01-17,2526,48,Liverpool,Burnley,A Madley,corners,home,9,7.355160693145094,0.07556636193095709,5.155687175778424,0.14439989894377736
2026-01-17,2526,48,Man United,Man City,A Taylor,corners,home,1,4.044428020792743,0.07556636193095709,5.155687175778424,0.14439989894377736
2026-01-17,2526,48,Nott'm Forest,Arsenal,M Oliver,corners,home,4,3.540406129800513,0.07556636193095709,5.155687175778424,0.14439989894377736
2026-01-17,2526,48,Sunderland,Crystal Palace,R Jones,corners,home,3,4.575860681381687,0.07556636193095709,5.155687175778424,0.14439989894377736
2026-01-17,2526,48,Tottenham,West Ham,J Gillett,corners,home,11,6.582115098189017,0.07556636193095709,5.155687175778424,0.14439989894377736
2026-01-18,2526,48,Aston Villa,Everton,T Harrington,corners,home,6,6.548821825288979,0.07556636193095709,5.155687175778424,0.14439989894377736
2026-01-18,2526,48,Wolves,Newcastle,S Barrott,corners,home,4,4.480702411172143,0.07556636193095709,5.155687175778424,0.14439989894377736
2026-01-19,2526,48,Brighton,Bournemouth,P Tierney,corners,home,11,5.210486831854355,0.07556636193095709,5.155687175778424,0.14439989894377736
2026-01-17,2526,48,Chelsea,Brentford,J Brooks,corners,away,9,3.856024598748101,0.07556636193095709,5.155687175778424,0.14439989894377736
2026-01-17,2526,48,Leeds,Fulham,C Kavanagh,corners,away,3,3.9025237569140505,0.07556636193095709,5.155687175778424,0.14439989894377736
2026-01-17,2526,48,Liverpool,Burnley,A Madley,corners,away,1,3.255901615345599,0.07556636193095709,5.155687175778424,0.14439989894377736
2026-01-17,2526,48,Man United,Man City,A Taylor,corners,away,6,5.620546538903703,0.07556636193095709,5.155687175778424,0.14439989894377736
2026-01-17,2526,48,Nott'm Forest,Arsenal,M Oliver,corners,away,9,5.716804741298907,0.07556636193095709,5.155687175778424,0.14439989894377736
2026-01-17,2526,48,Sunderland,Crystal Palace,R Jones,corners,away,4,3.9833817309484387,0.07556636193095709,5.155687175778424,0.14439989894377736
2026-01-17,2526,48,Tottenham,West Ham,J Gillett,corners,away,5,4.604311929227257,0.07556636193095709,5.155687175778424,0.14439989894377736
2026-01-18,2526,48,Aston Villa,Everton,T Harrington,corners,away,4,3.827775806464365,0.07556636193095709,5.155687175778424,0.14439989894377736
2026-01-18,2526,48,Wolves,Newcastle,S Barrott,corners,away,7,6.2431798927078255,0.07556636193095709,5.155687175778424,0.14439989894377736
2026-01-19,2526,48,Brighton,Bournemouth,P Tierney,corners,away,6,4.863723775516104,0.07556636193095709,5.155687175778424,0.14439989894377736
2026-01-17,2526,48,Chelsea,Brentford,J Brooks,fouls,home,7,10.13084941292112,0.00033546262790251185,10.763981252827918,0.014164081427252053
2026-01-17,2526,48,Leeds,Fulham,C Kavanagh,fouls,home,6,9.532786802218855,0.00033546262790251185,10.763981252827918,0.014164081427252053
2026-01-17,2526,48,Liverpool,Burnley,A Madley,fouls,home,8,9.155940395534083,0.00033546262790251185,10.763981252827918,0.014164081427252053
2026-01-17,2526,48,Man United,Man City,A Taylor,fouls,home,13,9.877359682596483,0.00033546262790251185,10.763981252827918,0.014164081427252053
2026-01-17,2526,48,Nott'm Forest,Arsenal,M Oliver,fouls,home,8,10.783310734751737,0.00033546262790251185,10.763981252827918,0.014164081427252053
2026-01-17,2526,48,Sunderland,Crystal Palace,R Jones,fouls,home,8,9.593316233357736,0.00033546262790251185,10.763981252827918,0.014164081427252053
2026-01-17,2526,48,Tottenham,West Ham,J Gillett,fouls,home,12,10.437429259558883,0.00033546262790251185,10.763981252827918,0.014164081427252053
2026-01-18,2526,48,Aston Villa,Everton,T Harrington,fouls,home,15,9.943975067265018,0.00033546262790251185,10.763981252827918,0.014164081427252053
2026-01-18,2526,48,Wolves,Newcastle,S Barrott,fouls,home,14,12.200377610473975,0.00033546262790251185,10.763981252827918,0.014164081427252053
2026-01-19,2526,48,Brighton,Bournemouth,P Tierney,fouls,home,7,11.46836321402666,0.00033546262790251185,10.763981252827918,0.014164081427252053
2026-01-17,2526,48,Chelsea,Brentford,J Brooks,fouls,away,10,11.027965111805704,0.00033546262790251185,10.763981252827918,0.014164081427252053
2026-01-17,2526,48,Leeds,Fulham,C Kavanagh,fouls,away,11,11.813236304589822,0.00033546262790251185,10.763981252827918,0.014164081427252053
2026-01-17,2526,48,Liverpool,Burnley,A Madley,fouls,away,10,10.263760490613878,0.00033546262790251185,10.763981252827918,0.014164081427252053
2026-01-17,2526,48,Man United,Man City,A Taylor,fouls,away,8,8.732825690511486,0.00033546262790251185,10.763981252827918,0.014164081427252053
2026-01-17,2526,48,Nott'm Forest,Arsenal,M Oliver,fouls,away,14,11.156259916121385,0.00033546262790251185,10.763981252827918,0.014164081427252053
2026-01-17,2526,48,Sunderland,Crystal Palace,R Jones,fouls,away,15,10.645473524858353,0.00033546262790251185,10.763981252827918,0.014164081427252053
2026-01-17,2526,48,Tottenham,West Ham,J Gillett,fouls,away,17,10.753229217230716,0.00033546262790251185,10.763981252827918,0.014164081427252053
2026-01-18,2526,48,Aston Villa,Everton,T Harrington,fouls,away,13,13.39798105417263,0.00033546262790251185,10.763981252827918,0.014164081427252053
2026-01-18,2526,48,Wolves,Newcastle,S Barrott,fouls,away,8,9.867587067666808,0.00033546262790251185,10.763981252827918,0.014164081427252053
2026-01-19,2526,48,Brighton,Bournemouth,P Tierney,fouls,away,6,13.365301355763664,0.00033546262790251185,10.763981252827918,0.014164081427252053
2026-01-24,2526,49,Bournemouth,Liverpool,M Salisbury,yellows,home,1,2.0565365064155174,0.00033546262790251185,1.8129716977138264,0.00033546262790251185
2026-01-24,2526,49,Burnley,Tottenham,P Bankes,yellows,home,1,1.6203684586963638,0.00033546262790251185,1.8129716977138264,0.00033546262790251185
2026-01-24,2526,49,Fulham,Brighton,M Oliver,yellows,home,1,1.951174487431906,0.00033546262790251185,1.8129716977138264,0.00033546262790251185
2026-01-24,2526,49,Man City,Wolves,F Hallam,yellows,home,1,1.3561154570544074,0.00033546262790251185,1.8129716977138264,0.00033546262790251185
2026-01-24,2526,49,West Ham,Sunderland,T Bramall,yellows,home,2,1.529358056314497,0.00033546262790251185,1.8129716977138264,0.00033546262790251185
2026-01-25,2526,49,Arsenal,Man United,C Pawson,yellows,home,2,1.4032821218139613,0.00033546262790251185,1.8129716977138264,0.00033546262790251185
2026-01-25,2526,49,Brentford,Nott'm Forest,S Barrott,yellows,home,1,1.8711767592408488,0.00033546262790251185,1.8129716977138264,0.00033546262790251185
2026-01-25,2526,49,Crystal Palace,Chelsea,D England,yellows,home,2,1.953699468664361,0.00033546262790251185,1.8129716977138264,0.00033546262790251185
2026-01-25,2526,49,Newcastle,Aston Villa,J Gillett,yellows,home,1,1.869504146992999,0.00033546262790251185,1.8129716977138264,0.00033546262790251185
2026-01-26,2526,49,Everton,Leeds,S Hooper,yellows,home,0,1.7196558328438598,0.00033546262790251185,1.8129716977138264,0.00033546262790251185
2026-01-24,2526,49,Bournemouth,Liverpool,M Salisbury,yellows,away,1,1.9956770904326644,0.00033546262790251185,1.8129716977138264,0.00033546262790251185
2026-01-24,2526,49,Burnley,Tottenham,P Bankes,yellows,away,0,1.990183119023803,0.00033546262790251185,1.8129716977138264,0.00033546262790251185
2026-01-24,2526,49,Fulham,Brighton,M Oliver,yellows,away,1,1.9403581367281495,0.00033546262790251185,1.8129716977138264,0.00033546262790251185
2026-01-24,2526,49,Man City,Wolves,F Hallam,yellows,away,3,2.296239679004327,0.00033546262790251185,1.8129716977138264,0.00033546262790251185
2026-01-24,2526,49,West Ham,Sunderland,T Bramall,yellows,away,4,1.9228887616924386,0.00033546262790251185,1.8129716977138264,0.00033546262790251185
2026-01-25,2526,49,Arsenal,Man United,C Pawson,yellows,away,0,1.825112525796459,0.00033546262790251185,1.8129716977138264,0.00033546262790251185
2026-01-25,2526,49,Brentford,Nott'm Forest,S Barrott,yellows,away,0,2.0441104118260993,0.00033546262790251185,1.8129716977138264,0.00033546262790251185
2026-01-25,2526,49,Crystal Palace,Chelsea,D England,yellows,away,2,2.5508877975967748,0.00033546262790251185,1.8129716977138264,0.00033546262790251185
2026-01-25,2526,49,Newcastle,Aston Villa,J Gillett,yellows,away,2,2.302659424925977,0.00033546262790251185,1.8129716977138264,0.00033546262790251185
2026-01-26,2526,49,Everton,Leeds,S Hooper,yellows,away,3,1.6287272602449048,0.00033546262790251185,1.8129716977138264,0.00033546262790251185
2026-01-24,2526,49,Bournemouth,Liverpool,M Salisbury,reds,home,0,0.06059331457091076,0.0,0.05825471698113208,0.0
2026-01-24,2526,49,Burnley,Tottenham,P Bankes,reds,home,0,0.06535220957340065,0.0,0.05825471698113208,0.0
2026-01-24,2526,49,Fulham,Brighton,M Oliver,reds,home,0,0.05950624071716888,0.0,0.05825471698113208,0.0
2026-01-24,2526,49,Man City,Wolves,F Hallam,reds,home,0,0.05718366073006273,0.0,0.05825471698113208,0.0
2026-01-24,2526,49,West Ham,Sunderland,T Bramall,reds,home,0,0.059113843030152755,0.0,0.05825471698113208,0.0
2026-01-25,2526,49,Arsenal,Man United,C Pawson,reds,home,0,0.060175198726504564,0.0,0.05825471698113208,0.0
2026-01-25,2526,49,Brentford,Nott'm Forest,S Barrott,reds,home,0,0.05679454902408474,0.0,0.05825471698113208,0.0
2026-01-25,2526,49,Crystal Palace,Chelsea,D England,reds,home,1,0.06039490117034977,0.0,0.05825471698113208,0.0
2026-01-25,2526,49,Newcastle,Aston Villa,J Gillett,reds,home,0,0.05717411555875643,0.0,0.05825471698113208,0.0
2026-01-26,2526,49,Everton,Leeds,S Hooper,reds,home,0,0.06049592131046137,0.0,0.05825471698113208,0.0
2026-01-24,2526,49,Bournemouth,Liverpool,M Salisbury,reds,away,0,0.05566245401657774,0.0,0.05825471698113208,0.0
2026-01-24,2526,49,Burnley,Tottenham,P Bankes,reds,away,0,0.05541703021713383,0.0,0.05825471698113208,0.0
2026-01-24,2526,49,Fulham,Brighton,M Oliver,reds,away,0,0.06059255526102051,0.0,0.05825471698113208,0.0
2026-01-24,2526,49,Man City,Wolves,F Hallam,reds,away,0,0.06029462520499415,0.0,0.05825471698113208,0.0
2026-01-24,2526,49,West Ham,Sunderland,T Bramall,reds,away,0,0.05351736748092435,0.0,0.05825471698113208,0.0
2026-01-25,2526,49,Arsenal,Man United,C Pawson,reds,away,0,0.053313519669786306,0.0,0.05825471698113208,0.0
2026-01-25,2526,49,Brentford,Nott'm Forest,S Barrott,reds,away,0,0.055586169855533774,0.0,0.05825471698113208,0.0
2026-01-25,2526,49,Crystal Palace,Chelsea,D England,reds,away,0,0.06697701632077598,0.0,0.05825471698113208,0.0
2026-01-25,2526,49,Newcastle,Aston Villa,J Gillett,reds,away,0,0.06350166583032271,0.0,0.05825471698113208,0.0
2026-01-26,2526,49,Everton,Leeds,S Hooper,reds,away,0,0.05081677653187371,0.0,0.05825471698113208,0.0
2026-01-24,2526,49,Bournemouth,Liverpool,M Salisbury,corners,home,3,4.93453655812357,0.07352482848196942,5.158018830862828,0.1442195578998874
2026-01-24,2526,49,Burnley,Tottenham,P Bankes,corners,home,1,4.611701971947901,0.07352482848196942,5.158018830862828,0.1442195578998874
2026-01-24,2526,49,Fulham,Brighton,M Oliver,corners,home,6,4.965396854882064,0.07352482848196942,5.158018830862828,0.1442195578998874
2026-01-24,2526,49,Man City,Wolves,F Hallam,corners,home,4,7.30237671581363,0.07352482848196942,5.158018830862828,0.1442195578998874
2026-01-24,2526,49,West Ham,Sunderland,T Bramall,corners,home,3,4.933434651792918,0.07352482848196942,5.158018830862828,0.1442195578998874
2026-01-25,2526,49,Arsenal,Man United,C Pawson,corners,home,9,6.403264656336886,0.07352482848196942,5.158018830862828,0.1442195578998874
2026-01-25,2526,49,Brentford,Nott'm Forest,S Barrott,corners,home,6,5.676886341739234,0.07352482848196942,5.158018830862828,0.1442195578998874
2026-01-25,2526,49,Crystal Palace,Chelsea,D England,corners,home,4,4.135945546497898,0.07352482848196942,5.158018830862828,0.1442195578998874
2026-01-25,2526,49,Newcastle,Aston Villa,J Gillett,corners,home,6,5.983103004497544,0.07352482848196942,5.158018830862828,0.1442195578998874
2026-01-26,2526,49,Everton,Leeds,S Hooper,corners,home,4,3.925965755718493,0.07352482848196942,5.158018830862828,0.1442195578998874
2026-01-24,2526,49,Bournemouth,Liverpool,M Salisbury,corners,away,11,5.608219844440272,0.07352482848196942,5.158018830862828,0.1442195578998874
2026-01-24,2526,49,Burnley,Tottenham,P Bankes,corners,away,3,5.907321124878984,0.07352482848196942,5.158018830862828,0.1442195578998874
2026-01-24,2526,49,Fulham,Brighton,M Oliver,corners,away,6,4.891186011006468,0.07352482848196942,5.158018830862828,0.1442195578998874
2026-01-24,2526,49,Man City,Wolves,F Hallam,corners,away,6,2.7221252258639246,0.07352482848196942,5.158018830862828,0.1442195578998874
2026-01-24,2526,49,West Ham,Sunderland,T Bramall,corners,away,3,4.327162088555532,0.07352482848196942,5.158018830862828,0.1442195578998874
2026-01-25,2526,49,Arsenal,Man United,C Pawson,corners,away,2,3.2005306239829303,0.07352482848196942,5.158018830862828,0.1442195578998874
2026-01-25,2526,49,Brentford,Nott'm Forest,S Barrott,corners,away,5,4.737505494658303,0.07352482848196942,5.158018830862828,0.1442195578998874
2026-01-25,2526,49,Crystal Palace,Chelsea,D England,corners,away,5,5.314489529772678,0.07352482848196942,5.158018830862828,0.1442195578998874
2026-01-25,2526,49,Newcastle,Aston Villa,J Gillett,corners,away,5,5.271078991435762,0.07352482848196942,5.158018830862828,0.1442195578998874
2026-01-26,2526,49,Everton,Leeds,S Hooper,corners,away,4,4.971104133453594,0.07352482848196942,5.158018830862828,0.1442195578998874
2026-01-24,2526,49,Bournemouth,Liverpool,M Salisbury,fouls,home,7,12.353787013030637,0.00033546262790251185,10.762735880299594,0.014120374355536308
2026-01-24,2526,49,Burnley,Tottenham,P Bankes,fouls,home,8,10.48371025028793,0.00033546262790251185,10.762735880299594,0.014120374355536308
2026-01-24,2526,49,Fulham,Brighton,M Oliver,fouls,home,10,10.830624330526314,0.00033546262790251185,10.762735880299594,0.014120374355536308
2026-01-24,2526,49,Man City,Wolves,F Hallam,fouls,home,16,8.931708462835434,0.00033546262790251185,10.762735880299594,0.014120374355536308
2026-01-24,2526,49,West Ham,Sunderland,T Bramall,fouls,home,9,10.405960816445955,0.00033546262790251185,10.762735880299594,0.014120374355536308
2026-01-25,2526,49,Arsenal,Man United,C Pawson,fouls,home,11,9.593579461806065,0.00033546262790251185,10.762735880299594,0.014120374355536308
2026-01-25,2526,49,Brentford,Nott'm Forest,S Barrott,fouls,home,11,9.530720208303698,0.00033546262790251185,10.762735880299594,0.014120374355536308
2026-01-25,2526,49,Crystal Palace,Chelsea,D England,fouls,home,11,11.80164331828699,0.00033546262790251185,10.762735880299594,0.014120374355536308
2026-01-25,2526,49,Newcastle,Aston Villa,J Gillett,fouls,home,7,11.821814837598039,0.00033546262790251185,10.762735880299594,0.014120374355536308
2026-01-26,2526,49,Everton,Leeds,S Hooper,fouls,home,9,11.050687086897355,0.00033546262790251185,10.762735880299594,0.014120374355536308
2026-01-24,2526,49,Bournemouth,Liverpool,M Salisbury,fouls,away,7,11.166083352083346,0.00033546262790251185,10.762735880299594,0.014120374355536308
2026-01-24,2526,49,Burnley,Tottenham,P Bankes,fouls,away,9,10.038845511697199,0.00033546262790251185,10.762735880299594,0.014120374355536308
2026-01-24,2526,49,Fulham,Brighton,M Oliver,fouls,away,6,10.88559746550311,0.00033546262790251185,10.762735880299594,0.014120374355536308
2026-01-24,2526,49,Man City,Wolves,F Hallam,fouls,away,14,12.941286333384245,0.00033546262790251185,10.762735880299594,0.014120374355536308
2026-01-24,2526,49,West Ham,Sunderland,T Bramall,fouls,away,16,10.185422839283477,0.00033546262790251185,10.762735880299594,0.014120374355536308
2026-01-25,2526,49,Arsenal,Man United,C Pawson,fouls,away,9,10.703992123458049,0.00033546262790251185,10.762735880299594,0.014120374355536308
2026-01-25,2526,49,Brentford,Nott'm Forest,S Barrott,fouls,away,10,9.360333397134323,0.00033546262790251185,10.762735880299594,0.014120374355536308
2026-01-25,2526,49,Crystal Palace,Chelsea,D England,fouls,away,10,11.296562315672844,0.00033546262790251185,10.762735880299594,0.014120374355536308
2026-01-25,2526,49,Newcastle,Aston Villa,J Gillett,fouls,away,12,10.784470660359359,0.00033546262790251185,10.762735880299594,0.014120374355536308
2026-01-26,2526,49,Everton,Leeds,S Hooper,fouls,away,13,10.681095266588134,0.00033546262790251185,10.762735880299594,0.014120374355536308
2026-01-31,2526,50,Brighton,Everton,C Kavanagh,yellows,home,1,1.7181931170686922,0.00033546262790251185,1.8110329868906474,0.00033546262790251185
2026-01-31,2526,50,Chelsea,West Ham,A Taylor,yellows,home,3,1.891573231026216,0.00033546262790251185,1.8110329868906474,0.00033546262790251185
2026-01-31,2526,50,Leeds,Arsenal,S Attwell,yellows,home,1,1.5639082015574146,0.00033546262790251185,1.8110329868906474,0.00033546262790251185
2026-01-31,2526,50,Liverpool,Newcastle,S Hooper,yellows,home,1,1.8354218907373532,0.00033546262790251185,1.8110329868906474,0.00033546262790251185
2026-01-31,2526,50,Wolves,Bournemouth,M Oliver,yellows,home,3,1.7798064537854166,0.00033546262790251185,1.8110329868906474,0.00033546262790251185
2026-02-01,2526,50,Aston Villa,Brentford,T Robinson,yellows,home,0,1.577340579424176,0.00033546262790251185,1.8110329868906474,0.00033546262790251185
2026-02-01,2526,50,Man United,Fulham,J Brooks,yellows,home,2,1.4021929492779732,0.00033546262790251185,1.8110329868906474,0.00033546262790251185
2026-02-01,2526,50,Nott'm Forest,Crystal Palace,M Salisbury,yellows,home,1,1.7139687212058394,0.00033546262790251185,1.8110329868906474,0.00033546262790251185
2026-02-01,2526,50,Tottenham,Man City,R Jones,yellows,home,3,2.060925022855266,0.00033546262790251185,1.8110329868906474,0.00033546262790251185
2026-02-02,2526,50,Sunderland,Burnley,P Tierney,yellows,home,1,1.444319708160412,0.00033546262790251185,1.8110329868906474,0.00033546262790251185
2026-01-31,2526,50,Brighton,Everton,C Kavanagh,yellows,away,2,2.3033172249499994,0.00033546262790251185,1.8110329868906474,0.00033546262790251185
2026-01-31,2526,50,Chelsea,West Ham,A Taylor,yellows,away,2,2.26095226817609,0.00033546262790251185,1.8110329868906474,0.00033546262790251185
2026-01-31,2526,50,Leeds,Arsenal,S Attwell,yellows,away,1,1.7066082397249724,0.00033546262790251185,1.8110329868906474,0.00033546262790251185
2026-01-31,2526,50,Liverpool,Newcastle,S Hooper,yellows,away,3,1.8441568049836032,0.00033546262790251185,1.8110329868906474,0.00033546262790251185
2026-01-31,2526,50,Wolves,Bournemouth,M Oliver,yellows,away,3,2.123606121346385,0.00033546262790251185,1.8110329868906474,0.00033546262790251185
2026-02-01,2526,50,Aston Villa,Brentford,T Robinson,yellows,away,3,2.577364178771531,0.00033546262790251185,1.8110329868906474,0.00033546262790251185
2026-02-01,2526,50,Man United,Fulham,J Brooks,yellows,away,1,2.4362004247284985,0.00033546262790251185,1.8110329868906474,0.00033546262790251185
2026-02-01,2526,50,Nott'm Forest,Crystal Palace,M Salisbury,yellows,away,3,2.231425426029565,0.00033546262790251185,1.8110329868906474,0.00033546262790251185
2026-02-01,2526,50,Tottenham,Man City,R Jones,yellows,away,3,1.870074238705477,0.00033546262790251185,1.8110329868906474,0.00033546262790251185
2026-02-02,2526,50,Sunderland,Burnley,P Tierney,yellows,away,4,1.7843321941740962,0.00033546262790251185,1.8110329868906474,0.00033546262790251185
2026-01-31,2526,50,Brighton,Everton,C Kavanagh,reds,home,0,0.05315906769240063,0.0,0.05821596244131456,0.0
2026-01-31,2526,50,Chelsea,West Ham,A Taylor,reds,home,0,0.05702351194789604,0.0,0.05821596244131456,0.0
2026-01-31,2526,50,Leeds,Arsenal,S Attwell,reds,home,0,0.05548271364446358,0.0,0.05821596244131456,0.0
2026-01-31,2526,50,Liverpool,Newcastle,S Hooper,reds,home,0,0.06005498845398543,0.0,0.05821596244131456,0.0
2026-01-31,2526,50,Wolves,Bournemouth,M Oliver,reds,home,0,0.06062596184091975,0.0,0.05821596244131456,0.0
2026-02-01,2526,50,Aston Villa,Brentford,T Robinson,reds,home,0,0.05934816350113376,0.0,0.05821596244131456,0.0
2026-02-01,2526,50,Man United,Fulham,J Brooks,reds,home,0,0.055255204695228745,0.0,0.05821596244131456,0.0
2026-02-01,2526,50,Nott'm Forest,Crystal Palace,M Salisbury,reds,home,0,0.05822385640104206,0.0,0.05821596244131456,0.0
2026-02-01,2526,50,Tottenham,Man City,R Jones,reds,home,0,0.05807127589324826,0.0,0.05821596244131456,0.0
2026-02-02,2526,50,Sunderland,Burnley,P Tierney,reds,home,0,0.05542623955238925,0.0,0.05821596244131456,0.0
2026-01-31,2526,50,Brighton,Everton,C Kavanagh,reds,away,0,0.06332197835095538,0.0,0.05821596244131456,0.0
2026-01-31,2526,50,Chelsea,West Ham,A Taylor,reds,away,1,0.06339036896564725,0.0,0.05821596244131456,0.0
2026-01-31,2526,50,Leeds,Arsenal,S Attwell,reds,away,0,0.061478045339234004,0.0,0.05821596244131456,0.0
2026-01-31,2526,50,Liverpool,Newcastle,S Hooper,reds,away,0,0.056980621971243255,0.0,0.05821596244131456,0.0
2026-01-31,2526,50,Wolves,Bournemouth,M Oliver,reds,away,0,0.060507309873554085,0.0,0.05821596244131456,0.0
2026-02-01,2526,50,Aston Villa,Brentford,T Robinson,reds,away,0,0.058089582764824996,0.0,0.05821596244131456,0.0
2026-02-01,2526,50,Man United,Fulham,J Brooks,reds,away,0,0.05521812661857915,0.0,0.05821596244131456,0.0
2026-02-01,2526,50,Nott'm Forest,Crystal Palace,M Salisbury,reds,away,0,0.06076899104894598,0.0,0.05821596244131456,0.0
2026-02-01,2526,50,Tottenham,Man City,R Jones,reds,away,0,0.05799101710436897,0.0,0.05821596244131456,0.0
2026-02-02,2526,50,Sunderland,Burnley,P Tierney,reds,away,0,0.059583184970726163,0.0,0.05821596244131456,0.0
2026-01-31,2526,50,Brighton,Everton,C Kavanagh,corners,home,5,6.048845710512514,0.0710693873791915,5.156337996824808,0.14358545523889268
2026-01-31,2526,50,Chelsea,West Ham,A Taylor,corners,home,9,6.760951571394357,0.0710693873791915,5.156337996824808,0.14358545523889268
2026-01-31,2526,50,Leeds,Arsenal,S Attwell,corners,home,4,3.4865187654524985,0.0710693873791915,5.156337996824808,0.14358545523889268
2026-01-31,2526,50,Liverpool,Newcastle,S Hooper,corners,home,7,6.784586761619534,0.0710693873791915,5.156337996824808,0.14358545523889268
2026-01-31,2526,50,Wolves,Bournemouth,M Oliver,corners,home,5,4.5118147680245215,0.0710693873791915,5.156337996824808,0.14358545523889268
2026-02-01,2526,50,Aston Villa,Brentford,T Robinson,corners,home,12,6.146722834971106,0.0710693873791915,5.156337996824808,0.14358545523889268
2026-02-01,2526,50,Man United,Fulham,J Brooks,corners,home,3,5.565132812498719,0.0710693873791915,5.156337996824808,0.14358545523889268
2026-02-01,2526,50,Nott'm Forest,Crystal Palace,M Salisbury,corners,home,5,5.23052059973265,0.0710693873791915,5.156337996824808,0.14358545523889268
2026-02-01,2526,50,Tottenham,Man City,R Jones,corners,home,3,4.383604949826534,0.0710693873791915,5.156337996824808,0.14358545523889268
2026-02-02,2526,50,Sunderland,Burnley,P Tierney,corners,home,1,4.901837319719461,0.0710693873791915,5.156337996824808,0.14358545523889268
2026-01-31,2526,50,Brighton,Everton,C Kavanagh,corners,away,2,3.8659953009717496,0.0710693873791915,5.156337996824808,0.14358545523889268
2026-01-31,2526,50,Chelsea,West Ham,A Taylor,corners,away,3,3.8252070011757806,0.0710693873791915,5.156337996824808,0.14358545523889268
2026-01-31,2526,50,Leeds,Arsenal,S Attwell,corners,away,12,4.601640762319525,0.0710693873791915,5.156337996824808,0.14358545523889268
2026-01-31,2526,50,Liverpool,Newcastle,S Hooper,corners,away,11,4.472648130503631,0.0710693873791915,5.156337996824808,0.14358545523889268
2026-01-31,2526,50,Wolves,Bournemouth,M Oliver,corners,away,6,5.902919114263184,0.0710693873791915,5.156337996824808,0.14358545523889268
2026-02-01,2526,50,Aston Villa,Brentford,T Robinson,corners,away,1,4.303095215965919,0.0710693873791915,5.156337996824808,0.14358545523889268
2026-02-01,2526,50,Man United,Fulham,J Brooks,corners,away,7,4.77080473094302,0.0710693873791915,5.156337996824808,0.14358545523889268
2026-02-01,2526,50,Nott'm Forest,Crystal Palace,M Salisbury,corners,away,7,4.4179939668507,0.0710693873791915,5.156337996824808,0.14358545523889268
2026-02-01,2526,50,Tottenham,Man City,R Jones,corners,away,4,5.660476418880525,0.0710693873791915,5.156337996824808,0.14358545523889268
2026-02-02,2526,50,Sunderland,Burnley,P Tierney,corners,away,2,3.591259835011873,0.0710693873791915,5.156337996824808,0.14358545523889268
2026-01-31,2526,50,Brighton,Everton,C Kavanagh,fouls,home,13,11.305435253916153,0.00033546262790251185,10.760328598041301,0.013958800069167726
2026-01-31,2526,50,Chelsea,West Ham,A Taylor,fouls,home,11,10.874557888710296,0.00033546262790251185,10.760328598041301,0.013958800069167726
2026-01-31,2526,50,Leeds,Arsenal,S Attwell,fouls,home,10,9.766958511388637,0.00033546262790251185,10.760328598041301,0.013958800069167726
2026-01-31,2526,50,Liverpool,Newcastle,S Hooper,fouls,home,11,10.775624365690783,0.00033546262790251185,10.760328598041301,0.013958800069167726
2026-01-31,2526,50,Wolves,Bournemouth,M Oliver,fouls,home,11,12.355126289826838,0.00033546262790251185,10.760328598041301,0.013958800069167726
2026-02-01,2526,50,Aston Villa,Brentford,T Robinson,fouls,home,8,9.756491581217551,0.00033546262790251185,10.760328598041301,0.013958800069167726
2026-02-01,2526,50,Man United,Fulham,J Brooks,fouls,home,6,9.2894760594958,0.00033546262790251185,10.760328598041301,0.013958800069167726
2026-02-01,2526,50,Nott'm Forest,Crystal Palace,M Salisbury,fouls,home,4,10.237940310365344,0.00033546262790251185,10.760328598041301,0.013958800069167726
2026-02-01,2526,50,Tottenham,Man City,R Jones,fouls,home,15,11.010506821367544,0.00033546262790251185,10.760328598041301,0.013958800069167726
2026-02-02,2526,50,Sunderland,Burnley,P Tierney,fouls,home,12,8.830986860202799,0.00033546262790251185,10.760328598041301,0.013958800069167726
2026-01-31,2526,50,Brighton,Everton,C Kavanagh,fouls,away,14,11.034866796592553,0.00033546262790251185,10.760328598041301,0.013958800069167726
2026-01-31,2526,50,Chelsea,West Ham,A Taylor,fouls,away,13,11.929421711960783,0.00033546262790251185,10.760328598041301,0.013958800069167726
2026-01-31,2526,50,Leeds,Arsenal,S Attwell,fouls,away,7,10.515708045049129,0.00033546262790251185,10.760328598041301,0.013958800069167726
2026-01-31,2526,50,Liverpool,Newcastle,S Hooper,fouls,away,7,9.84462180078994,0.00033546262790251185,10.760328598041301,0.013958800069167726
2026-01-31,2526,50,Wolves,Bournemouth,M Oliver,fouls,away,15,13.070424118467649,0.00033546262790251185,10.760328598041301,0.013958800069167726
2026-02-01,2526,50,Aston Villa,Brentford,T Robinson,fouls,away,8,12.871673135608997,0.00033546262790251185,10.760328598041301,0.013958800069167726
2026-02-01,2526,50,Man United,Fulham,J Brooks,fouls,away,9,10.733725254041403,0.00033546262790251185,10.760328598041301,0.013958800069167726
2026-02-01,2526,50,Nott'm Forest,Crystal Palace,M Salisbury,fouls,away,12,11.877334184551016,0.00033546262790251185,10.760328598041301,0.013958800069167726
2026-02-01,2526,50,Tottenham,Man City,R Jones,fouls,away,12,9.851123741326706,0.00033546262790251185,10.760328598041301,0.013958800069167726
2026-02-02,2526,50,Sunderland,Burnley,P Tierney,fouls,away,10,10.40376948161672,0.00033546262790251185,10.760328598041301,0.013958800069167726
2026-02-06,2526,51,Leeds,Nott'm Forest,P Bankes,yellows,home,1,1.6603161087822436,0.00033546262790251185,1.8121495324700492,0.00033546262790251185
2026-02-07,2526,51,Arsenal,Sunderland,S Barrott,yellows,home,1,1.4482852363090506,0.00033546262790251185,1.8121495324700492,0.00033546262790251185
2026-02-07,2526,51,Bournemouth,Aston Villa,A Taylor,yellows,home,1,2.4637977327981275,0.00033546262790251185,1.8121495324700492,0.00033546262790251185
2026-02-07,2526,51,Burnley,West Ham,D England,yellows,home,3,1.5085512608528402,0.00033546262790251185,1.8121495324700492,0.00033546262790251185
2026-02-07,2526,51,Fulham,Everton,S Attwell,yellows,home,1,1.636986452249676,0.00033546262790251185,1.8121495324700492,0.00033546262790251185
2026-02-07,2526,51,Man United,Tottenham,M Oliver,yellows,home,1,1.5565629852420926,0.00033546262790251185,1.8121495324700492,0.00033546262790251185
2026-02-07,2526,51,Newcastle,Brentford,A Madley,yellows,home,2,1.3868058292730696,0.00033546262790251185,1.8121495324700492,0.00033546262790251185
2026-02-07,2526,51,Wolves,Chelsea,J Gillett,yellows,home,1,2.1074291022510265,0.00033546262790251185,1.8121495324700492,0.00033546262790251185
2026-02-08,2526,51,Brighton,Crystal Palace,T Bramall,yellows,home,1,1.894018036159307,0.00033546262790251185,1.8121495324700492,0.00033546262790251185
2026-02-08,2526,51,Liverpool,Man City,C Pawson,yellows,home,2,1.499571275355537,0.00033546262790251185,1.8121495324700492,0.00033546262790251185
2026-02-10,2526,51,Chelsea,Leeds,R Jones,yellows,home,4,1.9402575139697553,0.00033546262790251185,1.8121495324700492,0.00033546262790251185
2026-02-10,2526,51,Everton,Bournemouth,A Madley,yellows,home,1,1.7449647656721679,0.00033546262790251185,1.8121495324700492,0.00033546262790251185
2026-02-10,2526,51,Tottenham,Newcastle,A Taylor,yellows,home,3,2.235449579201143,0.00033546262790251185,1.8121495324700492,0.00033546262790251185
2026-02-10,2526,51,West Ham,Man United,S Hooper,yellows,home,1,1.7323883783382603,0.00033546262790251185,1.8121495324700492,0.00033546262790251185
2026-02-11,2526,51,Aston Villa,Brighton,P Bankes,yellows,home,2,1.7280801587714012,0.00033546262790251185,1.8121495324700492,0.00033546262790251185
2026-02-11,2526,51,Crystal Palace,Burnley,F Hallam,yellows,home,2,1.3458663713235695,0.00033546262790251185,1.8121495324700492,0.00033546262790251185
2026-02-11,2526,51,Man City,Fulham,P Tierney,yellows,home,3,1.2946726628337093,0.00033546262790251185,1.8121495324700492,0.00033546262790251185
2026-02-11,2526,51,Nott'm Forest,Wolves,T Robinson,yellows,home,0,1.5842091224479324,0.00033546262790251185,1.8121495324700492,0.00033546262790251185
2026-02-11,2526,51,Sunderland,Liverpool,C Kavanagh,yellows,home,1,1.803059083328395,0.00033546262790251185,1.8121495324700492,0.00033546262790251185
2026-02-12,2526,51,Brentford,Arsenal,J Brooks,yellows,home,3,1.664844197371905,0.00033546262790251185,1.8121495324700492,0.00033546262790251185
2026-02-06,2526,51,Leeds,Nott'm Forest,P Bankes,yellows,away,1,1.894036430972161,0.00033546262790251185,1.8121495324700492,0.00033546262790251185
2026-02-07,2526,51,Arsenal,Sunderland,S Barrott,yellows,away,2,2.1743240829891617,0.00033546262790251185,1.8121495324700492,0.00033546262790251185
2026-02-07,2526,51,Bournemouth,Aston Villa,A Taylor,yellows,away,1,2.019461599328257,0.00033546262790251185,1.8121495324700492,0.00033546262790251185
2026-02-07,2526,51,Burnley,West Ham,D England,yellows,away,1,1.5944629068734673,0.00033546262790251185,1.8121495324700492,0.00033546262790251185
2026-02-07,2526,51,Fulham,Everton,S Attwell,yellows,away,5,1.8524757703104322,0.00033546262790251185,1.8121495324700492,0.00033546262790251185
2026-02-07,2526,51,Man United,Tottenham,M Oliver,yellows,away,2,2.313820525471976,0.00033546262790251185,1.8121495324700492,0.00033546262790251185
2026-02-07,2526,51,Newcastle,Brentford,A Madley,yellows,away,2,2.333014971402836,0.00033546262790251185,1.8121495324700492,0.00033546262790251185
2026-02-07,2526,51,Wolves,Chelsea,J Gillett,yellows,away,1,2.3294173352168945,0.00033546262790251185,1.8121495324700492,0.00033546262790251185
2026-02-08,2526,51,Brighton,Crystal Palace,T Bramall,yellows,away,3,2.2377082779939634,0.00033546262790251185,1.8121495324700492,0.00033546262790251185
2026-02-08,2526,51,Liverpool,Man City,C Pawson,yellows,away,4,1.684327226099299,0.00033546262790251185,1.8121495324700492,0.00033546262790251185
2026-02-10,2526,51,Chelsea,Leeds,R Jones,yellows,away,4,2.1819621189679155,0.00033546262790251185,1.8121495324700492,0.00033546262790251185
2026-02-10,2526,51,Everton,Bournemouth,A Madley,yellows,away,3,2.125498852566908,0.00033546262790251185,1.8121495324700492,0.00033546262790251185
2026-02-10,2526,51,Tottenham,Newcastle,A Taylor,yellows,away,2,1.9300155089215505,0.00033546262790251185,1.8121495324700492,0.00033546262790251185
2026-02-10,2526,51,West Ham,Man United,S Hooper,yellows,away,1,1.9009604597008471,0.00033546262790251185,1.8121495324700492,0.00033546262790251185
2026-02-11,2526,51,Aston Villa,Brighton,P Bankes,yellows,away,3,2.858728023714433,0.00033546262790251185,1.8121495324700492,0.00033546262790251185
2026-02-11,2526,51,Crystal Palace,Burnley,F Hallam,yellows,away,1,1.9383525567890698,0.00033546262790251185,1.8121495324700492,0.00033546262790251185
2026-02-11,2526,51,Man City,Fulham,P Tierney,yellows,away,1,2.3800410698678225,0.00033546262790251185,1.8121495324700492,0.00033546262790251185
2026-02-11,2526,51,Nott'm Forest,Wolves,T Robinson,yellows,away,2,2.510670951495394,0.00033546262790251185,1.8121495324700492,0.00033546262790251185
2026-02-11,2526,51,Sunderland,Liverpool,C Kavanagh,yellows,away,0,1.8681457701755284,0.00033546262790251185,1.8121495324700492,0.00033546262790251185
2026-02-12,2526,51,Brentford,Arsenal,J Brooks,yellows,away,2,1.6600933043681536,0.00033546262790251185,1.8121495324700492,0.00033546262790251185
2026-02-06,2526,51,Leeds,Nott'm Forest,P Bankes,reds,home,0,0.05881542389300578,0.0,0.058177570093457934,0.0
2026-02-07,2526,51,Arsenal,Sunderland,S Barrott,reds,home,0,0.061896714407422955,0.0,0.058177570093457934,0.0
2026-02-07,2526,51,Bournemouth,Aston Villa,A Taylor,reds,home,0,0.060297097282230636,0.0,0.058177570093457934,0.0
2026-02-07,2526,51,Burnley,West Ham,D England,reds,home,0,0.054471087989702086,0.0,0.058177570093457934,0.0
2026-02-07,2526,51,Fulham,Everton,S Attwell,reds,home,0,0.05133572602953623,0.0,0.058177570093457934,0.0
2026-02-07,2526,51,Man United,Tottenham,M Oliver,reds,home,0,0.05888652476903869,0.0,0.058177570093457934,0.0
2026-02-07,2526,51,Newcastle,Brentford,A Madley,reds,home,0,0.05416773323977415,0.0,0.058177570093457934,0.0
2026-02-07,2526,51,Wolves,Chelsea,J Gillett,reds,home,0,0.06552907049623924,0.0,0.058177570093457934,0.0
2026-02-08,2526,51,Brighton,Crystal Palace,T Bramall,reds,home,0,0.06326119315748316,0.0,0.058177570093457934,0.0
2026-02-08,2526,51,Liverpool,Man City,C Pawson,reds,home,1,0.05490685737375593,0.0,0.058177570093457934,0.0
2026-02-10,2526,51,Chelsea,Leeds,R Jones,reds,home,0,0.06136703058036304,0.0,0.058177570093457934,0.0
2026-02-10,2526,51,Everton,Bournemouth,A Madley,reds,home,1,0.061329959551102466,0.0,0.058177570093457934,0.0
2026-02-10,2526,51,Tottenham,Newcastle,A Taylor,reds,home,0,0.06323011665302396,0.0,0.058177570093457934,0.0
2026-02-10,2526,51,West Ham,Man United,S Hooper,reds,home,0,0.05773268938685375,0.0,0.058177570093457934,0.0
2026-02-11,2526,51,Aston Villa,Brighton,P Bankes,reds,home,0,0.06004399800187767,0.0,0.058177570093457934,0.0
2026-02-11,2526,51,Crystal Palace,Burnley,F Hallam,reds,home,0,0.0550759575475023,0.0,0.058177570093457934,0.0
2026-02-11,2526,51,Man City,Fulham,P Tierney,reds,home,0,0.05414471525971508,0.0,0.058177570093457934,0.0
2026-02-11,2526,51,Nott'm Forest,Wolves,T Robinson,reds,home,0,0.05807438957245789,0.0,0.058177570093457934,0.0
2026-02-11,2526,51,Sunderland,Liverpool,C Kavanagh,reds,home,0,0.06231315193782331,0.0,0.058177570093457934,0.0
2026-02-12,2526,51,Brentford,Arsenal,J Brooks,reds,home,0,0.05313239422495364,0.0,0.058177570093457934,0.0
2026-02-06,2526,51,Leeds,Nott'm Forest,P Bankes,reds,away,0,0.05345409755311935,0.0,0.058177570093457934,0.0
2026-02-07,2526,51,Arsenal,Sunderland,S Barrott,reds,away,0,0.057146025140806474,0.0,0.058177570093457934,0.0
2026-02-07,2526,51,Bournemouth,Aston Villa,A Taylor,reds,away,0,0.05836969301540473,0.0,0.058177570093457934,0.0
2026-02-07,2526,51,Burnley,West Ham,D England,reds,away,0,0.056929400769298144,0.0,0.058177570093457934,0.0
2026-02-07,2526,51,Fulham,Everton,S Attwell,reds,away,0,0.0622589867294007,0.0,0.058177570093457934,0.0
2026-02-07,2526,51,Man United,Tottenham,M Oliver,reds,away,1,0.05593377325685023,0.0,0.058177570093457934,0.0
2026-02-07,2526,51,Newcastle,Brentford,A Madley,reds,away,0,0.058876909322872484,0.0,0.058177570093457934,0.0
2026-02-07,2526,51,Wolves,Chelsea,J Gillett,reds,away,0,0.06666629995256819,0.0,0.058177570093457934,0.0
2026-02-08,2526,51,Brighton,Crystal Palace,T Bramall,reds,away,0,0.060048806350087136,0.0,0.058177570093457934,0.0
2026-02-08,2526,51,Liverpool,Man City,C Pawson,reds,away,0,0.05679799724826855,0.0,0.058177570093457934,0.0
2026-02-10,2526,51,Chelsea,Leeds,R Jones,reds,away,0,0.06143601810500052,0.0,0.058177570093457934,0.0
2026-02-10,2526,51,Everton,Bournemouth,A Madley,reds,away,0,0.05050802729702499,0.0,0.058177570093457934,0.0
2026-02-10,2526,51,Tottenham,Newcastle,A Taylor,reds,away,0,0.057919790005509994,0.0,0.058177570093457934,0.0
2026-02-10,2526,51,West Ham,Man United,S Hooper,reds,away,0,0.04933138231980414,0.0,0.058177570093457934,0.0
2026-02-11,2526,51,Aston Villa,Brighton,P Bankes,reds,away,0,0.06324754223556968,0.0,0.058177570093457934,0.0
2026-02-11,2526,51,Crystal Palace,Burnley,F Hallam,reds,away,0,0.06383899508384326,0.0,0.058177570093457934,0.0
2026-02-11,2526,51,Man City,Fulham,P Tierney,reds,away,0,0.057043420057771514,0.0,0.058177570093457934,0.0
2026-02-11,2526,51,Nott'm Forest,Wolves,T Robinson,reds,away,0,0.06273856605141118,0.0,0.058177570093457934,0.0
2026-02-11,2526,51,Sunderland,Liverpool,C Kavanagh,reds,away,0,0.05484440313616593,0.0,0.058177570093457934,0.0
2026-02-12,2526,51,Brentford,Arsenal,J Brooks,reds,away,0,0.06339700548596199,0.0,0.058177570093457934,0.0
2026-02-06,2526,51,Leeds,Nott'm Forest,P Bankes,corners,home,5,5.530130894727171,0.07248686870407535,5.157710318742035,0.14387358004557146
2026-02-07,2526,51,Arsenal,Sunderland,S Barrott,corners,home,5,6.127331329118313,0.07248686870407535,5.157710318742035,0.14387358004557146
2026-02-07,2526,51,Bournemouth,Aston Villa,A Taylor,corners,home,11,5.407025209260601,0.07248686870407535,5.157710318742035,0.14387358004557146
2026-02-07,2526,51,Burnley,West Ham,D England,corners,home,5,4.778409376407931,0.07248686870407535,5.157710318742035,0.14387358004557146
2026-02-07,2526,51,Fulham,Everton,S Attwell,corners,home,6,5.885255907353031,0.07248686870407535,5.157710318742035,0.14387358004557146
2026-02-07,2526,51,Man United,Tottenham,M Oliver,corners,home,7,5.357403184094062,0.07248686870407535,5.157710318742035,0.14387358004557146
2026-02-07,2526,51,Newcastle,Brentford,A Madley,corners,home,9,7.158425728010401,0.07248686870407535,5.157710318742035,0.14387358004557146
2026-02-07,2526,51,Wolves,Chelsea,J Gillett,corners,home,3,3.8459337695554967,0.07248686870407535,5.157710318742035,0.14387358004557146
2026-02-08,2526,51,Brighton,Crystal Palace,T Bramall,corners,home,3,5.43896098171136,0.07248686870407535,5.157710318742035,0.14387358004557146
2026-02-08,2526,51,Liverpool,Man City,C Pawson,corners,home,5,4.822518400220307,0.07248686870407535,5.157710318742035,0.14387358004557146
2026-02-10,2526,51,Chelsea,Leeds,R Jones,corners,home,4,5.383498010307337,0.07248686870407535,5.157710318742035,0.14387358004557146
2026-02-10,2526,51,Everton,Bournemouth,A Madley,corners,home,7,4.846255265817548,0.07248686870407535,5.157710318742035,0.14387358004557146
2026-02-10,2526,51,Tottenham,Newcastle,A Taylor,corners,home,2,5.938220366754993,0.07248686870407535,5.157710318742035,0.14387358004557146
2026-02-10,2526,51,West Ham,Man United,S Hooper,corners,home,5,5.216402093566396,0.07248686870407535,5.157710318742035,0.14387358004557146
2026-02-11,2526,51,Aston Villa,Brighton,P Bankes,corners,home,7,5.446937984155125,0.07248686870407535,5.157710318742035,0.14387358004557146
2026-02-11,2526,51,Crystal Palace,Burnley,F Hallam,corners,home,8,5.259219324772957,0.07248686870407535,5.157710318742035,0.14387358004557146
2026-02-11,2526,51,Man City,Fulham,P Tierney,corners,home,4,6.475068028343487,0.07248686870407535,5.157710318742035,0.14387358004557146
2026-02-11,2526,51,Nott'm Forest,Wolves,T Robinson,corners,home,8,5.756055959978806,0.07248686870407535,5.157710318742035,0.14387358004557146
2026-02-11,2526,51,Sunderland,Liverpool,C Kavanagh,corners,home,3,3.483183544135022,0.07248686870407535,5.157710318742035,0.14387358004557146
2026-02-12,2526,51,Brentford,Arsenal,J Brooks,corners,home,6,3.5751286510046096,0.07248686870407535,5.157710318742035,0.14387358004557146
2026-02-06,2526,51,Leeds,Nott'm Forest,P Bankes,corners,away,10,3.9544505200147455,0.07248686870407535,5.157710318742035,0.14387358004557146
2026-02-07,2526,51,Arsenal,Sunderland,S Barrott,corners,away,2,2.5150438028322855,0.07248686870407535,5.157710318742035,0.14387358004557146
2026-02-07,2526,51,Bournemouth,Aston Villa,A Taylor,corners,away,4,5.258934464514968,0.07248686870407535,5.157710318742035,0.14387358004557146
2026-02-07,2526,51,Burnley,West Ham,D England,corners,away,2,4.787146842550687,0.07248686870407535,5.157710318742035,0.14387358004557146
2026-02-07,2526,51,Fulham,Everton,S Attwell,corners,away,6,4.187064846720728,0.07248686870407535,5.157710318742035,0.14387358004557146
2026-02-07,2526,51,Man United,Tottenham,M Oliver,corners,away,0,5.280913393801145,0.07248686870407535,5.157710318742035,0.14387358004557146
2026-02-07,2526,51,Newcastle,Brentford,A Madley,corners,away,3,4.80218047834041,0.07248686870407535,5.157710318742035,0.14387358004557146
2026-02-07,2526,51,Wolves,Chelsea,J Gillett,corners,away,4,6.026213390294625,0.07248686870407535,5.157710318742035,0.14387358004557146
2026-02-08,2526,51,Brighton,Crystal Palace,T Bramall,corners,away,4,3.873187504898652,0.07248686870407535,5.157710318742035,0.14387358004557146
2026-02-08,2526,51,Liverpool,Man City,C Pawson,corners,away,4,4.568548585047444,0.07248686870407535,5.157710318742035,0.14387358004557146
2026-02-10,2526,51,Chelsea,Leeds,R Jones,corners,away,1,3.9399388064945766,0.07248686870407535,5.157710318742035,0.14387358004557146
2026-02-10,2526,51,Everton,Bournemouth,A Madley,corners,away,2,5.839493585451119,0.07248686870407535,5.157710318742035,0.14387358004557146
2026-02-10,2526,51,Tottenham,Newcastle,A Taylor,corners,away,12,5.708463677401923,0.07248686870407535,5.157710318742035,0.14387358004557146
2026-02-10,2526,51,West Ham,Man United,S Hooper,corners,away,3,5.267321309213628,0.07248686870407535,5.157710318742035,0.14387358004557146
2026-02-11,2526,51,Aston Villa,Brighton,P Bankes,corners,away,5,4.302630034176383,0.07248686870407535,5.157710318742035,0.14387358004557146
2026-02-11,2526,51,Crystal Palace,Burnley,F Hallam,corners,away,2,3.7634073224404174,0.07248686870407535,5.157710318742035,0.14387358004557146
2026-02-11,2526,51,Man City,Fulham,P Tierney,corners,away,4,3.4847215170209873,0.07248686870407535,5.157710318742035,0.14387358004557146
2026-02-11,2526,51,Nott'm Forest,Wolves,T Robinson,corners,away,2,4.136645067670463,0.07248686870407535,5.157710318742035,0.14387358004557146
2026-02-11,2526,51,Sunderland,Liverpool,C Kavanagh,corners,away,11,5.381792329587086,0.07248686870407535,5.157710318742035,0.14387358004557146
2026-02-12,2526,51,Brentford,Arsenal,J Brooks,corners,away,4,6.178852374573233,0.07248686870407535,5.157710318742035,0.14387358004557146
2026-02-06,2526,51,Leeds,Nott'm Forest,P Bankes,fouls,home,9,10.705327519699583,0.00033546262790251185,10.758644859855554,0.013837655116790267
2026-02-07,2526,51,Arsenal,Sunderland,S Barrott,fouls,home,11,9.39091187770325,0.00033546262790251185,10.758644859855554,0.013837655116790267
2026-02-07,2526,51,Bournemouth,Aston Villa,A Taylor,fouls,home,4,14.32968365142613,0.00033546262790251185,10.758644859855554,0.013837655116790267
2026-02-07,2526,51,Burnley,West Ham,D England,fouls,home,11,10.709067087963797,0.00033546262790251185,10.758644859855554,0.013837655116790267
2026-02-07,2526,51,Fulham,Everton,S Attwell,fouls,home,11,10.263743280392891,0.00033546262790251185,10.758644859855554,0.013837655116790267
2026-02-07,2526,51,Man United,Tottenham,M Oliver,fouls,home,12,10.929071948473982,0.00033546262790251185,10.758644859855554,0.013837655116790267
2026-02-07,2526,51,Newcastle,Brentford,A Madley,fouls,home,14,8.999214019985917,0.00033546262790251185,10.758644859855554,0.013837655116790267
2026-02-07,2526,51,Wolves,Chelsea,J Gillett,fouls,home,9,12.962171662191391,0.00033546262790251185,10.758644859855554,0.013837655116790267
2026-02-08,2526,51,Brighton,Crystal Palace,T Bramall,fouls,home,12,10.109600536915565,0.00033546262790251185,10.758644859855554,0.013837655116790267
2026-02-08,2526,51,Liverpool,Man City,C Pawson,fouls,home,13,10.118715667866082,0.00033546262790251185,10.758644859855554,0.013837655116790267
2026-02-10,2526,51,Chelsea,Leeds,R Jones,fouls,home,9,11.532767995292767,0.00033546262790251185,10.758644859855554,0.013837655116790267
2026-02-10,2526,51,Everton,Bournemouth,A Madley,fouls,home,14,10.36579627147446,0.00033546262790251185,10.758644859855554,0.013837655116790267
2026-02-10,2526,51,Tottenham,Newcastle,A Taylor,fouls,home,15,11.265494448010184,0.00033546262790251185,10.758644859855554,0.013837655116790267
2026-02-10,2526,51,West Ham,Man United,S Hooper,fouls,home,10,10.516181514728649,0.00033546262790251185,10.758644859855554,0.013837655116790267
2026-02-11,2526,51,Aston Villa,Brighton,P Bankes,fouls,home,9,10.162930053832344,0.00033546262790251185,10.758644859855554,0.013837655116790267
2026-02-11,2526,51,Crystal Palace,Burnley,F Hallam,fouls,home,11,9.653559615035922,0.00033546262790251185,10.758644859855554,0.013837655116790267
2026-02-11,2526,51,Man City,Fulham,P Tierney,fouls,home,8,8.102140706547173,0.00033546262790251185,10.758644859855554,0.013837655116790267
2026-02-11,2526,51,Nott'm Forest,Wolves,T Robinson,fouls,home,12,10.735432544958787,0.00033546262790251185,10.758644859855554,0.013837655116790267
2026-02-11,2526,51,Sunderland,Liverpool,C Kavanagh,fouls,home,8,9.89034475716855,0.00033546262790251185,10.758644859855554,0.013837655116790267
2026-02-12,2526,51,Brentford,Arsenal,J Brooks,fouls,home,12,9.33362222381344,0.00033546262790251185,10.758644859855554,0.013837655116790267
2026-02-06,2526,51,Leeds,Nott'm Forest,P Bankes,fouls,away,12,11.015771054979334,0.00033546262790251185,10.758644859855554,0.013837655116790267
2026-02-07,2526,51,Arsenal,Sunderland,S Barrott,fouls,away,8,10.13584593989706,0.00033546262790251185,10.758644859855554,0.013837655116790267
2026-02-07,2526,51,Bournemouth,Aston Villa,A Taylor,fouls,away,11,10.136669325255275,0.00033546262790251185,10.758644859855554,0.013837655116790267
2026-02-07,2526,51,Burnley,West Ham,D England,fouls,away,10,10.347930723897662,0.00033546262790251185,10.758644859855554,0.013837655116790267
2026-02-07,2526,51,Fulham,Everton,S Attwell,fouls,away,12,9.465221917057471,0.00033546262790251185,10.758644859855554,0.013837655116790267
2026-02-07,2526,51,Man United,Tottenham,M Oliver,fouls,away,11,11.47765944607883,0.00033546262790251185,10.758644859855554,0.013837655116790267
2026-02-07,2526,51,Newcastle,Brentford,A Madley,fouls,away,18,10.58574287188699,0.00033546262790251185,10.758644859855554,0.013837655116790267
2026-02-07,2526,51,Wolves,Chelsea,J Gillett,fouls,away,10,11.152937049190635,0.00033546262790251185,10.758644859855554,0.013837655116790267
2026-02-08,2526,51,Brighton,Crystal Palace,T Bramall,fouls,away,9,10.580316759689604,0.00033546262790251185,10.758644859855554,0.013837655116790267
2026-02-08,2526,51,Liverpool,Man City,C Pawson,fouls,away,16,8.866397068307695,0.00033546262790251185,10.758644859855554,0.013837655116790267
2026-02-10,2526,51,Chelsea,Leeds,R Jones,fouls,away,13,11.973385060350358,0.00033546262790251185,10.758644859855554,0.013837655116790267
2026-02-10,2526,51,Everton,Bournemouth,A Madley,fouls,away,15,12.977502495589462,0.00033546262790251185,10.758644859855554,0.013837655116790267
2026-02-10,2526,51,Tottenham,Newcastle,A Taylor,fouls,away,11,10.32561366981993,0.00033546262790251185,10.758644859855554,0.013837655116790267
2026-02-10,2526,51,West Ham,Man United,S Hooper,fouls,away,4,11.09607517558657,0.00033546262790251185,10.758644859855554,0.013837655116790267
2026-02-11,2526,51,Aston Villa,Brighton,P Bankes,fouls,away,15,14.020464013795129,0.00033546262790251185,10.758644859855554,0.013837655116790267
2026-02-11,2526,51,Crystal Palace,Burnley,F Hallam,fouls,away,8,10.356114250066199,0.00033546262790251185,10.758644859855554,0.013837655116790267
2026-02-11,2526,51,Man City,Fulham,P Tierney,fouls,away,10,11.037710994133295,0.00033546262790251185,10.758644859855554,0.013837655116790267
2026-02-11,2526,51,Nott'm Forest,Wolves,T Robinson,fouls,away,13,13.98595092219883,0.00033546262790251185,10.758644859855554,0.013837655116790267
2026-02-11,2526,51,Sunderland,Liverpool,C Kavanagh,fouls,away,10,10.813869689769323,0.00033546262790251185,10.758644859855554,0.013837655116790267
2026-02-12,2526,51,Brentford,Arsenal,J Brooks,fouls,away,11,9.330418168454043,0.00033546262790251185,10.758644859855554,0.013837655116790267
2026-02-18,2526,52,Wolves,Arsenal,P Tierney,yellows,home,2,1.7895315862678975,0.00033546262790251185,1.8127314813104378,0.00033546262790251185
2026-02-18,2526,52,Wolves,Arsenal,P Tierney,yellows,away,1,1.580126465593635,0.00033546262790251185,1.8127314813104378,0.00033546262790251185
2026-02-18,2526,52,Wolves,Arsenal,P Tierney,reds,home,0,0.058847791064408475,0.0,0.05833333333333333,0.0
2026-02-18,2526,52,Wolves,Arsenal,P Tierney,reds,away,0,0.06638948203493333,0.0,0.05833333333333333,0.0
2026-02-18,2526,52,Wolves,Arsenal,P Tierney,corners,home,1,2.9882325292739806,0.07303236206567278,5.155787055252404,0.14366072028160656
2026-02-18,2526,52,Wolves,Arsenal,P Tierney,corners,away,3,6.238489923478175,0.07303236206567278,5.155787055252404,0.14366072028160656
2026-02-18,2526,52,Wolves,Arsenal,P Tierney,fouls,home,6,12.127109919647575,0.00033546262790251185,10.761111115060036,0.013460683747051524
2026-02-18,2526,52,Wolves,Arsenal,P Tierney,fouls,away,8,10.622627702597688,0.00033546262790251185,10.761111115060036,0.013460683747051524
2026-02-21,2526,53,Aston Villa,Leeds,M Oliver,yellows,home,1,1.4005972432079379,0.00033546262790251185,1.8125867653609677,0.00033546262790251185
2026-02-21,2526,53,Brentford,Brighton,J Gillett,yellows,home,1,1.8521277345324794,0.00033546262790251185,1.8125867653609677,0.00033546262790251185
2026-02-21,2526,53,Chelsea,Burnley,L Smith,yellows,home,2,1.6524848611111826,0.00033546262790251185,1.8125867653609677,0.00033546262790251185
2026-02-21,2526,53,Man City,Newcastle,T Bramall,yellows,home,2,1.7844018962133634,0.00033546262790251185,1.8125867653609677,0.00033546262790251185
2026-02-21,2526,53,West Ham,Bournemouth,S Barrott,yellows,home,1,1.681937279701674,0.00033546262790251185,1.8125867653609677,0.00033546262790251185
2026-02-22,2526,53,Crystal Palace,Wolves,T Kirk,yellows,home,5,1.5184469456735623,0.00033546262790251185,1.8125867653609677,0.00033546262790251185
2026-02-22,2526,53,Nott'm Forest,Liverpool,A Taylor,yellows,home,2,1.5943336812252862,0.00033546262790251185,1.8125867653609677,0.00033546262790251185
2026-02-22,2526,53,Sunderland,Fulham,C Pawson,yellows,home,1,1.5613481317278768,0.00033546262790251185,1.8125867653609677,0.00033546262790251185
2026-02-22,2526,53,Tottenham,Arsenal,P Bankes,yellows,home,2,1.929171125140904,0.00033546262790251185,1.8125867653609677,0.00033546262790251185
2026-02-23,2526,53,Everton,Man United,D England,yellows,home,2,1.7805243623146856,0.00033546262790251185,1.8125867653609677,0.00033546262790251185
2026-02-21,2526,53,Aston Villa,Leeds,M Oliver,yellows,away,4,2.1607846396204096,0.00033546262790251185,1.8125867653609677,0.00033546262790251185
2026-02-21,2526,53,Brentford,Brighton,J Gillett,yellows,away,2,2.1578680375028565,0.00033546262790251185,1.8125867653609677,0.00033546262790251185
2026-02-21,2526,53,Chelsea,Burnley,L Smith,yellows,away,2,2.249414523477551,0.00033546262790251185,1.8125867653609677,0.00033546262790251185
2026-02-21,2526,53,Man City,Newcastle,T Bramall,yellows,away,5,1.956593210470262,0.00033546262790251185,1.8125867653609677,0.00033546262790251185
2026-02-21,2526,53,West Ham,Bournemouth,S Barrott,yellows,away,1,2.392361102567631,0.00033546262790251185,1.8125867653609677,0.00033546262790251185
2026-02-22,2526,53,Crystal Palace,Wolves,T Kirk,yellows,away,1,2.1668526986317223,0.00033546262790251185,1.8125867653609677,0.00033546262790251185
2026-02-22,2526,53,Nott'm Forest,Liverpool,A Taylor,yellows,away,0,1.912039133579476,0.00033546262790251185,1.8125867653609677,0.00033546262790251185
2026-02-22,2526,53,Sunderland,Fulham,C Pawson,yellows,away,1,2.026415114969188,0.00033546262790251185,1.8125867653609677,0.00033546262790251185
2026-02-22,2526,53,Tottenham,Arsenal,P Bankes,yellows,away,1,1.8094462246352943,0.00033546262790251185,1.8125867653609677,0.00033546262790251185
2026-02-23,2526,53,Everton,Man United,D England,yellows,away,3,1.6827996660861526,0.00033546262790251185,1.8125867653609677,0.00033546262790251185
2026-02-21,2526,53,Aston Villa,Leeds,M Oliver,reds,home,0,0.05706715325428369,0.0,0.05830633965756594,0.0
2026-02-21,2526,53,Brentford,Brighton,J Gillett,reds,home,0,0.05575732514688679,0.0,0.05830633965756594,0.0
2026-02-21,2526,53,Chelsea,Burnley,L Smith,reds,home,1,0.05887920797080426,0.0,0.05830633965756594,0.0
2026-02-21,2526,53,Man City,Newcastle,T Bramall,reds,home,0,0.057612664735479636,0.0,0.05830633965756594,0.0
2026-02-21,2526,53,West Ham,Bournemouth,S Barrott,reds,home,0,0.06123361578093019,0.0,0.05830633965756594,0.0
2026-02-22,2526,53,Crystal Palace,Wolves,T Kirk,reds,home,0,0.06191683714079172,0.0,0.05830633965756594,0.0
2026-02-22,2526,53,Nott'm Forest,Liverpool,A Taylor,reds,home,0,0.05786218027459992,0.0,0.05830633965756594,0.0
2026-02-22,2526,53,Sunderland,Fulham,C Pawson,reds,home,0,0.059172154469932715,0.0,0.05830633965756594,0.0
2026-02-22,2526,53,Tottenham,Arsenal,P Bankes,reds,home,0,0.05777739794493473,0.0,0.05830633965756594,0.0
2026-02-23,2526,53,Everton,Man United,D England,reds,home,0,0.06065361642894199,0.0,0.05830633965756594,0.0
2026-02-21,2526,53,Aston Villa,Leeds,M Oliver,reds,away,0,0.06015087316476617,0.0,0.05830633965756594,0.0
2026-02-21,2526,53,Brentford,Brighton,J Gillett,reds,away,0,0.059991393410316826,0.0,0.05830633965756594,0.0
2026-02-21,2526,53,Chelsea,Burnley,L Smith,reds,away,0,0.06479811761764809,0.0,0.05830633965756594,0.0
2026-02-21,2526,53,Man City,Newcastle,T Bramall,reds,away,0,0.05378343567502514,0.0,0.05830633965756594,0.0
2026-02-21,2526,53,West Ham,Bournemouth,S Barrott,reds,away,0,0.051264200187202895,0.0,0.05830633965756594,0.0
2026-02-22,2526,53,Crystal Palace,Wolves,T Kirk,reds,away,1,0.06408496995256419,0.0,0.05830633965756594,0.0
2026-02-22,2526,53,Nott'm Forest,Liverpool,A Taylor,reds,away,0,0.058324827902315655,0.0,0.05830633965756594,0.0
2026-02-22,2526,53,Sunderland,Fulham,C Pawson,reds,away,0,0.056771389991521724,0.0,0.05830633965756594,0.0
2026-02-22,2526,53,Tottenham,Arsenal,P Bankes,reds,away,0,0.06744526160142332,0.0,0.05830633965756594,0.0
2026-02-23,2526,53,Everton,Man United,D England,reds,away,0,0.048369088249776634,0.0,0.05830633965756594,0.0
2026-02-21,2526,53,Aston Villa,Leeds,M Oliver,corners,home,7,5.420338425636231,0.07350915451725766,5.154326736020345,0.14383427674339208
2026-02-21,2526,53,Brentford,Brighton,J Gillett,corners,home,6,4.952506475988902,0.07350915451725766,5.154326736020345,0.14383427674339208
2026-02-21,2526,53,Chelsea,Burnley,L Smith,corners,home,9,6.63241182761462,0.07350915451725766,5.154326736020345,0.14383427674339208
2026-02-21,2526,53,Man City,Newcastle,T Bramall,corners,home,5,6.339486346670379,0.07350915451725766,5.154326736020345,0.14383427674339208
2026-02-21,2526,53,West Ham,Bournemouth,S Barrott,corners,home,9,5.16824609250648,0.07350915451725766,5.154326736020345,0.14383427674339208
2026-02-22,2526,53,Crystal Palace,Wolves,T Kirk,corners,home,7,5.360629154938847,0.07350915451725766,5.154326736020345,0.14383427674339208
2026-02-22,2526,53,Nott'm Forest,Liverpool,A Taylor,corners,home,7,4.398056742901209,0.07350915451725766,5.154326736020345,0.14383427674339208
2026-02-22,2526,53,Sunderland,Fulham,C Pawson,corners,home,6,4.278763964785518,0.07350915451725766,5.154326736020345,0.14383427674339208
2026-02-22,2526,53,Tottenham,Arsenal,P Bankes,corners,home,2,3.8613100208656466,0.07350915451725766,5.154326736020345,0.14383427674339208
2026-02-23,2526,53,Everton,Man United,D England,corners,home,10,4.7691772120935445,0.07350915451725766,5.154326736020345,0.14383427674339208
2026-02-21,2526,53,Aston Villa,Leeds,M Oliver,corners,away,2,4.109227479109166,0.07350915451725766,5.154326736020345,0.14383427674339208
2026-02-21,2526,53,Brentford,Brighton,J Gillett,corners,away,4,5.095786957973053,0.07350915451725766,5.154326736020345,0.14383427674339208
2026-02-21,2526,53,Chelsea,Burnley,L Smith,corners,away,5,3.158745687205148,0.07350915451725766,5.154326736020345,0.14383427674339208
2026-02-21,2526,53,Man City,Newcastle,T Bramall,corners,away,5,4.362488112892728,0.07350915451725766,5.154326736020345,0.14383427674339208
2026-02-21,2526,53,West Ham,Bournemouth,S Barrott,corners,away,5,5.946256135846153,0.07350915451725766,5.154326736020345,0.14383427674339208
2026-02-22,2526,53,Crystal Palace,Wolves,T Kirk,corners,away,3,3.6736806135793554,0.07350915451725766,5.154326736020345,0.14383427674339208
2026-02-22,2526,53,Nott'm Forest,Liverpool,A Taylor,corners,away,2,6.136805153533966,0.07350915451725766,5.154326736020345,0.14383427674339208
2026-02-22,2526,53,Sunderland,Fulham,C Pawson,corners,away,4,4.552942552969656,0.07350915451725766,5.154326736020345,0.14383427674339208
2026-02-22,2526,53,Tottenham,Arsenal,P Bankes,corners,away,5,5.787134648128611,0.07350915451725766,5.154326736020345,0.14383427674339208
2026-02-23,2526,53,Everton,Man United,D England,corners,away,1,4.906275053493363,0.07350915451725766,5.154326736020345,0.14383427674339208
2026-02-21,2526,53,Aston Villa,Leeds,M Oliver,fouls,home,11,10.713579964746666,0.00033546262790251185,10.759370615557259,0.01349040963058711
2026-02-21,2526,53,Brentford,Brighton,J Gillett,fouls,home,9,9.178023161169605,0.00033546262790251185,10.759370615557259,0.01349040963058711
2026-02-21,2526,53,Chelsea,Burnley,L Smith,fouls,home,13,10.157987894520431,0.00033546262790251185,10.759370615557259,0.01349040963058711
2026-02-21,2526,53,Man City,Newcastle,T Bramall,fouls,home,12,9.68041812454672,0.00033546262790251185,10.759370615557259,0.01349040963058711
2026-02-21,2526,53,West Ham,Bournemouth,S Barrott,fouls,home,10,10.017805403302376,0.00033546262790251185,10.759370615557259,0.01349040963058711
2026-02-22,2526,53,Crystal Palace,Wolves,T Kirk,fouls,home,19,10.659166952925423,0.00033546262790251185,10.759370615557259,0.01349040963058711
2026-02-22,2526,53,Nott'm Forest,Liverpool,A Taylor,fouls,home,13,9.531660261357011,0.00033546262790251185,10.759370615557259,0.01349040963058711
2026-02-22,2526,53,Sunderland,Fulham,C Pawson,fouls,home,6,9.11824290491064,0.00033546262790251185,10.759370615557259,0.01349040963058711
2026-02-22,2526,53,Tottenham,Arsenal,P Bankes,fouls,home,17,10.798488277570087,0.00033546262790251185,10.759370615557259,0.01349040963058711
2026-02-23,2526,53,Everton,Man United,D England,fouls,home,12,10.706530878780644,0.00033546262790251185,10.759370615557259,0.01349040963058711
2026-02-21,2526,53,Aston Villa,Leeds,M Oliver,fouls,away,16,13.07620054078943,0.00033546262790251185,10.759370615557259,0.01349040963058711
2026-02-21,2526,53,Brentford,Brighton,J Gillett,fouls,away,14,10.20327544643843,0.00033546262790251185,10.759370615557259,0.01349040963058711
2026-02-21,2526,53,Chelsea,Burnley,L Smith,fouls,away,11,12.01151518455888,0.00033546262790251185,10.759370615557259,0.01349040963058711
2026-02-21,2526,53,Man City,Newcastle,T Bramall,fouls,away,13,10.250010759554707,0.00033546262790251185,10.759370615557259,0.01349040963058711
2026-02-21,2526,53,West Ham,Bournemouth,S Barrott,fouls,away,11,12.003491727187054,0.00033546262790251185,10.759370615557259,0.01349040963058711
2026-02-22,2526,53,Crystal Palace,Wolves,T Kirk,fouls,away,13,12.061084339225063,0.00033546262790251185,10.759370615557259,0.01349040963058711
2026-02-22,2526,53,Nott'm Forest,Liverpool,A Taylor,fouls,away,9,10.864916441408456,0.00033546262790251185,10.759370615557259,0.01349040963058711
2026-02-22,2526,53,Sunderland,Fulham,C Pawson,fouls,away,13,10.98273653632644,0.00033546262790251185,10.759370615557259,0.01349040963058711
2026-02-22,2526,53,Tottenham,Arsenal,P Bankes,fouls,away,11,10.760199681677468,0.00033546262790251185,10.759370615557259,0.01349040963058711
2026-02-23,2526,53,Everton,Man United,D England,fouls,away,7,11.261369011360404,0.00033546262790251185,10.759370615557259,0.01349040963058711
2026-02-27,2526,54,Wolves,Aston Villa,C Pawson,yellows,home,3,2.087576684742659,0.00033546262790251185,1.8132197369616825,0.00033546262790251185
2026-02-28,2526,54,Bournemouth,Sunderland,J Gillett,yellows,home,4,1.8711359395499463,0.00033546262790251185,1.8132197369616825,0.00033546262790251185
2026-02-28,2526,54,Burnley,Brentford,S Barrott,yellows,home,2,1.4951647537411996,0.00033546262790251185,1.8132197369616825,0.00033546262790251185
2026-02-28,2526,54,Leeds,Man City,P Bankes,yellows,home,0,1.7350950698772887,0.00033546262790251185,1.8132197369616825,0.00033546262790251185
2026-02-28,2526,54,Liverpool,West Ham,T Robinson,yellows,home,2,1.4052475386859007,0.00033546262790251185,1.8132197369616825,0.00033546262790251185
2026-02-28,2526,54,Newcastle,Everton,S Attwell,yellows,home,2,1.462656997078712,0.00033546262790251185,1.8132197369616825,0.00033546262790251185
2026-03-01,2526,54,Arsenal,Chelsea,D England,yellows,home,1,1.6557984339816683,0.00033546262790251185,1.8132197369616825,0.00033546262790251185
2026-03-01,2526,54,Brighton,Nott'm Forest,A Madley,yellows,home,3,1.9513496117880107,0.00033546262790251185,1.8132197369616825,0.00033546262790251185
2026-03-01,2526,54,Fulham,Tottenham,T Bramall,yellows,home,3,1.8508030756221616,0.00033546262790251185,1.8132197369616825,0.00033546262790251185
2026-03-01,2526,54,Man United,Crystal Palace,C Kavanagh,yellows,home,2,1.5471563866089308,0.00033546262790251185,1.8132197369616825,0.00033546262790251185
2026-03-03,2526,54,Bournemouth,Brentford,C Pawson,yellows,home,2,1.7836648493687437,0.00033546262790251185,1.8132197369616825,0.00033546262790251185
2026-03-03,2526,54,Everton,Burnley,T Robinson,yellows,home,0,1.419741722517157,0.00033546262790251185,1.8132197369616825,0.00033546262790251185
2026-03-03,2526,54,Leeds,Sunderland,S Attwell,yellows,home,1,1.579932029967209,0.00033546262790251185,1.8132197369616825,0.00033546262790251185
2026-03-03,2526,54,Wolves,Liverpool,T Bramall,yellows,home,2,1.8133016742420205,0.00033546262790251185,1.8132197369616825,0.00033546262790251185
2026-03-04,2526,54,Aston Villa,Chelsea,J Gillett,yellows,home,3,1.773862318575056,0.00033546262790251185,1.8132197369616825,0.00033546262790251185
2026-03-04,2526,54,Brighton,Arsenal,C Kavanagh,yellows,home,4,1.8734760846988745,0.00033546262790251185,1.8132197369616825,0.00033546262790251185
2026-03-04,2526,54,Fulham,West Ham,M Donohue,yellows,home,2,1.7113737254326258,0.00033546262790251185,1.8132197369616825,0.00033546262790251185
2026-03-04,2526,54,Man City,Nott'm Forest,D England,yellows,home,0,1.6690771519428258,0.00033546262790251185,1.8132197369616825,0.00033546262790251185
2026-03-04,2526,54,Newcastle,Man United,P Bankes,yellows,home,2,1.6171246461118163,0.00033546262790251185,1.8132197369616825,0.00033546262790251185
2026-03-05,2526,54,Tottenham,Crystal Palace,A Madley,yellows,home,3,1.8815083135205,0.00033546262790251185,1.8132197369616825,0.00033546262790251185
2026-02-27,2526,54,Wolves,Aston Villa,C Pawson,yellows,away,3,1.6794284058259537,0.00033546262790251185,1.8132197369616825,0.00033546262790251185
2026-02-28,2526,54,Bournemouth,Sunderland,J Gillett,yellows,away,2,2.178515698727273,0.00033546262790251185,1.8132197369616825,0.00033546262790251185
2026-02-28,2526,54,Burnley,Brentford,S Barrott,yellows,away,2,1.6495667027346792,0.00033546262790251185,1.8132197369616825,0.00033546262790251185
2026-02-28,2526,54,Leeds,Man City,P Bankes,yellows,away,3,1.787232544388461,0.00033546262790251185,1.8132197369616825,0.00033546262790251185
2026-02-28,2526,54,Liverpool,West Ham,T Robinson,yellows,away,2,1.9954343275717459,0.00033546262790251185,1.8132197369616825,0.00033546262790251185
2026-02-28,2526,54,Newcastle,Everton,S Attwell,yellows,away,3,2.5464967861196834,0.00033546262790251185,1.8132197369616825,0.00033546262790251185
2026-03-01,2526,54,Arsenal,Chelsea,D England,yellows,away,3,2.53625349174461,0.00033546262790251185,1.8132197369616825,0.00033546262790251185
2026-03-01,2526,54,Brighton,Nott'm Forest,A Madley,yellows,away,1,2.1249287404623196,0.00033546262790251185,1.8132197369616825,0.00033546262790251185
2026-03-01,2526,54,Fulham,Tottenham,T Bramall,yellows,away,3,2.1897892508573684,0.00033546262790251185,1.8132197369616825,0.00033546262790251185
2026-03-01,2526,54,Man United,Crystal Palace,C Kavanagh,yellows,away,2,2.2149494324541767,0.00033546262790251185,1.8132197369616825,0.00033546262790251185
2026-03-03,2526,54,Bournemouth,Brentford,C Pawson,yellows,away,1,2.0070101497286528,0.00033546262790251185,1.8132197369616825,0.00033546262790251185
2026-03-03,2526,54,Everton,Burnley,T Robinson,yellows,away,1,1.7522908987768626,0.00033546262790251185,1.8132197369616825,0.00033546262790251185
2026-03-03,2526,54,Leeds,Sunderland,S Attwell,yellows,away,3,2.099278312474891,0.00033546262790251185,1.8132197369616825,0.00033546262790251185
2026-03-03,2526,54,Wolves,Liverpool,T Bramall,yellows,away,1,1.65327053600632,0.00033546262790251185,1.8132197369616825,0.00033546262790251185
2026-03-04,2526,54,Aston Villa,Chelsea,J Gillett,yellows,away,2,3.03460329334672,0.00033546262790251185,1.8132197369616825,0.00033546262790251185
2026-03-04,2526,54,Brighton,Arsenal,C Kavanagh,yellows,away,1,1.8829519293505306,0.00033546262790251185,1.8132197369616825,0.00033546262790251185
2026-03-04,2526,54,Fulham,West Ham,M Donohue,yellows,away,4,1.808403513715608,0.00033546262790251185,1.8132197369616825,0.00033546262790251185
2026-03-04,2526,54,Man City,Nott'm Forest,D England,yellows,away,4,2.1873557913822257,0.00033546262790251185,1.8132197369616825,0.00033546262790251185
2026-03-04,2526,54,Newcastle,Man United,P Bankes,yellows,away,3,2.2305824484045598,0.00033546262790251185,1.8132197369616825,0.00033546262790251185
2026-03-05,2526,54,Tottenham,Crystal Palace,A Madley,yellows,away,2,2.1988036035863487,0.00033546262790251185,1.8132197369616825,0.00033546262790251185
2026-02-27,2526,54,Wolves,Aston Villa,C Pawson,reds,home,0,0.06515013887218309,0.0,0.05849838783970521,0.0
2026-02-28,2526,54,Bournemouth,Sunderland,J Gillett,reds,home,0,0.05587253404181095,0.0,0.05849838783970521,0.0
2026-02-28,2526,54,Burnley,Brentford,S Barrott,reds,home,0,0.06055285958223843,0.0,0.05849838783970521,0.0
2026-02-28,2526,54,Leeds,Man City,P Bankes,reds,home,0,0.05699007712724371,0.0,0.05849838783970521,0.0
2026-02-28,2526,54,Liverpool,West Ham,T Robinson,reds,home,0,0.051019783477796336,0.0,0.05849838783970521,0.0
2026-02-28,2526,54,Newcastle,Everton,S Attwell,reds,home,0,0.047557865967842644,0.0,0.05849838783970521,0.0
2026-03-01,2526,54,Arsenal,Chelsea,D England,reds,home,0,0.0674289864237112,0.0,0.05849838783970521,0.0
2026-03-01,2526,54,Brighton,Nott'm Forest,A Madley,reds,home,0,0.06139379217791593,0.0,0.05849838783970521,0.0
2026-03-01,2526,54,Fulham,Tottenham,T Bramall,reds,home,0,0.062111461927233914,0.0,0.05849838783970521,0.0
2026-03-01,2526,54,Man United,Crystal Palace,C Kavanagh,reds,home,0,0.05865529462842269,0.0,0.05849838783970521,0.0
2026-03-03,2526,54,Bournemouth,Brentford,C Pawson,reds,home,0,0.057209040428625214,0.0,0.05849838783970521,0.0
2026-03-03,2526,54,Everton,Burnley,T Robinson,reds,home,0,0.05982858885933912,0.0,0.05849838783970521,0.0
2026-03-03,2526,54,Leeds,Sunderland,S Attwell,reds,home,0,0.055936502017320325,0.0,0.05849838783970521,0.0
2026-03-03,2526,54,Wolves,Liverpool,T Bramall,reds,home,0,0.0651547126493355,0.0,0.05849838783970521,0.0
2026-03-04,2526,54,Aston Villa,Chelsea,J Gillett,reds,home,0,0.06302660682532282,0.0,0.05849838783970521,0.0
2026-03-04,2526,54,Brighton,Arsenal,C Kavanagh,reds,home,0,0.05771614233045004,0.0,0.05849838783970521,0.0
2026-03-04,2526,54,Fulham,West Ham,M Donohue,reds,home,0,0.05208024913956191,0.0,0.05849838783970521,0.0
2026-03-04,2526,54,Man City,Nott'm Forest,D England,reds,home,0,0.05521603974949941,0.0,0.05849838783970521,0.0
2026-03-04,2526,54,Newcastle,Man United,P Bankes,reds,home,1,0.05189091315582808,0.0,0.05849838783970521,0.0
2026-03-05,2526,54,Tottenham,Crystal Palace,A Madley,reds,home,0,0.06409943619311122,0.0,0.05849838783970521,0.0
2026-02-27,2526,54,Wolves,Aston Villa,C Pawson,reds,away,0,0.06188531165391133,0.0,0.05849838783970521,0.0
2026-02-28,2526,54,Bournemouth,Sunderland,J Gillett,reds,away,0,0.059387742355848275,0.0,0.05849838783970521,0.0
2026-02-28,2526,54,Burnley,Brentford,S Barrott,reds,away,0,0.05214863240870892,0.0,0.05849838783970521,0.0
2026-02-28,2526,54,Leeds,Man City,P Bankes,reds,away,0,0.052165442055384786,0.0,0.05849838783970521,0.0
2026-02-28,2526,54,Liverpool,West Ham,T Robinson,reds,away,0,0.06395450585661165,0.0,0.05849838783970521,0.0
2026-02-28,2526,54,Newcastle,Everton,S Attwell,reds,away,0,0.06731894021172145,0.0,0.05849838783970521,0.0
2026-03-01,2526,54,Arsenal,Chelsea,D England,reds,away,1,0.061872080991590014,0.0,0.05849838783970521,0.0
2026-03-01,2526,54,Brighton,Nott'm Forest,A Madley,reds,away,0,0.055863377783562825,0.0,0.05849838783970521,0.0
2026-03-01,2526,54,Fulham,Tottenham,T Bramall,reds,away,0,0.06006268383526422,0.0,0.05849838783970521,0.0
2026-03-01,2526,54,Man United,Crystal Palace,C Kavanagh,reds,away,1,0.05668829112180133,0.0,0.05849838783970521,0.0
2026-03-03,2526,54,Bournemouth,Brentford,C Pawson,reds,away,0,0.05522844395398724,0.0,0.05849838783970521,0.0
2026-03-03,2526,54,Everton,Burnley,T Robinson,reds,away,0,0.05333745061632961,0.0,0.05849838783970521,0.0
2026-03-03,2526,54,Leeds,Sunderland,S Attwell,reds,away,0,0.05720280289871812,0.0,0.05849838783970521,0.0
2026-03-03,2526,54,Wolves,Liverpool,T Bramall,reds,away,0,0.05977031215685052,0.0,0.05849838783970521,0.0
2026-03-04,2526,54,Aston Villa,Chelsea,J Gillett,reds,away,0,0.06749750582751288,0.0,0.05849838783970521,0.0
2026-03-04,2526,54,Brighton,Arsenal,C Kavanagh,reds,away,0,0.0639727047625324,0.0,0.05849838783970521,0.0
2026-03-04,2526,54,Fulham,West Ham,M Donohue,reds,away,0,0.06095881976201034,0.0,0.05849838783970521,0.0
2026-03-04,2526,54,Man City,Nott'm Forest,D England,reds,away,0,0.054840930232437295,0.0,0.05849838783970521,0.0
2026-03-04,2526,54,Newcastle,Man United,P Bankes,reds,away,0,0.058603638574703694,0.0,0.05849838783970521,0.0
2026-03-05,2526,54,Tottenham,Crystal Palace,A Madley,reds,away,0,0.06300528665242872,0.0,0.05849838783970521,0.0
2026-02-27,2526,54,Wolves,Aston Villa,C Pawson,corners,home,0,3.9636415441314683,0.07201979616323374,5.154537078371516,0.14331690535955183
2026-02-28,2526,54,Bournemouth,Sunderland,J Gillett,corners,home,7,5.958264902661163,0.07201979616323374,5.154537078371516,0.14331690535955183
2026-02-28,2526,54,Burnley,Brentford,S Barrott,corners,home,4,4.657372040757134,0.07201979616323374,5.154537078371516,0.14331690535955183
2026-02-28,2526,54,Leeds,Man City,P Bankes,corners,home,5,3.754279687792577,0.07201979616323374,5.154537078371516,0.14331690535955183
2026-02-28,2526,54,Liverpool,West Ham,T Robinson,corners,home,10,7.441793866630791,0.07201979616323374,5.154537078371516,0.14331690535955183
2026-02-28,2526,54,Newcastle,Everton,S Attwell,corners,home,7,7.242788827004902,0.07201979616323374,5.154537078371516,0.14331690535955183
2026-03-01,2526,54,Arsenal,Chelsea,D England,corners,home,5,5.511545383133311,0.07201979616323374,5.154537078371516,0.14331690535955183
2026-03-01,2526,54,Brighton,Nott'm Forest,A Madley,corners,home,4,5.733855370413083,0.07201979616323374,5.154537078371516,0.14331690535955183
2026-03-01,2526,54,Fulham,Tottenham,T Bramall,corners,home,5,5.6143626857849736,0.07201979616323374,5.154537078371516,0.14331690535955183
2026-03-01,2526,54,Man United,Crystal Palace,C Kavanagh,corners,home,7,5.197983239814457,0.07201979616323374,5.154537078371516,0.14331690535955183
2026-03-03,2526,54,Bournemouth,Brentford,C Pawson,corners,home,4,6.549266088491571,0.07201979616323374,5.154537078371516,0.14331690535955183
2026-03-03,2526,54,Everton,Burnley,T Robinson,corners,home,6,5.457026695641037,0.07201979616323374,5.154537078371516,0.14331690535955183
2026-03-03,2526,54,Leeds,Sunderland,S Attwell,corners,home,9,4.854358463157797,0.07201979616323374,5.154537078371516,0.14331690535955183
2026-03-03,2526,54,Wolves,Liverpool,T Bramall,corners,home,2,3.5744594303176487,0.07201979616323374,5.154537078371516,0.14331690535955183
2026-03-04,2526,54,Aston Villa,Chelsea,J Gillett,corners,home,3,5.2532541323084105,0.07201979616323374,5.154537078371516,0.14331690535955183
2026-03-04,2526,54,Brighton,Arsenal,C Kavanagh,corners,home,4,3.6919527549369198,0.07201979616323374,5.154537078371516,0.14331690535955183
2026-03-04,2526,54,Fulham,West Ham,M Donohue,corners,home,7,6.095650692218186,0.07201979616323374,5.154537078371516,0.14331690535955183
2026-03-04,2526,54,Man City,Nott'm Forest,D England,corners,home,6,6.519839884856621,0.07201979616323374,5.154537078371516,0.14331690535955183
2026-03-04,2526,54,Newcastle,Man United,P Bankes,corners,home,2,7.038342667140074,0.07201979616323374,5.154537078371516,0.14331690535955183
2026-03-05,2526,54,Tottenham,Crystal Palace,A Madley,corners,home,6,5.579376041479867,0.07201979616323374,5.154537078371516,0.14331690535955183
2026-02-27,2526,54,Wolves,Aston Villa,C Pawson,corners,away,5,5.679995546690439,0.07201979616323374,5.154537078371516,0.14331690535955183
2026-02-28,2526,54,Bournemouth,Sunderland,J Gillett,corners,away,3,3.8820580976119876,0.07201979616323374,5.154537078371516,0.14331690535955183
2026-02-28,2526,54,Burnley,Brentford,S Barrott,corners,away,8,5.065805231563746,0.07201979616323374,5.154537078371516,0.14331690535955183
2026-02-28,2526,54,Leeds,Man City,P Bankes,corners,away,3,4.931705362950433,0.07201979616323374,5.154537078371516,0.14331690535955183
2026-02-28,2526,54,Liverpool,West Ham,T Robinson,corners,away,5,3.665191958810605,0.07201979616323374,5.154537078371516,0.14331690535955183
2026-02-28,2526,54,Newcastle,Everton,S Attwell,corners,away,2,4.253694935104138,0.07201979616323374,5.154537078371516,0.14331690535955183
2026-03-01,2526,54,Arsenal,Chelsea,D England,corners,away,10,3.5339837776386203,0.07201979616323374,5.154537078371516,0.14331690535955183
2026-03-01,2526,54,Brighton,Nott'm Forest,A Madley,corners,away,4,4.425074646074919,0.07201979616323374,5.154537078371516,0.14331690535955183
2026-03-01,2526,54,Fulham,Tottenham,T Bramall,corners,away,8,4.940712356478973,0.07201979616323374,5.154537078371516,0.14331690535955183
2026-03-01,2526,54,Man United,Crystal Palace,C Kavanagh,corners,away,1,4.400771508704697,0.07201979616323374,5.154537078371516,0.14331690535955183
2026-03-03,2526,54,Bournemouth,Brentford,C Pawson,corners,away,3,4.798401973832589,0.07201979616323374,5.154537078371516,0.14331690535955183
2026-03-03,2526,54,Everton,Burnley,T Robinson,corners,away,3,3.9508077007228906,0.07201979616323374,5.154537078371516,0.14331690535955183
2026-03-03,2526,54,Leeds,Sunderland,S Attwell,corners,away,2,3.3718824058250076,0.07201979616323374,5.154537078371516,0.14331690535955183
2026-03-03,2526,54,Wolves,Liverpool,T Bramall,corners,away,11,6.241746424025819,0.07201979616323374,5.154537078371516,0.14331690535955183
2026-03-04,2526,54,Aston Villa,Chelsea,J Gillett,corners,away,8,4.909201150427068,0.07201979616323374,5.154537078371516,0.14331690535955183
2026-03-04,2526,54,Brighton,Arsenal,C Kavanagh,corners,away,3,5.175963506836953,0.07201979616323374,5.154537078371516,0.14331690535955183
2026-03-04,2526,54,Fulham,West Ham,M Donohue,corners,away,5,4.511893316751663,0.07201979616323374,5.154537078371516,0.14331690535955183
2026-03-04,2526,54,Man City,Nott'm Forest,D England,corners,away,1,3.4805199028589207,0.07201979616323374,5.154537078371516,0.14331690535955183
2026-03-04,2526,54,Newcastle,Man United,P Bankes,corners,away,4,4.530194113149295,0.07201979616323374,5.154537078371516,0.14331690535955183
2026-03-05,2526,54,Tottenham,Crystal Palace,A Madley,corners,away,3,4.424722840462909,0.07201979616323374,5.154537078371516,0.14331690535955183
2026-02-27,2526,54,Wolves,Aston Villa,C Pawson,fouls,home,13,14.538492640126963,0.00033546262790251185,10.765085259820742,0.013369069356805393
2026-02-28,2526,54,Bournemouth,Sunderland,J Gillett,fouls,home,15,11.333717259085434,0.00033546262790251185,10.765085259820742,0.013369069356805393
2026-02-28,2526,54,Burnley,Brentford,S Barrott,fouls,home,9,8.808675192814935,0.00033546262790251185,10.765085259820742,0.013369069356805393
2026-02-28,2526,54,Leeds,Man City,P Bankes,fouls,home,10,10.42242308744503,0.00033546262790251185,10.765085259820742,0.013369069356805393
2026-02-28,2526,54,Liverpool,West Ham,T Robinson,fouls,home,12,10.568588073637969,0.00033546262790251185,10.765085259820742,0.013369069356805393
2026-02-28,2526,54,Newcastle,Everton,S Attwell,fouls,home,15,9.721403645628662,0.00033546262790251185,10.765085259820742,0.013369069356805393
2026-03-01,2526,54,Arsenal,Chelsea,D England,fouls,home,11,11.159594519381224,0.00033546262790251185,10.765085259820742,0.013369069356805393
2026-03-01,2526,54,Brighton,Nott'm Forest,A Madley,fouls,home,12,12.118577217966925,0.00033546262790251185,10.765085259820742,0.013369069356805393
2026-03-01,2526,54,Fulham,Tottenham,T Bramall,fouls,home,11,10.828208532225519,0.00033546262790251185,10.765085259820742,0.013369069356805393
2026-03-01,2526,54,Man United,Crystal Palace,C Kavanagh,fouls,home,13,9.589135946084843,0.00033546262790251185,10.765085259820742,0.013369069356805393
2026-03-03,2526,54,Bournemouth,Brentford,C Pawson,fouls,home,9,11.074334416357473,0.00033546262790251185,10.765085259820742,0.013369069356805393
2026-03-03,2526,54,Everton,Burnley,T Robinson,fouls,home,10,9.836969849186247,0.00033546262790251185,10.765085259820742,0.013369069356805393
2026-03-03,2526,54,Leeds,Sunderland,S Attwell,fouls,home,15,9.92913034266477,0.00033546262790251185,10.765085259820742,0.013369069356805393
2026-03-03,2526,54,Wolves,Liverpool,T Bramall,fouls,home,10,11.498094393778063,0.00033546262790251185,10.765085259820742,0.013369069356805393
2026-03-04,2526,54,Aston Villa,Chelsea,J Gillett,fouls,home,10,10.571973843651339,0.00033546262790251185,10.765085259820742,0.013369069356805393
2026-03-04,2526,54,Brighton,Arsenal,C Kavanagh,fouls,home,14,11.324561817220244,0.00033546262790251185,10.765085259820742,0.013369069356805393
2026-03-04,2526,54,Fulham,West Ham,M Donohue,fouls,home,14,11.454635231699848,0.00033546262790251185,10.765085259820742,0.013369069356805393
2026-03-04,2526,54,Man City,Nott'm Forest,D England,fouls,home,10,9.969865648947154,0.00033546262790251185,10.765085259820742,0.013369069356805393
2026-03-04,2526,54,Newcastle,Man United,P Bankes,fouls,home,15,9.694331441488325,0.00033546262790251185,10.765085259820742,0.013369069356805393
2026-03-05,2526,54,Tottenham,Crystal Palace,A Madley,fouls,home,14,10.82259371681175,0.00033546262790251185,10.765085259820742,0.013369069356805393
2026-02-27,2526,54,Wolves,Aston Villa,C Pawson,fouls,away,19,10.936714690468115,0.00033546262790251185,10.765085259820742,0.013369069356805393
2026-02-28,2526,54,Bournemouth,Sunderland,J Gillett,fouls,away,12,9.77927702815397,0.00033546262790251185,10.765085259820742,0.013369069356805393
2026-02-28,2526,54,Burnley,Brentford,S Barrott,fouls,away,9,8.641808663730744,0.00033546262790251185,10.765085259820742,0.013369069356805393
2026-02-28,2526,54,Leeds,Man City,P Bankes,fouls,away,8,9.925643267967345,0.00033546262790251185,10.765085259820742,0.013369069356805393
2026-02-28,2526,54,Liverpool,West Ham,T Robinson,fouls,away,11,11.048641715527443,0.00033546262790251185,10.765085259820742,0.013369069356805393
2026-02-28,2526,54,Newcastle,Everton,S Attwell,fouls,away,7,11.565736089029047,0.00033546262790251185,10.765085259820742,0.013369069356805393
2026-03-01,2526,54,Arsenal,Chelsea,D England,fouls,away,14,11.67120340452761,0.00033546262790251185,10.765085259820742,0.013369069356805393
2026-03-01,2526,54,Brighton,Nott'm Forest,A Madley,fouls,away,13,11.169619387577242,0.00033546262790251185,10.765085259820742,0.013369069356805393
2026-03-01,2526,54,Fulham,Tottenham,T Bramall,fouls,away,14,10.283379839397771,0.00033546262790251185,10.765085259820742,0.013369069356805393
2026-03-01,2526,54,Man United,Crystal Palace,C Kavanagh,fouls,away,12,10.833087950651665,0.00033546262790251185,10.765085259820742,0.013369069356805393
2026-03-03,2526,54,Bournemouth,Brentford,C Pawson,fouls,away,10,9.984792463475657,0.00033546262790251185,10.765085259820742,0.013369069356805393
2026-03-03,2526,54,Everton,Burnley,T Robinson,fouls,away,12,10.820357240514035,0.00033546262790251185,10.765085259820742,0.013369069356805393
2026-03-03,2526,54,Leeds,Sunderland,S Attwell,fouls,away,19,10.348817120898305,0.00033546262790251185,10.765085259820742,0.013369069356805393
2026-03-03,2526,54,Wolves,Liverpool,T Bramall,fouls,away,13,10.78026578894257,0.00033546262790251185,10.765085259820742,0.013369069356805393
2026-03-04,2526,54,Aston Villa,Chelsea,J Gillett,fouls,away,9,13.01365669720928,0.00033546262790251185,10.765085259820742,0.013369069356805393
2026-03-04,2526,54,Brighton,Arsenal,C Kavanagh,fouls,away,12,10.501575627403751,0.00033546262790251185,10.765085259820742,0.013369069356805393
2026-03-04,2526,54,Fulham,West Ham,M Donohue,fouls,away,12,10.743684152432111,0.00033546262790251185,10.765085259820742,0.013369069356805393
2026-03-04,2526,54,Man City,Nott'm Forest,D England,fouls,away,6,11.31951141311142,0.00033546262790251185,10.765085259820742,0.013369069356805393
2026-03-04,2526,54,Newcastle,Man United,P Bankes,fouls,away,16,11.336272074872326,0.00033546262790251185,10.765085259820742,0.013369069356805393
2026-03-05,2526,54,Tottenham,Crystal Palace,A Madley,fouls,away,14,11.791171601727793,0.00033546262790251185,10.765085259820742,0.013369069356805393
2026-03-14,2526,55,Arsenal,Everton,A Madley,yellows,home,0,1.2162347958650184,0.00033546262790251185,1.8165226241725367,0.00033546262790251185
2026-03-14,2526,55,Burnley,Bournemouth,P Bankes,yellows,home,1,1.6033063409593675,0.00033546262790251185,1.8165226241725367,0.00033546262790251185
2026-03-14,2526,55,Chelsea,Newcastle,P Tierney,yellows,home,2,2.408241564386174,0.00033546262790251185,1.8165226241725367,0.00033546262790251185
2026-03-14,2526,55,Sunderland,Brighton,T Kirk,yellows,home,1,1.9028950036295862,0.00033546262790251185,1.8165226241725367,0.00033546262790251185
2026-03-14,2526,55,West Ham,Man City,M Oliver,yellows,home,2,1.6807257685449535,0.00033546262790251185,1.8165226241725367,0.00033546262790251185
2026-03-15,2526,55,Crystal Palace,Leeds,T Bramall,yellows,home,2,1.7369052391909239,0.00033546262790251185,1.8165226241725367,0.00033546262790251185
2026-03-15,2526,55,Liverpool,Tottenham,C Kavanagh,yellows,home,0,1.525945439069283,0.00033546262790251185,1.8165226241725367,0.00033546262790251185
2026-03-15,2526,55,Man United,Aston Villa,A Taylor,yellows,home,3,1.907995254979014,0.00033546262790251185,1.8165226241725367,0.00033546262790251185
2026-03-15,2526,55,Nott'm Forest,Fulham,S Barrott,yellows,home,2,1.55251273401284,0.00033546262790251185,1.8165226241725367,0.00033546262790251185
2026-03-16,2526,55,Brentford,Wolves,S Attwell,yellows,home,2,1.6271060990151973,0.00033546262790251185,1.8165226241725367,0.00033546262790251185
2026-03-14,2526,55,Arsenal,Everton,A Madley,yellows,away,0,2.0751614588760794,0.00033546262790251185,1.8165226241725367,0.00033546262790251185
2026-03-14,2526,55,Burnley,Bournemouth,P Bankes,yellows,away,0,1.9479239187767492,0.00033546262790251185,1.8165226241725367,0.00033546262790251185
2026-03-14,2526,55,Chelsea,Newcastle,P Tierney,yellows,away,2,2.241899529650755,0.00033546262790251185,1.8165226241725367,0.00033546262790251185
2026-03-14,2526,55,Sunderland,Brighton,T Kirk,yellows,away,2,2.2932435794010178,0.00033546262790251185,1.8165226241725367,0.00033546262790251185
2026-03-14,2526,55,West Ham,Man City,M Oliver,yellows,away,2,1.6982970719466546,0.00033546262790251185,1.8165226241725367,0.00033546262790251185
2026-03-15,2526,55,Crystal Palace,Leeds,T Bramall,yellows,away,1,1.880251583125105,0.00033546262790251185,1.8165226241725367,0.00033546262790251185
2026-03-15,2526,55,Liverpool,Tottenham,C Kavanagh,yellows,away,0,2.4322373949748903,0.00033546262790251185,1.8165226241725367,0.00033546262790251185
2026-03-15,2526,55,Man United,Aston Villa,A Taylor,yellows,away,2,1.9485909285865703,0.00033546262790251185,1.8165226241725367,0.00033546262790251185
2026-03-15,2526,55,Nott'm Forest,Fulham,S Barrott,yellows,away,3,2.2903837967344924,0.00033546262790251185,1.8165226241725367,0.00033546262790251185
2026-03-16,2526,55,Brentford,Wolves,S Attwell,yellows,away,4,2.160319856016994,0.00033546262790251185,1.8165226241725367,0.00033546262790251185
2026-03-14,2526,55,Arsenal,Everton,A Madley,reds,home,0,0.055362451112265974,0.0,0.05864901871291647,0.0
2026-03-14,2526,55,Burnley,Bournemouth,P Bankes,reds,home,0,0.0606565310037175,0.0,0.05864901871291647,0.0
2026-03-14,2526,55,Chelsea,Newcastle,P Tierney,reds,home,0,0.0695905747021218,0.0,0.05864901871291647,0.0
2026-03-14,2526,55,Sunderland,Brighton,T Kirk,reds,home,0,0.059809435790062905,0.0,0.05864901871291647,0.0
2026-03-14,2526,55,West Ham,Man City,M Oliver,reds,home,0,0.06049953764331714,0.0,0.05864901871291647,0.0
2026-03-15,2526,55,Crystal Palace,Leeds,T Bramall,reds,home,0,0.05785689158772985,0.0,0.05864901871291647,0.0
2026-03-15,2526,55,Liverpool,Tottenham,C Kavanagh,reds,home,0,0.060652975821242475,0.0,0.05864901871291647,0.0
2026-03-15,2526,55,Man United,Aston Villa,A Taylor,reds,home,0,0.05748886305341901,0.0,0.05864901871291647,0.0
2026-03-15,2526,55,Nott'm Forest,Fulham,S Barrott,reds,home,0,0.05490366424361867,0.0,0.05864901871291647,0.0
2026-03-16,2526,55,Brentford,Wolves,S Attwell,reds,home,0,0.05752128163236775,0.0,0.05864901871291647,0.0
2026-03-14,2526,55,Arsenal,Everton,A Madley,reds,away,0,0.06152070229345427,0.0,0.05864901871291647,0.0
2026-03-14,2526,55,Burnley,Bournemouth,P Bankes,reds,away,0,0.054114651642787066,0.0,0.05864901871291647,0.0
2026-03-14,2526,55,Chelsea,Newcastle,P Tierney,reds,away,0,0.05859196523704951,0.0,0.05864901871291647,0.0
2026-03-14,2526,55,Sunderland,Brighton,T Kirk,reds,away,0,0.05844230424840778,0.0,0.05864901871291647,0.0
2026-03-14,2526,55,West Ham,Man City,M Oliver,reds,away,0,0.048230825014941726,0.0,0.05864901871291647,0.0
2026-03-15,2526,55,Crystal Palace,Leeds,T Bramall,reds,away,1,0.060960299957967555,0.0,0.05864901871291647,0.0
2026-03-15,2526,55,Liverpool,Tottenham,C Kavanagh,reds,away,0,0.0627940832609573,0.0,0.05864901871291647,0.0
2026-03-15,2526,55,Man United,Aston Villa,A Taylor,reds,away,0,0.058529786983381016,0.0,0.05864901871291647,0.0
2026-03-15,2526,55,Nott'm Forest,Fulham,S Barrott,reds,away,0,0.05926879295613111,0.0,0.05864901871291647,0.0
2026-03-16,2526,55,Brentford,Wolves,S Attwell,reds,away,0,0.0618425742193433,0.0,0.05864901871291647,0.0
2026-03-14,2526,55,Arsenal,Everton,A Madley,corners,home,8,6.758624903616999,0.0692768052602212,5.151985395538065,0.14288830067150332
2026-03-14,2526,55,Burnley,Bournemouth,P Bankes,corners,home,5,4.447663725864566,0.0692768052602212,5.151985395538065,0.14288830067150332
2026-03-14,2526,55,Chelsea,Newcastle,P Tierney,corners,home,8,6.320414870754302,0.0692768052602212,5.151985395538065,0.14288830067150332
2026-03-14,2526,55,Sunderland,Brighton,T Kirk,corners,home,7,3.8920782311868107,0.0692768052602212,5.151985395538065,0.14288830067150332
2026-03-14,2526,55,West Ham,Man City,M Oliver,corners,home,1,3.846911682005566,0.0692768052602212,5.151985395538065,0.14288830067150332
2026-03-15,2526,55,Crystal Palace,Leeds,T Bramall,corners,home,8,4.338451560551177,0.0692768052602212,5.151985395538065,0.14288830067150332
2026-03-15,2526,55,Liverpool,Tottenham,C Kavanagh,corners,home,3,6.998113798412422,0.0692768052602212,5.151985395538065,0.14288830067150332
2026-03-15,2526,55,Man United,Aston Villa,A Taylor,corners,home,6,4.796720871480541,0.0692768052602212,5.151985395538065,0.14288830067150332
2026-03-15,2526,55,Nott'm Forest,Fulham,S Barrott,corners,home,5,5.655501073007197,0.0692768052602212,5.151985395538065,0.14288830067150332
2026-03-16,2526,55,Brentford,Wolves,S Attwell,corners,home,1,6.008599587127499,0.0692768052602212,5.151985395538065,0.14288830067150332
2026-03-14,2526,55,Arsenal,Everton,A Madley,corners,away,3,2.9776256898202256,0.0692768052602212,5.151985395538065,0.14288830067150332
2026-03-14,2526,55,Burnley,Bournemouth,P Bankes,corners,away,8,5.857146517572338,0.0692768052602212,5.151985395538065,0.14288830067150332
2026-03-14,2526,55,Chelsea,Newcastle,P Tierney,corners,away,1,4.9057520420720895,0.0692768052602212,5.151985395538065,0.14288830067150332
2026-03-14,2526,55,Sunderland,Brighton,T Kirk,corners,away,3,4.62181441984508,0.0692768052602212,5.151985395538065,0.14288830067150332
2026-03-14,2526,55,West Ham,Man City,M Oliver,corners,away,15,6.0556265581050654,0.0692768052602212,5.151985395538065,0.14288830067150332
2026-03-15,2526,55,Crystal Palace,Leeds,T Bramall,corners,away,3,4.426429174261367,0.0692768052602212,5.151985395538065,0.14288830067150332
2026-03-15,2526,55,Liverpool,Tottenham,C Kavanagh,corners,away,4,4.111865991995543,0.0692768052602212,5.151985395538065,0.14288830067150332
2026-03-15,2526,55,Man United,Aston Villa,A Taylor,corners,away,6,5.05894912477446,0.0692768052602212,5.151985395538065,0.14288830067150332
2026-03-15,2526,55,Nott'm Forest,Fulham,S Barrott,corners,away,4,4.879203216741085,0.0692768052602212,5.151985395538065,0.14288830067150332
2026-03-16,2526,55,Brentford,Wolves,S Attwell,corners,away,5,3.81477966391572,0.0692768052602212,5.151985395538065,0.14288830067150332
2026-03-14,2526,55,Arsenal,Everton,A Madley,fouls,home,11,10.636168512713407,0.00033546262790251185,10.777270709466121,0.0130317950732074
2026-03-14,2526,55,Burnley,Bournemouth,P Bankes,fouls,home,11,9.924081472909167,0.00033546262790251185,10.777270709466121,0.0130317950732074
2026-03-14,2526,55,Chelsea,Newcastle,P Tierney,fouls,home,9,11.286552456531485,0.00033546262790251185,10.777270709466121,0.0130317950732074
2026-03-14,2526,55,Sunderland,Brighton,T Kirk,fouls,home,7,10.89329893529405,0.00033546262790251185,10.777270709466121,0.0130317950732074
2026-03-14,2526,55,West Ham,Man City,M Oliver,fouls,home,14,11.021752661758144,0.00033546262790251185,10.777270709466121,0.0130317950732074
2026-03-15,2526,55,Crystal Palace,Leeds,T Bramall,fouls,home,12,10.878903946388341,0.00033546262790251185,10.777270709466121,0.0130317950732074
2026-03-15,2526,55,Liverpool,Tottenham,C Kavanagh,fouls,home,8,10.90267673024758,0.00033546262790251185,10.777270709466121,0.0130317950732074
2026-03-15,2526,55,Man United,Aston Villa,A Taylor,fouls,home,10,11.711334864389148,0.00033546262790251185,10.777270709466121,0.0130317950732074
2026-03-15,2526,55,Nott'm Forest,Fulham,S Barrott,fouls,home,8,8.791130545114688,0.00033546262790251185,10.777270709466121,0.0130317950732074
2026-03-16,2526,55,Brentford,Wolves,S Attwell,fouls,home,12,9.966762909251154,0.00033546262790251185,10.777270709466121,0.0130317950732074
2026-03-14,2526,55,Arsenal,Everton,A Madley,fouls,away,12,11.534092963830412,0.00033546262790251185,10.777270709466121,0.0130317950732074
2026-03-14,2526,55,Burnley,Bournemouth,P Bankes,fouls,away,5,11.21266063798644,0.00033546262790251185,10.777270709466121,0.0130317950732074
2026-03-14,2526,55,Chelsea,Newcastle,P Tierney,fouls,away,10,11.110138480309475,0.00033546262790251185,10.777270709466121,0.0130317950732074
2026-03-14,2526,55,Sunderland,Brighton,T Kirk,fouls,away,12,12.65925732828563,0.00033546262790251185,10.777270709466121,0.0130317950732074
2026-03-14,2526,55,West Ham,Man City,M Oliver,fouls,away,5,10.026556282047833,0.00033546262790251185,10.777270709466121,0.0130317950732074
2026-03-15,2526,55,Crystal Palace,Leeds,T Bramall,fouls,away,11,10.162756146875092,0.00033546262790251185,10.777270709466121,0.0130317950732074
2026-03-15,2526,55,Liverpool,Tottenham,C Kavanagh,fouls,away,13,11.518107466708587,0.00033546262790251185,10.777270709466121,0.0130317950732074
2026-03-15,2526,55,Man United,Aston Villa,A Taylor,fouls,away,5,10.229232630454758,0.00033546262790251185,10.777270709466121,0.0130317950732074
2026-03-15,2526,55,Nott'm Forest,Fulham,S Barrott,fouls,away,10,10.889130482002468,0.00033546262790251185,10.777270709466121,0.0130317950732074
2026-03-16,2526,55,Brentford,Wolves,S Attwell,fouls,away,10,11.396527144950964,0.00033546262790251185,10.777270709466121,0.0130317950732074
2026-03-20,2526,56,Bournemouth,Man United,S Attwell,yellows,home,2,2.1517894787361627,0.00033546262790251185,1.8153112283862254,0.00033546262790251185
2026-03-21,2526,56,Brighton,Liverpool,D England,yellows,home,5,1.9395958427597328,0.00033546262790251185,1.8153112283862254,0.00033546262790251185
2026-03-21,2526,56,Everton,Chelsea,S Barrott,yellows,home,0,1.9526110044876384,0.00033546262790251185,1.8153112283862254,0.00033546262790251185
2026-03-21,2526,56,Fulham,Burnley,C Kavanagh,yellows,home,2,1.4016123221981538,0.00033546262790251185,1.8153112283862254,0.00033546262790251185
2026-03-21,2526,56,Leeds,Brentford,J Gillett,yellows,home,2,1.4764686761385875,0.00033546262790251185,1.8153112283862254,0.00033546262790251185
2026-03-22,2526,56,Aston Villa,West Ham,P Tierney,yellows,home,0,1.5393926490488952,0.00033546262790251185,1.8153112283862254,0.00033546262790251185
2026-03-22,2526,56,Newcastle,Sunderland,A Taylor,yellows,home,1,1.5341230204360436,0.00033546262790251185,1.8153112283862254,0.00033546262790251185
2026-03-22,2526,56,Tottenham,Nott'm Forest,M Oliver,yellows,home,1,1.948600952781651,0.00033546262790251185,1.8153112283862254,0.00033546262790251185
2026-03-20,2526,56,Bournemouth,Man United,S Attwell,yellows,away,2,2.079665067099941,0.00033546262790251185,1.8153112283862254,0.00033546262790251185
2026-03-21,2526,56,Brighton,Liverpool,D England,yellows,away,5,1.8770249464468836,0.00033546262790251185,1.8153112283862254,0.00033546262790251185
2026-03-21,2526,56,Everton,Chelsea,S Barrott,yellows,away,2,2.1787267235864753,0.00033546262790251185,1.8153112283862254,0.00033546262790251185
2026-03-21,2526,56,Fulham,Burnley,C Kavanagh,yellows,away,2,1.8015215618114175,0.00033546262790251185,1.8153112283862254,0.00033546262790251185
2026-03-21,2526,56,Leeds,Brentford,J Gillett,yellows,away,0,1.983784102522156,0.00033546262790251185,1.8153112283862254,0.00033546262790251185
2026-03-22,2526,56,Aston Villa,West Ham,P Tierney,yellows,away,1,2.444590298976515,0.00033546262790251185,1.8153112283862254,0.00033546262790251185
2026-03-22,2526,56,Newcastle,Sunderland,A Taylor,yellows,away,6,2.449630668787301,0.00033546262790251185,1.8153112283862254,0.00033546262790251185
2026-03-22,2526,56,Tottenham,Nott'm Forest,M Oliver,yellows,away,2,1.9478357261154373,0.00033546262790251185,1.8153112283862254,0.00033546262790251185
2026-03-20,2526,56,Bournemouth,Man United,S Attwell,reds,home,0,0.05664068157332281,0.0,0.05860972285324854,0.0
2026-03-21,2526,56,Brighton,Liverpool,D England,reds,home,0,0.06259111296025416,0.0,0.05860972285324854,0.0
2026-03-21,2526,56,Everton,Chelsea,S Barrott,reds,home,0,0.06702738868315108,0.0,0.05860972285324854,0.0
2026-03-21,2526,56,Fulham,Burnley,C Kavanagh,reds,home,0,0.05482535406863094,0.0,0.05860972285324854,0.0
2026-03-21,2526,56,Leeds,Brentford,J Gillett,reds,home,0,0.05796305532571367,0.0,0.05860972285324854,0.0
2026-03-22,2526,56,Aston Villa,West Ham,P Tierney,reds,home,0,0.0525698848230595,0.0,0.05860972285324854,0.0
2026-03-22,2526,56,Newcastle,Sunderland,A Taylor,reds,home,0,0.05340916863810278,0.0,0.05860972285324854,0.0
2026-03-22,2526,56,Tottenham,Nott'm Forest,M Oliver,reds,home,0,0.06110272551731331,0.0,0.05860972285324854,0.0
2026-03-20,2526,56,Bournemouth,Man United,S Attwell,reds,away,1,0.05486676719509288,0.0,0.05860972285324854,0.0
2026-03-21,2526,56,Brighton,Liverpool,D England,reds,away,0,0.057424496628992815,0.0,0.05860972285324854,0.0
2026-03-21,2526,56,Everton,Chelsea,S Barrott,reds,away,0,0.05727797958002563,0.0,0.05860972285324854,0.0
2026-03-21,2526,56,Fulham,Burnley,C Kavanagh,reds,away,1,0.06024130339050341,0.0,0.05860972285324854,0.0
2026-03-21,2526,56,Leeds,Brentford,J Gillett,reds,away,0,0.05284862990468264,0.0,0.05860972285324854,0.0
2026-03-22,2526,56,Aston Villa,West Ham,P Tierney,reds,away,0,0.06359822563549086,0.0,0.05860972285324854,0.0
2026-03-22,2526,56,Newcastle,Sunderland,A Taylor,reds,away,0,0.06275636553255988,0.0,0.05860972285324854,0.0
2026-03-22,2526,56,Tottenham,Nott'm Forest,M Oliver,reds,away,0,0.05854847429839449,0.0,0.05860972285324854,0.0
2026-03-20,2526,56,Bournemouth,Man United,S Attwell,corners,home,6,6.117740498994287,0.07069256033329656,5.152203526907683,0.1430526403922083
2026-03-21,2526,56,Brighton,Liverpool,D England,corners,home,4,4.424131964270747,0.07069256033329656,5.152203526907683,0.1430526403922083
2026-03-21,2526,56,Everton,Chelsea,S Barrott,corners,home,3,4.110343922185656,0.07069256033329656,5.152203526907683,0.1430526403922083
2026-03-21,2526,56,Fulham,Burnley,C Kavanagh,corners,home,6,6.17494911026832,0.07069256033329656,5.152203526907683,0.1430526403922083
2026-03-21,2526,56,Leeds,Brentford,J Gillett,corners,home,6,5.505568102148656,0.07069256033329656,5.152203526907683,0.1430526403922083
2026-03-22,2526,56,Aston Villa,West Ham,P Tierney,corners,home,6,6.912737802864738,0.07069256033329656,5.152203526907683,0.1430526403922083
2026-03-22,2526,56,Newcastle,Sunderland,A Taylor,corners,home,9,6.447973990360548,0.07069256033329656,5.152203526907683,0.1430526403922083
2026-03-22,2526,56,Tottenham,Nott'm Forest,M Oliver,corners,home,13,5.891446604105827,0.07069256033329656,5.152203526907683,0.1430526403922083
2026-03-20,2526,56,Bournemouth,Man United,S Attwell,corners,away,8,4.735395143210491,0.07069256033329656,5.152203526907683,0.1430526403922083
2026-03-21,2526,56,Brighton,Liverpool,D England,corners,away,8,5.3588600840950695,0.07069256033329656,5.152203526907683,0.1430526403922083
2026-03-21,2526,56,Everton,Chelsea,S Barrott,corners,away,9,5.861646413945694,0.07069256033329656,5.152203526907683,0.1430526403922083
2026-03-21,2526,56,Fulham,Burnley,C Kavanagh,corners,away,6,3.877091277983685,0.07069256033329656,5.152203526907683,0.1430526403922083
2026-03-21,2526,56,Leeds,Brentford,J Gillett,corners,away,2,4.182584659265636,0.07069256033329656,5.152203526907683,0.1430526403922083
2026-03-22,2526,56,Aston Villa,West Ham,P Tierney,corners,away,6,4.031453318472999,0.07069256033329656,5.152203526907683,0.1430526403922083
2026-03-22,2526,56,Newcastle,Sunderland,A Taylor,corners,away,5,3.6826848453576093,0.07069256033329656,5.152203526907683,0.1430526403922083
2026-03-22,2526,56,Tottenham,Nott'm Forest,M Oliver,corners,away,3,4.7032208695219335,0.07069256033329656,5.152203526907683,0.1430526403922083
2026-03-20,2526,56,Bournemouth,Man United,S Attwell,fouls,home,10,11.355214049314966,0.00033546262790251185,10.772603351019434,0.012906474408398257
2026-03-21,2526,56,Brighton,Liverpool,D England,fouls,home,11,11.016019889765555,0.00033546262790251185,10.772603351019434,0.012906474408398257
2026-03-21,2526,56,Everton,Chelsea,S Barrott,fouls,home,6,10.842218067426836,0.00033546262790251185,10.772603351019434,0.012906474408398257
2026-03-21,2526,56,Fulham,Burnley,C Kavanagh,fouls,home,6,9.565173605240787,0.00033546262790251185,10.772603351019434,0.012906474408398257
2026-03-21,2526,56,Leeds,Brentford,J Gillett,fouls,home,6,9.181686121828433,0.00033546262790251185,10.772603351019434,0.012906474408398257
2026-03-22,2526,56,Aston Villa,West Ham,P Tierney,fouls,home,3,9.897302863223256,0.00033546262790251185,10.772603351019434,0.012906474408398257
2026-03-22,2526,56,Newcastle,Sunderland,A Taylor,fouls,home,8,9.932555781305435,0.00033546262790251185,10.772603351019434,0.012906474408398257
2026-03-22,2526,56,Tottenham,Nott'm Forest,M Oliver,fouls,home,13,12.117333015867576,0.00033546262790251185,10.772603351019434,0.012906474408398257
2026-03-20,2526,56,Bournemouth,Man United,S Attwell,fouls,away,9,10.373248535612458,0.00033546262790251185,10.772603351019434,0.012906474408398257
2026-03-21,2526,56,Brighton,Liverpool,D England,fouls,away,11,10.751483816744265,0.00033546262790251185,10.772603351019434,0.012906474408398257
2026-03-21,2526,56,Everton,Chelsea,S Barrott,fouls,away,7,10.885759330789982,0.00033546262790251185,10.772603351019434,0.012906474408398257
2026-03-21,2526,56,Fulham,Burnley,C Kavanagh,fouls,away,9,9.623802168340172,0.00033546262790251185,10.772603351019434,0.012906474408398257
2026-03-21,2526,56,Leeds,Brentford,J Gillett,fouls,away,9,10.129814658807714,0.00033546262790251185,10.772603351019434,0.012906474408398257
2026-03-22,2526,56,Aston Villa,West Ham,P Tierney,fouls,away,7,12.752470733019589,0.00033546262790251185,10.772603351019434,0.012906474408398257
2026-03-22,2526,56,Newcastle,Sunderland,A Taylor,fouls,away,19,10.885297456756824,0.00033546262790251185,10.772603351019434,0.012906474408398257
2026-03-22,2526,56,Tottenham,Nott'm Forest,M Oliver,fouls,away,13,11.395659004284873,0.00033546262790251185,10.772603351019434,0.012906474408398257
2026-04-10,2526,57,West Ham,Wolves,J Gillett,yellows,home,2,1.5101102496816523,0.00033546262790251185,1.8162064284090242,0.00033546262790251185
2026-04-11,2526,57,Arsenal,Bournemouth,M Oliver,yellows,home,1,1.3246152650761438,0.00033546262790251185,1.8162064284090242,0.00033546262790251185
2026-04-11,2526,57,Brentford,Everton,F Hallam,yellows,home,0,1.4420954102870456,0.00033546262790251185,1.8162064284090242,0.00033546262790251185
2026-04-11,2526,57,Burnley,Brighton,T Bramall,yellows,home,2,1.7349553628834016,0.00033546262790251185,1.8162064284090242,0.00033546262790251185
2026-04-11,2526,57,Liverpool,Fulham,A Taylor,yellows,home,0,1.4094254006947367,0.00033546262790251185,1.8162064284090242,0.00033546262790251185
2026-04-12,2526,57,Chelsea,Man City,C Kavanagh,yellows,home,3,2.1839191238855573,0.00033546262790251185,1.8162064284090242,0.00033546262790251185
2026-04-12,2526,57,Crystal Palace,Newcastle,A Madley,yellows,home,0,2.0815344429910128,0.00033546262790251185,1.8162064284090242,0.00033546262790251185
2026-04-12,2526,57,Nott'm Forest,Aston Villa,M Salisbury,yellows,home,2,2.0109137750709163,0.00033546262790251185,1.8162064284090242,0.00033546262790251185
2026-04-12,2526,57,Sunderland,Tottenham,R Jones,yellows,home,3,1.9338931220101738,0.00033546262790251185,1.8162064284090242,0.00033546262790251185
2026-04-13,2526,57,Man United,Leeds,P Tierney,yellows,home,3,1.5107499989391575,0.00033546262790251185,1.8162064284090242,0.00033546262790251185
2026-04-10,2526,57,West Ham,Wolves,J Gillett,yellows,away,2,2.0865877872438654,0.00033546262790251185,1.8162064284090242,0.00033546262790251185
2026-04-11,2526,57,Arsenal,Bournemouth,M Oliver,yellows,away,3,2.2839634556323096,0.00033546262790251185,1.8162064284090242,0.00033546262790251185
2026-04-11,2526,57,Brentford,Everton,F Hallam,yellows,away,2,1.9398523898741344,0.00033546262790251185,1.8162064284090242,0.00033546262790251185
2026-04-11,2526,57,Burnley,Brighton,T Bramall,yellows,away,1,1.9028612876342226,0.00033546262790251185,1.8162064284090242,0.00033546262790251185
2026-04-11,2526,57,Liverpool,Fulham,A Taylor,yellows,away,0,2.2353484269989456,0.00033546262790251185,1.8162064284090242,0.00033546262790251185
2026-04-12,2526,57,Chelsea,Man City,C Kavanagh,yellows,away,1,2.121037332090286,0.00033546262790251185,1.8162064284090242,0.00033546262790251185
2026-04-12,2526,57,Crystal Palace,Newcastle,A Madley,yellows,away,3,1.8564628871214386,0.00033546262790251185,1.8162064284090242,0.00033546262790251185
2026-04-12,2526,57,Nott'm Forest,Aston Villa,M Salisbury,yellows,away,2,2.016154899292741,0.00033546262790251185,1.8162064284090242,0.00033546262790251185
2026-04-12,2526,57,Sunderland,Tottenham,R Jones,yellows,away,3,2.306357291055792,0.00033546262790251185,1.8162064284090242,0.00033546262790251185
2026-04-13,2526,57,Man United,Leeds,P Tierney,yellows,away,2,1.890745742301597,0.00033546262790251185,1.8162064284090242,0.00033546262790251185
2026-04-10,2526,57,West Ham,Wolves,J Gillett,reds,home,0,0.0636293166034335,0.0,0.05885015844273427,0.0
2026-04-11,2526,57,Arsenal,Bournemouth,M Oliver,reds,home,0,0.06431593634962066,0.0,0.05885015844273427,0.0
2026-04-11,2526,57,Brentford,Everton,F Hallam,reds,home,0,0.048204945737303134,0.0,0.05885015844273427,0.0
2026-04-11,2526,57,Burnley,Brighton,T Bramall,reds,home,0,0.06228995991580285,0.0,0.05885015844273427,0.0
2026-04-11,2526,57,Liverpool,Fulham,A Taylor,reds,home,0,0.057706861086132176,0.0,0.05885015844273427,0.0
2026-04-12,2526,57,Chelsea,Man City,C Kavanagh,reds,home,0,0.06485743908473193,0.0,0.05885015844273427,0.0
2026-04-12,2526,57,Crystal Palace,Newcastle,A Madley,reds,home,0,0.06374800175051534,0.0,0.05885015844273427,0.0
2026-04-12,2526,57,Nott'm Forest,Aston Villa,M Salisbury,reds,home,0,0.05752653510586602,0.0,0.05885015844273427,0.0
2026-04-12,2526,57,Sunderland,Tottenham,R Jones,reds,home,0,0.06285072317217548,0.0,0.05885015844273427,0.0
2026-04-13,2526,57,Man United,Leeds,P Tierney,reds,home,1,0.05380479437706625,0.0,0.05885015844273427,0.0
2026-04-10,2526,57,West Ham,Wolves,J Gillett,reds,away,0,0.05536502620865034,0.0,0.05885015844273427,0.0
2026-04-11,2526,57,Arsenal,Bournemouth,M Oliver,reds,away,0,0.055809216424543756,0.0,0.05885015844273427,0.0
2026-04-11,2526,57,Brentford,Everton,F Hallam,reds,away,0,0.06271724336534157,0.0,0.05885015844273427,0.0
2026-04-11,2526,57,Burnley,Brighton,T Bramall,reds,away,0,0.05664579074318275,0.0,0.05885015844273427,0.0
2026-04-11,2526,57,Liverpool,Fulham,A Taylor,reds,away,0,0.06068246058597845,0.0,0.05885015844273427,0.0
2026-04-12,2526,57,Chelsea,Man City,C Kavanagh,reds,away,0,0.05746492664879387,0.0,0.05885015844273427,0.0
2026-04-12,2526,57,Crystal Palace,Newcastle,A Madley,reds,away,0,0.05946471595035075,0.0,0.05885015844273427,0.0
2026-04-12,2526,57,Nott'm Forest,Aston Villa,M Salisbury,reds,away,0,0.06005483296357411,0.0,0.05885015844273427,0.0
2026-04-12,2526,57,Sunderland,Tottenham,R Jones,reds,away,0,0.05833802399024237,0.0,0.05885015844273427,0.0
2026-04-13,2526,57,Man United,Leeds,P Tierney,reds,away,0,0.05779149980991784,0.0,0.05885015844273427,0.0
2026-04-10,2526,57,West Ham,Wolves,J Gillett,corners,home,5,5.632268432360767,0.06856881032799944,5.156179265312603,0.1426174314744969
2026-04-11,2526,57,Arsenal,Bournemouth,M Oliver,corners,home,10,6.724864723981488,0.06856881032799944,5.156179265312603,0.1426174314744969
2026-04-11,2526,57,Brentford,Everton,F Hallam,corners,home,2,5.543009831396229,0.06856881032799944,5.156179265312603,0.1426174314744969
2026-04-11,2526,57,Burnley,Brighton,T Bramall,corners,home,8,4.1511447919306175,0.06856881032799944,5.156179265312603,0.1426174314744969
2026-04-11,2526,57,Liverpool,Fulham,A Taylor,corners,home,6,6.979752069915491,0.06856881032799944,5.156179265312603,0.1426174314744969
2026-04-12,2526,57,Chelsea,Man City,C Kavanagh,corners,home,4,4.754374011933566,0.06856881032799944,5.156179265312603,0.1426174314744969
2026-04-12,2526,57,Crystal Palace,Newcastle,A Madley,corners,home,2,4.957729143416511,0.06856881032799944,5.156179265312603,0.1426174314744969
2026-04-12,2526,57,Nott'm Forest,Aston Villa,M Salisbury,corners,home,7,4.979049039937394,0.06856881032799944,5.156179265312603,0.1426174314744969
2026-04-12,2526,57,Sunderland,Tottenham,R Jones,corners,home,2,4.361000734923054,0.06856881032799944,5.156179265312603,0.1426174314744969
2026-04-13,2526,57,Man United,Leeds,P Tierney,corners,home,11,4.8151588986480425,0.06856881032799944,5.156179265312603,0.1426174314744969
2026-04-10,2526,57,West Ham,Wolves,J Gillett,corners,away,2,4.228685829144042,0.06856881032799944,5.156179265312603,0.1426174314744969
2026-04-11,2526,57,Arsenal,Bournemouth,M Oliver,corners,away,1,3.7481548298172553,0.06856881032799944,5.156179265312603,0.1426174314744969
2026-04-11,2526,57,Brentford,Everton,F Hallam,corners,away,3,4.4581814979557794,0.06856881032799944,5.156179265312603,0.1426174314744969
2026-04-11,2526,57,Burnley,Brighton,T Bramall,corners,away,2,5.193278607519776,0.06856881032799944,5.156179265312603,0.1426174314744969
2026-04-11,2526,57,Liverpool,Fulham,A Taylor,corners,away,9,3.868391034658162,0.06856881032799944,5.156179265312603,0.1426174314744969
2026-04-12,2526,57,Chelsea,Man City,C Kavanagh,corners,away,12,4.625708766979726,0.06856881032799944,5.156179265312603,0.1426174314744969
2026-04-12,2526,57,Crystal Palace,Newcastle,A Madley,corners,away,4,5.667150486480817,0.06856881032799944,5.156179265312603,0.1426174314744969
2026-04-12,2526,57,Nott'm Forest,Aston Villa,M Salisbury,corners,away,3,5.4544552888599505,0.06856881032799944,5.156179265312603,0.1426174314744969
2026-04-12,2526,57,Sunderland,Tottenham,R Jones,corners,away,6,5.023306238755651,0.06856881032799944,5.156179265312603,0.1426174314744969
2026-04-13,2526,57,Man United,Leeds,P Tierney,corners,away,4,4.41378288226113,0.06856881032799944,5.156179265312603,0.1426174314744969
2026-04-10,2526,57,West Ham,Wolves,J Gillett,fouls,home,11,10.65251897416733,0.00033546262790251185,10.766862768024096,0.013080861365441142
2026-04-11,2526,57,Arsenal,Bournemouth,M Oliver,fouls,home,12,10.20018581763191,0.00033546262790251185,10.766862768024096,0.013080861365441142
2026-04-11,2526,57,Brentford,Everton,F Hallam,fouls,home,6,10.272900461957732,0.00033546262790251185,10.766862768024096,0.013080861365441142
2026-04-11,2526,57,Burnley,Brighton,T Bramall,fouls,home,7,9.941677812174923,0.00033546262790251185,10.766862768024096,0.013080861365441142
2026-04-11,2526,57,Liverpool,Fulham,A Taylor,fouls,home,10,8.885487823127797,0.00033546262790251185,10.766862768024096,0.013080861365441142
2026-04-12,2526,57,Chelsea,Man City,C Kavanagh,fouls,home,10,11.026177988306529,0.00033546262790251185,10.766862768024096,0.013080861365441142
2026-04-12,2526,57,Crystal Palace,Newcastle,A Madley,fouls,home,17,12.04127706250283,0.00033546262790251185,10.766862768024096,0.013080861365441142
2026-04-12,2526,57,Nott'm Forest,Aston Villa,M Salisbury,fouls,home,15,12.349957121853791,0.00033546262790251185,10.766862768024096,0.013080861365441142
2026-04-12,2526,57,Sunderland,Tottenham,R Jones,fouls,home,14,11.032236005633246,0.00033546262790251185,10.766862768024096,0.013080861365441142
2026-04-13,2526,57,Man United,Leeds,P Tierney,fouls,home,12,9.881710277614339,0.00033546262790251185,10.766862768024096,0.013080861365441142
2026-04-10,2526,57,West Ham,Wolves,J Gillett,fouls,away,7,11.834727307896998,0.00033546262790251185,10.766862768024096,0.013080861365441142
2026-04-11,2526,57,Arsenal,Bournemouth,M Oliver,fouls,away,18,12.738089935645373,0.00033546262790251185,10.766862768024096,0.013080861365441142
2026-04-11,2526,57,Brentford,Everton,F Hallam,fouls,away,7,10.429209220616002,0.00033546262790251185,10.766862768024096,0.013080861365441142
2026-04-11,2526,57,Burnley,Brighton,T Bramall,fouls,away,11,10.24950935065773,0.00033546262790251185,10.766862768024096,0.013080861365441142
2026-04-11,2526,57,Liverpool,Fulham,A Taylor,fouls,away,4,10.194169594782183,0.00033546262790251185,10.766862768024096,0.013080861365441142
2026-04-12,2526,57,Chelsea,Man City,C Kavanagh,fouls,away,14,10.455773123890207,0.00033546262790251185,10.766862768024096,0.013080861365441142
2026-04-12,2526,57,Crystal Palace,Newcastle,A Madley,fouls,away,12,10.5199755056424,0.00033546262790251185,10.766862768024096,0.013080861365441142
2026-04-12,2526,57,Nott'm Forest,Aston Villa,M Salisbury,fouls,away,10,11.239193054942204,0.00033546262790251185,10.766862768024096,0.013080861365441142
2026-04-12,2526,57,Sunderland,Tottenham,R Jones,fouls,away,15,12.215940828500525,0.00033546262790251185,10.766862768024096,0.013080861365441142
2026-04-13,2526,57,Man United,Leeds,P Tierney,fouls,away,15,9.793069461416161,0.00033546262790251185,10.766862768024096,0.013080861365441142
2026-04-18,2526,58,Brentford,Fulham,P Tierney,yellows,home,0,1.5154866566764864,0.00033546262790251185,1.815908070833582,0.00033546262790251185
2026-04-18,2526,58,Chelsea,Man United,M Oliver,yellows,home,1,1.9949329929717843,0.00033546262790251185,1.815908070833582,0.00033546262790251185
2026-04-18,2526,58,Leeds,Wolves,F Hallam,yellows,home,2,1.4646224116753437,0.00033546262790251185,1.815908070833582,0.00033546262790251185
2026-04-18,2526,58,Newcastle,Bournemouth,T Bramall,yellows,home,2,1.6323389248745126,0.00033546262790251185,1.815908070833582,0.00033546262790251185
2026-04-18,2526,58,Tottenham,Brighton,S Attwell,yellows,home,3,2.2144474716828855,0.00033546262790251185,1.815908070833582,0.00033546262790251185
2026-04-19,2526,58,Aston Villa,Sunderland,S Barrott,yellows,home,1,1.5441063300428897,0.00033546262790251185,1.815908070833582,0.00033546262790251185
2026-04-19,2526,58,Everton,Liverpool,C Kavanagh,yellows,home,2,1.6222140886912084,0.00033546262790251185,1.815908070833582,0.00033546262790251185
2026-04-19,2526,58,Man City,Arsenal,A Taylor,yellows,home,2,1.5133071284203015,0.00033546262790251185,1.815908070833582,0.00033546262790251185
2026-04-19,2526,58,Nott'm Forest,Burnley,T Kirk,yellows,home,0,1.268881094572729,0.00033546262790251185,1.815908070833582,0.00033546262790251185
2026-04-20,2526,58,Crystal Palace,West Ham,D England,yellows,home,2,1.702143071628131,0.00033546262790251185,1.815908070833582,0.00033546262790251185
2026-04-21,2526,58,Brighton,Chelsea,C Pawson,yellows,home,1,2.1055942994932266,0.00033546262790251185,1.815908070833582,0.00033546262790251185
2026-04-22,2526,58,Bournemouth,Leeds,M Salisbury,yellows,home,3,1.966936749057267,0.00033546262790251185,1.815908070833582,0.00033546262790251185
2026-04-22,2526,58,Burnley,Man City,A Madley,yellows,home,0,1.6848750122156069,0.00033546262790251185,1.815908070833582,0.00033546262790251185
2026-04-24,2526,58,Sunderland,Nott'm Forest,D England,yellows,home,2,2.020086225741011,0.00033546262790251185,1.815908070833582,0.00033546262790251185
2026-04-25,2526,58,Arsenal,Newcastle,S Barrott,yellows,home,2,1.6312502719964188,0.00033546262790251185,1.815908070833582,0.00033546262790251185
2026-04-25,2526,58,Fulham,Aston Villa,M Oliver,yellows,home,2,2.067778486835977,0.00033546262790251185,1.815908070833582,0.00033546262790251185
2026-04-25,2526,58,Liverpool,Crystal Palace,A Madley,yellows,home,1,1.4147780355952488,0.00033546262790251185,1.815908070833582,0.00033546262790251185
2026-04-25,2526,58,West Ham,Everton,S Attwell,yellows,home,3,1.4655975823391487,0.00033546262790251185,1.815908070833582,0.00033546262790251185
2026-04-25,2526,58,Wolves,Tottenham,A Taylor,yellows,home,3,1.8803889066033797,0.00033546262790251185,1.815908070833582,0.00033546262790251185
2026-04-27,2526,58,Man United,Brentford,C Kavanagh,yellows,home,2,1.5885753310723603,0.00033546262790251185,1.815908070833582,0.00033546262790251185
2026-04-18,2526,58,Brentford,Fulham,P Tierney,yellows,away,1,2.090893525523289,0.00033546262790251185,1.815908070833582,0.00033546262790251185
2026-04-18,2526,58,Chelsea,Man United,M Oliver,yellows,away,3,2.1252197728236144,0.00033546262790251185,1.815908070833582,0.00033546262790251185
2026-04-18,2526,58,Leeds,Wolves,F Hallam,yellows,away,1,2.163972523581971,0.00033546262790251185,1.815908070833582,0.00033546262790251185
2026-04-18,2526,58,Newcastle,Bournemouth,T Bramall,yellows,away,4,2.887012827198056,0.00033546262790251185,1.815908070833582,0.00033546262790251185
2026-04-18,2526,58,Tottenham,Brighton,S Attwell,yellows,away,1,2.5925127959664223,0.00033546262790251185,1.815908070833582,0.00033546262790251185
2026-04-19,2526,58,Aston Villa,Sunderland,S Barrott,yellows,away,3,2.7414033999721483,0.00033546262790251185,1.815908070833582,0.00033546262790251185
2026-04-19,2526,58,Everton,Liverpool,C Kavanagh,yellows,away,0,1.5221637737496263,0.00033546262790251185,1.815908070833582,0.00033546262790251185
2026-04-19,2526,58,Man City,Arsenal,A Taylor,yellows,away,2,1.792686961515311,0.00033546262790251185,1.815908070833582,0.00033546262790251185
2026-04-19,2526,58,Nott'm Forest,Burnley,T Kirk,yellows,away,2,1.9944726688067491,0.00033546262790251185,1.815908070833582,0.00033546262790251185
2026-04-20,2526,58,Crystal Palace,West Ham,D England,yellows,away,1,2.049026741877784,0.00033546262790251185,1.815908070833582,0.00033546262790251185
2026-04-21,2526,58,Brighton,Chelsea,C Pawson,yellows,away,1,2.603902824061013,0.00033546262790251185,1.815908070833582,0.00033546262790251185
2026-04-22,2526,58,Bournemouth,Leeds,M Salisbury,yellows,away,0,1.9172823116768376,0.00033546262790251185,1.815908070833582,0.00033546262790251185
2026-04-22,2526,58,Burnley,Man City,A Madley,yellows,away,0,1.411310392304736,0.00033546262790251185,1.815908070833582,0.00033546262790251185
2026-04-24,2526,58,Sunderland,Nott'm Forest,D England,yellows,away,5,2.0274239613738123,0.00033546262790251185,1.815908070833582,0.00033546262790251185
2026-04-25,2526,58,Arsenal,Newcastle,S Barrott,yellows,away,2,1.9665200062268888,0.00033546262790251185,1.815908070833582,0.00033546262790251185
2026-04-25,2526,58,Fulham,Aston Villa,M Oliver,yellows,away,2,1.7246639149859393,0.00033546262790251185,1.815908070833582,0.00033546262790251185
2026-04-25,2526,58,Liverpool,Crystal Palace,A Madley,yellows,away,3,2.02719125922394,0.00033546262790251185,1.815908070833582,0.00033546262790251185
2026-04-25,2526,58,West Ham,Everton,S Attwell,yellows,away,4,1.9688821418914106,0.00033546262790251185,1.815908070833582,0.00033546262790251185
2026-04-25,2526,58,Wolves,Tottenham,A Taylor,yellows,away,4,2.1884056633722917,0.00033546262790251185,1.815908070833582,0.00033546262790251185
2026-04-27,2526,58,Man United,Brentford,C Kavanagh,yellows,away,4,2.014110376490482,0.00033546262790251185,1.815908070833582,0.00033546262790251185
2026-04-18,2526,58,Brentford,Fulham,P Tierney,reds,home,0,0.05560069375876677,0.0,0.05881027489860297,0.0
2026-04-18,2526,58,Chelsea,Man United,M Oliver,reds,home,0,0.06466120920778176,0.0,0.05881027489860297,0.0
2026-04-18,2526,58,Leeds,Wolves,F Hallam,reds,home,0,0.060814216722864904,0.0,0.05881027489860297,0.0
2026-04-18,2526,58,Newcastle,Bournemouth,T Bramall,reds,home,0,0.05586582666706301,0.0,0.05881027489860297,0.0
2026-04-18,2526,58,Tottenham,Brighton,S Attwell,reds,home,0,0.06041127798327754,0.0,0.05881027489860297,0.0
2026-04-19,2526,58,Aston Villa,Sunderland,S Barrott,reds,home,0,0.05715851089537752,0.0,0.05881027489860297,0.0
2026-04-19,2526,58,Everton,Liverpool,C Kavanagh,reds,home,0,0.06566418598133217,0.0,0.05881027489860297,0.0
2026-04-19,2526,58,Man City,Arsenal,A Taylor,reds,home,0,0.0525516109433971,0.0,0.05881027489860297,0.0
2026-04-19,2526,58,Nott'm Forest,Burnley,T Kirk,reds,home,0,0.051898141404572225,0.0,0.05881027489860297,0.0
2026-04-20,2526,58,Crystal Palace,West Ham,D England,reds,home,0,0.0534656536008423,0.0,0.05881027489860297,0.0
2026-04-21,2526,58,Brighton,Chelsea,C Pawson,reds,home,0,0.06363840656276343,0.0,0.05881027489860297,0.0
2026-04-22,2526,58,Bournemouth,Leeds,M Salisbury,reds,home,0,0.05599858606676862,0.0,0.05881027489860297,0.0
2026-04-22,2526,58,Burnley,Man City,A Madley,reds,home,0,0.06101087207389305,0.0,0.05881027489860297,0.0
2026-04-24,2526,58,Sunderland,Nott'm Forest,D England,reds,home,0,0.06005565809694722,0.0,0.05881027489860297,0.0
2026-04-25,2526,58,Arsenal,Newcastle,S Barrott,reds,home,0,0.06680621379804413,0.0,0.05881027489860297,0.0
2026-04-25,2526,58,Fulham,Aston Villa,M Oliver,reds,home,0,0.06055282279872769,0.0,0.05881027489860297,0.0
2026-04-25,2526,58,Liverpool,Crystal Palace,A Madley,reds,home,0,0.06144232292315098,0.0,0.05881027489860297,0.0
2026-04-25,2526,58,West Ham,Everton,S Attwell,reds,home,0,0.05328767410602777,0.0,0.05881027489860297,0.0
2026-04-25,2526,58,Wolves,Tottenham,A Taylor,reds,home,0,0.06586290996344824,0.0,0.05881027489860297,0.0
2026-04-27,2526,58,Man United,Brentford,C Kavanagh,reds,home,0,0.05648595623747968,0.0,0.05881027489860297,0.0
2026-04-18,2526,58,Brentford,Fulham,P Tierney,reds,away,0,0.05767480110277316,0.0,0.05881027489860297,0.0
2026-04-18,2526,58,Chelsea,Man United,M Oliver,reds,away,0,0.0604033121985738,0.0,0.05881027489860297,0.0
2026-04-18,2526,58,Leeds,Wolves,F Hallam,reds,away,0,0.06075790350675837,0.0,0.05881027489860297,0.0
2026-04-18,2526,58,Newcastle,Bournemouth,T Bramall,reds,away,0,0.0606133951709891,0.0,0.05881027489860297,0.0
2026-04-18,2526,58,Tottenham,Brighton,S Attwell,reds,away,0,0.06360201572223531,0.0,0.05881027489860297,0.0
2026-04-19,2526,58,Aston Villa,Sunderland,S Barrott,reds,away,0,0.06155430219394502,0.0,0.05881027489860297,0.0
2026-04-19,2526,58,Everton,Liverpool,C Kavanagh,reds,away,0,0.04980989984859456,0.0,0.05881027489860297,0.0
2026-04-19,2526,58,Man City,Arsenal,A Taylor,reds,away,0,0.06244572242124119,0.0,0.05881027489860297,0.0
2026-04-19,2526,58,Nott'm Forest,Burnley,T Kirk,reds,away,0,0.06269891509690924,0.0,0.05881027489860297,0.0
2026-04-20,2526,58,Crystal Palace,West Ham,D England,reds,away,0,0.06575873326063547,0.0,0.05881027489860297,0.0
2026-04-21,2526,58,Brighton,Chelsea,C Pawson,reds,away,0,0.06581485496187132,0.0,0.05881027489860297,0.0
2026-04-22,2526,58,Bournemouth,Leeds,M Salisbury,reds,away,0,0.05927538473841527,0.0,0.05881027489860297,0.0
2026-04-22,2526,58,Burnley,Man City,A Madley,reds,away,0,0.050861719915864786,0.0,0.05881027489860297,0.0
2026-04-24,2526,58,Sunderland,Nott'm Forest,D England,reds,away,0,0.05342270049895724,0.0,0.05881027489860297,0.0
2026-04-25,2526,58,Arsenal,Newcastle,S Barrott,reds,away,0,0.053445814493414824,0.0,0.05881027489860297,0.0
2026-04-25,2526,58,Fulham,Aston Villa,M Oliver,reds,away,0,0.05961872329262098,0.0,0.05881027489860297,0.0
2026-04-25,2526,58,Liverpool,Crystal Palace,A Madley,reds,away,0,0.06253634258948323,0.0,0.05881027489860297,0.0
2026-04-25,2526,58,West Ham,Everton,S Attwell,reds,away,0,0.056117233271963086,0.0,0.05881027489860297,0.0
2026-04-25,2526,58,Wolves,Tottenham,A Taylor,reds,away,0,0.0625760484784311,0.0,0.05881027489860297,0.0
2026-04-27,2526,58,Man United,Brentford,C Kavanagh,reds,away,0,0.054384152174337716,0.0,0.05881027489860297,0.0
2026-04-18,2526,58,Brentford,Fulham,P Tierney,corners,home,9,5.298476313653423,0.07205996178466514,5.156151436536367,0.14291432141796903
2026-04-18,2526,58,Chelsea,Man United,M Oliver,corners,home,7,6.46968413328185,0.07205996178466514,5.156151436536367,0.14291432141796903
2026-04-18,2526,58,Leeds,Wolves,F Hallam,corners,home,5,5.5948061018754895,0.07205996178466514,5.156151436536367,0.14291432141796903
2026-04-18,2526,58,Newcastle,Bournemouth,T Bramall,corners,home,2,6.9942055719478855,0.07205996178466514,5.156151436536367,0.14291432141796903
2026-04-18,2526,58,Tottenham,Brighton,S Attwell,corners,home,7,5.652049928691298,0.07205996178466514,5.156151436536367,0.14291432141796903
2026-04-19,2526,58,Aston Villa,Sunderland,S Barrott,corners,home,4,5.9312444176598005,0.07205996178466514,5.156151436536367,0.14291432141796903
2026-04-19,2526,58,Everton,Liverpool,C Kavanagh,corners,home,1,4.138096834928112,0.07205996178466514,5.156151436536367,0.14291432141796903
2026-04-19,2526,58,Man City,Arsenal,A Taylor,corners,home,8,4.561557529918859,0.07205996178466514,5.156151436536367,0.14291432141796903
2026-04-19,2526,58,Nott'm Forest,Burnley,T Kirk,corners,home,4,5.986858162264299,0.07205996178466514,5.156151436536367,0.14291432141796903
2026-04-20,2526,58,Crystal Palace,West Ham,D England,corners,home,4,5.506255663367723,0.07205996178466514,5.156151436536367,0.14291432141796903
2026-04-21,2526,58,Brighton,Chelsea,C Pawson,corners,home,6,4.526452712883836,0.07205996178466514,5.156151436536367,0.14291432141796903
2026-04-22,2526,58,Bournemouth,Leeds,M Salisbury,corners,home,12,5.696341112115191,0.07205996178466514,5.156151436536367,0.14291432141796903
2026-04-22,2526,58,Burnley,Man City,A Madley,corners,home,3,3.320191222542357,0.07205996178466514,5.156151436536367,0.14291432141796903
2026-04-24,2526,58,Sunderland,Nott'm Forest,D England,corners,home,3,4.469590363257398,0.07205996178466514,5.156151436536367,0.14291432141796903
2026-04-25,2526,58,Arsenal,Newcastle,S Barrott,corners,home,7,6.366590892428696,0.07205996178466514,5.156151436536367,0.14291432141796903
2026-04-25,2526,58,Fulham,Aston Villa,M Oliver,corners,home,2,5.2539580942821384,0.07205996178466514,5.156151436536367,0.14291432141796903
2026-04-25,2526,58,Liverpool,Crystal Palace,A Madley,corners,home,5,6.553400947023172,0.07205996178466514,5.156151436536367,0.14291432141796903
2026-04-25,2526,58,West Ham,Everton,S Attwell,corners,home,3,5.374536422243024,0.07205996178466514,5.156151436536367,0.14291432141796903
2026-04-25,2526,58,Wolves,Tottenham,A Taylor,corners,home,5,4.1055877465921915,0.07205996178466514,5.156151436536367,0.14291432141796903
2026-04-27,2526,58,Man United,Brentford,C Kavanagh,corners,home,7,5.84524418179628,0.07205996178466514,5.156151436536367,0.14291432141796903
2026-04-18,2526,58,Brentford,Fulham,P Tierney,corners,away,3,5.037462323725629,0.07205996178466514,5.156151436536367,0.14291432141796903
2026-04-18,2526,58,Chelsea,Man United,M Oliver,corners,away,1,4.147591532036195,0.07205996178466514,5.156151436536367,0.14291432141796903
2026-04-18,2526,58,Leeds,Wolves,F Hallam,corners,away,6,3.38188678237832,0.07205996178466514,5.156151436536367,0.14291432141796903
2026-04-18,2526,58,Newcastle,Bournemouth,T Bramall,corners,away,3,5.138687531435554,0.07205996178466514,5.156151436536367,0.14291432141796903
2026-04-18,2526,58,Tottenham,Brighton,S Attwell,corners,away,5,4.488544551421043,0.07205996178466514,5.156151436536367,0.14291432141796903
2026-04-19,2526,58,Aston Villa,Sunderland,S Barrott,corners,away,5,3.4917786465949923,0.07205996178466514,5.156151436536367,0.14291432141796903
2026-04-19,2526,58,Everton,Liverpool,C Kavanagh,corners,away,6,6.102289576380077,0.07205996178466514,5.156151436536367,0.14291432141796903
2026-04-19,2526,58,Man City,Arsenal,A Taylor,corners,away,5,4.042586659433896,0.07205996178466514,5.156151436536367,0.14291432141796903
2026-04-19,2526,58,Nott'm Forest,Burnley,T Kirk,corners,away,4,4.085231867721589,0.07205996178466514,5.156151436536367,0.14291432141796903
2026-04-20,2526,58,Crystal Palace,West Ham,D England,corners,away,6,4.264520955166416,0.07205996178466514,5.156151436536367,0.14291432141796903
2026-04-21,2526,58,Brighton,Chelsea,C Pawson,corners,away,5,5.33092339227185,0.07205996178466514,5.156151436536367,0.14291432141796903
2026-04-22,2526,58,Bournemouth,Leeds,M Salisbury,corners,away,1,4.721933575076376,0.07205996178466514,5.156151436536367,0.14291432141796903
2026-04-22,2526,58,Burnley,Man City,A Madley,corners,away,11,6.3263183366330304,0.07205996178466514,5.156151436536367,0.14291432141796903
2026-04-24,2526,58,Sunderland,Nott'm Forest,D England,corners,away,6,4.635912841882853,0.07205996178466514,5.156151436536367,0.14291432141796903
2026-04-25,2526,58,Arsenal,Newcastle,S Barrott,corners,away,2,3.964555143797038,0.07205996178466514,5.156151436536367,0.14291432141796903
2026-04-25,2526,58,Fulham,Aston Villa,M Oliver,corners,away,5,5.310233877422255,0.07205996178466514,5.156151436536367,0.14291432141796903
2026-04-25,2526,58,Liverpool,Crystal Palace,A Madley,corners,away,8,3.5873250543558184,0.07205996178466514,5.156151436536367,0.14291432141796903
2026-04-25,2526,58,West Ham,Everton,S Attwell,corners,away,4,4.752821777717065,0.07205996178466514,5.156151436536367,0.14291432141796903
2026-04-25,2526,58,Wolves,Tottenham,A Taylor,corners,away,5,5.4757889347853395,0.07205996178466514,5.156151436536367,0.14291432141796903
2026-04-27,2526,58,Man United,Brentford,C Kavanagh,corners,away,8,4.406047851302816,0.07205996178466514,5.156151436536367,0.14291432141796903
2026-04-18,2526,58,Brentford,Fulham,P Tierney,fouls,home,8,8.281683991169558,0.00033546262790251185,10.7694907614081,0.013132903381579717
2026-04-18,2526,58,Chelsea,Man United,M Oliver,fouls,home,12,10.974880030277262,0.00033546262790251185,10.7694907614081,0.013132903381579717
2026-04-18,2526,58,Leeds,Wolves,F Hallam,fouls,home,9,11.042517834331218,0.00033546262790251185,10.7694907614081,0.013132903381579717
2026-04-18,2526,58,Newcastle,Bournemouth,T Bramall,fouls,home,11,9.935304548093535,0.00033546262790251185,10.7694907614081,0.013132903381579717
2026-04-18,2526,58,Tottenham,Brighton,S Attwell,fouls,home,14,11.053967649793773,0.00033546262790251185,10.7694907614081,0.013132903381579717
2026-04-19,2526,58,Aston Villa,Sunderland,S Barrott,fouls,home,11,9.634867094770382,0.00033546262790251185,10.7694907614081,0.013132903381579717
2026-04-19,2526,58,Everton,Liverpool,C Kavanagh,fouls,home,8,10.053399904931842,0.00033546262790251185,10.7694907614081,0.013132903381579717
2026-04-19,2526,58,Man City,Arsenal,A Taylor,fouls,home,5,9.032573873280002,0.00033546262790251185,10.7694907614081,0.013132903381579717
2026-04-19,2526,58,Nott'm Forest,Burnley,T Kirk,fouls,home,8,9.473001325983983,0.00033546262790251185,10.7694907614081,0.013132903381579717
2026-04-20,2526,58,Crystal Palace,West Ham,D England,fouls,home,13,10.767606080678162,0.00033546262790251185,10.7694907614081,0.013132903381579717
2026-04-21,2526,58,Brighton,Chelsea,C Pawson,fouls,home,15,12.225753556505381,0.00033546262790251185,10.7694907614081,0.013132903381579717
2026-04-22,2526,58,Bournemouth,Leeds,M Salisbury,fouls,home,6,12.711702359565598,0.00033546262790251185,10.7694907614081,0.013132903381579717
2026-04-22,2526,58,Burnley,Man City,A Madley,fouls,home,10,10.627629988734558,0.00033546262790251185,10.7694907614081,0.013132903381579717
2026-04-24,2526,58,Sunderland,Nott'm Forest,D England,fouls,home,13,11.230328803373823,0.00033546262790251185,10.7694907614081,0.013132903381579717
2026-04-25,2526,58,Arsenal,Newcastle,S Barrott,fouls,home,13,10.301875793254336,0.00033546262790251185,10.7694907614081,0.013132903381579717
2026-04-25,2526,58,Fulham,Aston Villa,M Oliver,fouls,home,14,12.628508896397369,0.00033546262790251185,10.7694907614081,0.013132903381579717
2026-04-25,2526,58,Liverpool,Crystal Palace,A Madley,fouls,home,10,10.310202393525058,0.00033546262790251185,10.7694907614081,0.013132903381579717
2026-04-25,2526,58,West Ham,Everton,S Attwell,fouls,home,9,10.57337252676962,0.00033546262790251185,10.7694907614081,0.013132903381579717
2026-04-25,2526,58,Wolves,Tottenham,A Taylor,fouls,home,8,11.94981876485427,0.00033546262790251185,10.7694907614081,0.013132903381579717
2026-04-27,2526,58,Man United,Brentford,C Kavanagh,fouls,home,6,9.539476610732686,0.00033546262790251185,10.7694907614081,0.013132903381579717
2026-04-18,2526,58,Brentford,Fulham,P Tierney,fouls,away,13,9.369805046975758,0.00033546262790251185,10.7694907614081,0.013132903381579717
2026-04-18,2526,58,Chelsea,Man United,M Oliver,fouls,away,13,11.992523672424419,0.00033546262790251185,10.7694907614081,0.013132903381579717
2026-04-18,2526,58,Leeds,Wolves,F Hallam,fouls,away,17,13.028526285903029,0.00033546262790251185,10.7694907614081,0.013132903381579717
2026-04-18,2526,58,Newcastle,Bournemouth,T Bramall,fouls,away,12,13.368369690091084,0.00033546262790251185,10.7694907614081,0.013132903381579717
2026-04-18,2526,58,Tottenham,Brighton,S Attwell,fouls,away,14,12.028253867824343,0.00033546262790251185,10.7694907614081,0.013132903381579717
2026-04-19,2526,58,Aston Villa,Sunderland,S Barrott,fouls,away,11,12.05569601055693,0.00033546262790251185,10.7694907614081,0.013132903381579717
2026-04-19,2526,58,Everton,Liverpool,C Kavanagh,fouls,away,12,10.921809096970719,0.00033546262790251185,10.7694907614081,0.013132903381579717
2026-04-19,2526,58,Man City,Arsenal,A Taylor,fouls,away,12,10.148620395934655,0.00033546262790251185,10.7694907614081,0.013132903381579717
2026-04-19,2526,58,Nott'm Forest,Burnley,T Kirk,fouls,away,12,11.201789237890926,0.00033546262790251185,10.7694907614081,0.013132903381579717
2026-04-20,2526,58,Crystal Palace,West Ham,D England,fouls,away,12,10.873761778622661,0.00033546262790251185,10.7694907614081,0.013132903381579717
2026-04-21,2526,58,Brighton,Chelsea,C Pawson,fouls,away,6,11.127043526727553,0.00033546262790251185,10.7694907614081,0.013132903381579717
2026-04-22,2526,58,Bournemouth,Leeds,M Salisbury,fouls,away,10,11.098954489736197,0.00033546262790251185,10.7694907614081,0.013132903381579717
2026-04-22,2526,58,Burnley,Man City,A Madley,fouls,away,12,8.997954803507707,0.00033546262790251185,10.7694907614081,0.013132903381579717
2026-04-24,2526,58,Sunderland,Nott'm Forest,D England,fouls,away,15,11.353191640779736,0.00033546262790251185,10.7694907614081,0.013132903381579717
2026-04-25,2526,58,Arsenal,Newcastle,S Barrott,fouls,away,10,10.065035747313951,0.00033546262790251185,10.7694907614081,0.013132903381579717
2026-04-25,2526,58,Fulham,Aston Villa,M Oliver,fouls,away,12,9.825904436258876,0.00033546262790251185,10.7694907614081,0.013132903381579717
2026-04-25,2526,58,Liverpool,Crystal Palace,A Madley,fouls,away,10,11.186410921010792,0.00033546262790251185,10.7694907614081,0.013132903381579717
2026-04-25,2526,58,West Ham,Everton,S Attwell,fouls,away,11,10.504941727263345,0.00033546262790251185,10.7694907614081,0.013132903381579717
2026-04-25,2526,58,Wolves,Tottenham,A Taylor,fouls,away,14,11.979982929514835,0.00033546262790251185,10.7694907614081,0.013132903381579717
2026-04-27,2526,58,Man United,Brentford,C Kavanagh,fouls,away,9,10.139237530327385,0.00033546262790251185,10.7694907614081,0.013132903381579717
2026-05-01,2526,59,Leeds,Burnley,T Bramall,yellows,home,4,1.14729552123451,0.00033546262790251185,1.8168825274573928,0.00033546262790251185
2026-05-02,2526,59,Arsenal,Fulham,J Gillett,yellows,home,0,1.2717860684613473,0.00033546262790251185,1.8168825274573928,0.00033546262790251185
2026-05-02,2526,59,Brentford,West Ham,C Pawson,yellows,home,1,1.4943395519453402,0.00033546262790251185,1.8168825274573928,0.00033546262790251185
2026-05-02,2526,59,Newcastle,Brighton,C Kavanagh,yellows,home,3,1.763731252374913,0.00033546262790251185,1.8168825274573928,0.00033546262790251185
2026-05-02,2526,59,Wolves,Sunderland,P Tierney,yellows,home,0,1.8178512708307624,0.00033546262790251185,1.8168825274573928,0.00033546262790251185
2026-05-03,2526,59,Aston Villa,Tottenham,S Barrott,yellows,home,2,1.628750341241999,0.00033546262790251185,1.8168825274573928,0.00033546262790251185
2026-05-03,2526,59,Bournemouth,Crystal Palace,R Jones,yellows,home,0,2.0580315316578432,0.00033546262790251185,1.8168825274573928,0.00033546262790251185
2026-05-03,2526,59,Man United,Liverpool,D England,yellows,home,2,1.7471533752075687,0.00033546262790251185,1.8168825274573928,0.00033546262790251185
2026-05-04,2526,59,Chelsea,Nott'm Forest,A Taylor,yellows,home,3,2.059729238098412,0.00033546262790251185,1.8168825274573928,0.00033546262790251185
2026-05-04,2526,59,Everton,Man City,M Oliver,yellows,home,4,1.7331184836902371,0.00033546262790251185,1.8168825274573928,0.00033546262790251185
2026-05-01,2526,59,Leeds,Burnley,T Bramall,yellows,away,3,1.8458370751789672,0.00033546262790251185,1.8168825274573928,0.00033546262790251185
2026-05-02,2526,59,Arsenal,Fulham,J Gillett,yellows,away,1,2.134388527368604,0.00033546262790251185,1.8168825274573928,0.00033546262790251185
2026-05-02,2526,59,Brentford,West Ham,C Pawson,yellows,away,3,1.8224544901298356,0.00033546262790251185,1.8168825274573928,0.00033546262790251185
2026-05-02,2526,59,Newcastle,Brighton,C Kavanagh,yellows,away,3,2.791632456829498,0.00033546262790251185,1.8168825274573928,0.00033546262790251185
2026-05-02,2526,59,Wolves,Sunderland,P Tierney,yellows,away,4,2.159726295333811,0.00033546262790251185,1.8168825274573928,0.00033546262790251185
2026-05-03,2526,59,Aston Villa,Tottenham,S Barrott,yellows,away,5,2.9058479786106646,0.00033546262790251185,1.8168825274573928,0.00033546262790251185
2026-05-03,2526,59,Bournemouth,Crystal Palace,R Jones,yellows,away,2,2.182975680116459,0.00033546262790251185,1.8168825274573928,0.00033546262790251185
2026-05-03,2526,59,Man United,Liverpool,D England,yellows,away,2,1.8878552442238605,0.00033546262790251185,1.8168825274573928,0.00033546262790251185
2026-05-04,2526,59,Chelsea,Nott'm Forest,A Taylor,yellows,away,1,2.2493159548706796,0.00033546262790251185,1.8168825274573928,0.00033546262790251185
2026-05-04,2526,59,Everton,Man City,M Oliver,yellows,away,1,1.5276260348445443,0.00033546262790251185,1.8168825274573928,0.00033546262790251185
2026-05-01,2526,59,Leeds,Burnley,T Bramall,reds,home,0,0.05439898167067218,0.0,0.05828494863778472,0.0
2026-05-02,2526,59,Arsenal,Fulham,J Gillett,reds,home,0,0.06317139340655059,0.0,0.05828494863778472,0.0
2026-05-02,2526,59,Brentford,West Ham,C Pawson,reds,home,0,0.048492464802562994,0.0,0.05828494863778472,0.0
2026-05-02,2526,59,Newcastle,Brighton,C Kavanagh,reds,home,0,0.05484726526755786,0.0,0.05828494863778472,0.0
2026-05-02,2526,59,Wolves,Sunderland,P Tierney,reds,home,0,0.05956758900201353,0.0,0.05828494863778472,0.0
2026-05-03,2526,59,Aston Villa,Tottenham,S Barrott,reds,home,0,0.06192814209729161,0.0,0.05828494863778472,0.0
2026-05-03,2526,59,Bournemouth,Crystal Palace,R Jones,reds,home,0,0.06116308363674862,0.0,0.05828494863778472,0.0
2026-05-03,2526,59,Man United,Liverpool,D England,reds,home,0,0.058717272000654595,0.0,0.05828494863778472,0.0
2026-05-04,2526,59,Chelsea,Nott'm Forest,A Taylor,reds,home,0,0.06580339046874871,0.0,0.05828494863778472,0.0
2026-05-04,2526,59,Everton,Man City,M Oliver,reds,home,0,0.061813648965741465,0.0,0.05828494863778472,0.0
2026-05-01,2526,59,Leeds,Burnley,T Bramall,reds,away,0,0.0597579787859311,0.0,0.05828494863778472,0.0
2026-05-02,2526,59,Arsenal,Fulham,J Gillett,reds,away,0,0.05596971807448792,0.0,0.05828494863778472,0.0
2026-05-02,2526,59,Brentford,West Ham,C Pawson,reds,away,0,0.059896091508579,0.0,0.05828494863778472,0.0
2026-05-02,2526,59,Newcastle,Brighton,C Kavanagh,reds,away,0,0.06294725735082628,0.0,0.05828494863778472,0.0
2026-05-02,2526,59,Wolves,Sunderland,P Tierney,reds,away,1,0.060944780033402396,0.0,0.05828494863778472,0.0
2026-05-03,2526,59,Aston Villa,Tottenham,S Barrott,reds,away,0,0.06192073189425252,0.0,0.05828494863778472,0.0
2026-05-03,2526,59,Bournemouth,Crystal Palace,R Jones,reds,away,0,0.06043583419240134,0.0,0.05828494863778472,0.0
2026-05-03,2526,59,Man United,Liverpool,D England,reds,away,0,0.055777906497373596,0.0,0.05828494863778472,0.0
2026-05-04,2526,59,Chelsea,Nott'm Forest,A Taylor,reds,away,0,0.05791508428757769,0.0,0.05828494863778472,0.0
2026-05-04,2526,59,Everton,Man City,M Oliver,reds,away,0,0.04683894548255381,0.0,0.05828494863778472,0.0
2026-05-01,2526,59,Leeds,Burnley,T Bramall,corners,home,5,5.600407236201006,0.07003350933361696,5.155426529863192,0.1420197793692954
2026-05-02,2526,59,Arsenal,Fulham,J Gillett,corners,home,3,6.820011187725222,0.07003350933361696,5.155426529863192,0.1420197793692954
2026-05-02,2526,59,Brentford,West Ham,C Pawson,corners,home,2,5.91610400199882,0.07003350933361696,5.155426529863192,0.1420197793692954
2026-05-02,2526,59,Newcastle,Brighton,C Kavanagh,corners,home,2,6.212039352230653,0.07003350933361696,5.155426529863192,0.1420197793692954
2026-05-02,2526,59,Wolves,Sunderland,P Tierney,corners,home,6,4.258159875855148,0.07003350933361696,5.155426529863192,0.1420197793692954
2026-05-03,2526,59,Aston Villa,Tottenham,S Barrott,corners,home,5,5.795342941174414,0.07003350933361696,5.155426529863192,0.1420197793692954
2026-05-03,2526,59,Bournemouth,Crystal Palace,R Jones,corners,home,7,5.9374467729606275,0.07003350933361696,5.155426529863192,0.1420197793692954
2026-05-03,2526,59,Man United,Liverpool,D England,corners,home,3,4.662424520613172,0.07003350933361696,5.155426529863192,0.1420197793692954
2026-05-04,2526,59,Chelsea,Nott'm Forest,A Taylor,corners,home,10,6.676007892328492,0.07003350933361696,5.155426529863192,0.1420197793692954
2026-05-04,2526,59,Everton,Man City,M Oliver,corners,home,5,3.485291098664335,0.07003350933361696,5.155426529863192,0.1420197793692954
2026-05-01,2526,59,Leeds,Burnley,T Bramall,corners,away,0,3.8679563874030376,0.07003350933361696,5.155426529863192,0.1420197793692954
2026-05-02,2526,59,Arsenal,Fulham,J Gillett,corners,away,4,3.3046957530190655,0.07003350933361696,5.155426529863192,0.1420197793692954
2026-05-02,2526,59,Brentford,West Ham,C Pawson,corners,away,6,4.614188112031965,0.07003350933361696,5.155426529863192,0.1420197793692954
2026-05-02,2526,59,Newcastle,Brighton,C Kavanagh,corners,away,10,4.516986952115942,0.07003350933361696,5.155426529863192,0.1420197793692954
2026-05-02,2526,59,Wolves,Sunderland,P Tierney,corners,away,3,4.025802990552893,0.07003350933361696,5.155426529863192,0.1420197793692954
2026-05-03,2526,59,Aston Villa,Tottenham,S Barrott,corners,away,5,4.755703753133838,0.07003350933361696,5.155426529863192,0.1420197793692954
2026-05-03,2526,59,Bournemouth,Crystal Palace,R Jones,corners,away,1,4.346130411047705,0.07003350933361696,5.155426529863192,0.1420197793692954
2026-05-03,2526,59,Man United,Liverpool,D England,corners,away,2,5.793369759882422,0.07003350933361696,5.155426529863192,0.1420197793692954
2026-05-04,2526,59,Chelsea,Nott'm Forest,A Taylor,corners,away,1,3.9758244645290026,0.07003350933361696,5.155426529863192,0.1420197793692954
2026-05-04,2526,59,Everton,Man City,M Oliver,corners,away,9,6.0952340851769655,0.07003350933361696,5.155426529863192,0.1420197793692954
2026-05-01,2526,59,Leeds,Burnley,T Bramall,fouls,home,12,9.082346949529997,0.00033546262790251185,10.771549798960473,0.012736478766058159
2026-05-02,2526,59,Arsenal,Fulham,J Gillett,fouls,home,7,8.628955197721217,0.00033546262790251185,10.771549798960473,0.012736478766058159
2026-05-02,2526,59,Brentford,West Ham,C Pawson,fouls,home,8,9.550855879977822,0.00033546262790251185,10.771549798960473,0.012736478766058159
2026-05-02,2526,59,Newcastle,Brighton,C Kavanagh,fouls,home,10,10.088376785455463,0.00033546262790251185,10.771549798960473,0.012736478766058159
2026-05-02,2526,59,Wolves,Sunderland,P Tierney,fouls,home,11,11.798775330919659,0.00033546262790251185,10.771549798960473,0.012736478766058159
2026-05-03,2526,59,Aston Villa,Tottenham,S Barrott,fouls,home,12,9.852476107363984,0.00033546262790251185,10.771549798960473,0.012736478766058159
2026-05-03,2526,59,Bournemouth,Crystal Palace,R Jones,fouls,home,10,11.35130420943087,0.00033546262790251185,10.771549798960473,0.012736478766058159
2026-05-03,2526,59,Man United,Liverpool,D England,fouls,home,12,9.90766536113045,0.00033546262790251185,10.771549798960473,0.012736478766058159
2026-05-04,2526,59,Chelsea,Nott'm Forest,A Taylor,fouls,home,12,10.58130278231786,0.00033546262790251185,10.771549798960473,0.012736478766058159
2026-05-04,2526,59,Everton,Man City,M Oliver,fouls,home,15,10.898422680268474,0.00033546262790251185,10.771549798960473,0.012736478766058159
2026-05-01,2526,59,Leeds,Burnley,T Bramall,fouls,away,11,10.723048875990386,0.00033546262790251185,10.771549798960473,0.012736478766058159
2026-05-02,2526,59,Arsenal,Fulham,J Gillett,fouls,away,12,10.392286950970721,0.00033546262790251185,10.771549798960473,0.012736478766058159
2026-05-02,2526,59,Brentford,West Ham,C Pawson,fouls,away,12,10.22082202168486,0.00033546262790251185,10.771549798960473,0.012736478766058159
2026-05-02,2526,59,Newcastle,Brighton,C Kavanagh,fouls,away,12,13.133961797209198,0.00033546262790251185,10.771549798960473,0.012736478766058159
2026-05-02,2526,59,Wolves,Sunderland,P Tierney,fouls,away,11,11.131827544505729,0.00033546262790251185,10.771549798960473,0.012736478766058159
2026-05-03,2526,59,Aston Villa,Tottenham,S Barrott,fouls,away,12,13.193257855552458,0.00033546262790251185,10.771549798960473,0.012736478766058159
2026-05-03,2526,59,Bournemouth,Crystal Palace,R Jones,fouls,away,11,11.315326499650913,0.00033546262790251185,10.771549798960473,0.012736478766058159
2026-05-03,2526,59,Man United,Liverpool,D England,fouls,away,11,10.904241313850829,0.00033546262790251185,10.771549798960473,0.012736478766058159
2026-05-04,2526,59,Chelsea,Nott'm Forest,A Taylor,fouls,away,10,11.32487820933265,0.00033546262790251185,10.771549798960473,0.012736478766058159
2026-05-04,2526,59,Everton,Man City,M Oliver,fouls,away,5,10.150972030520117,0.00033546262790251185,10.771549798960473,0.012736478766058159
2026-05-09,2526,60,Brighton,Wolves,J Brooks,yellows,home,1,1.9404777059358462,0.00033546262790251185,1.8185860382687369,0.00033546262790251185
2026-05-09,2526,60,Fulham,Bournemouth,A Madley,yellows,home,4,1.653248827138573,0.00033546262790251185,1.8185860382687369,0.00033546262790251185
2026-05-09,2526,60,Liverpool,Chelsea,C Pawson,yellows,home,2,1.4914836138307277,0.00033546262790251185,1.8185860382687369,0.00033546262790251185
2026-05-09,2526,60,Man City,Brentford,M Salisbury,yellows,home,4,1.4801124930423186,0.00033546262790251185,1.8185860382687369,0.00033546262790251185
2026-05-09,2526,60,Sunderland,Man United,S Attwell,yellows,home,0,2.065734907137619,0.00033546262790251185,1.8185860382687369,0.00033546262790251185
2026-05-10,2526,60,Burnley,Aston Villa,A Taylor,yellows,home,1,1.9273445677708003,0.00033546262790251185,1.8185860382687369,0.00033546262790251185
2026-05-10,2526,60,Crystal Palace,Everton,T Bramall,yellows,home,0,1.533475186536779,0.00033546262790251185,1.8185860382687369,0.00033546262790251185
2026-05-10,2526,60,Nott'm Forest,Newcastle,P Tierney,yellows,home,2,1.9297492533423068,0.00033546262790251185,1.8185860382687369,0.00033546262790251185
2026-05-10,2526,60,West Ham,Arsenal,C Kavanagh,yellows,home,3,1.6496198495692556,0.00033546262790251185,1.8185860382687369,0.00033546262790251185
2026-05-11,2526,60,Tottenham,Leeds,J Gillett,yellows,home,3,1.9337359423484726,0.00033546262790251185,1.8185860382687369,0.00033546262790251185
2026-05-13,2526,60,Man City,Crystal Palace,S Attwell,yellows,home,0,1.522828800772124,0.00033546262790251185,1.8185860382687369,0.00033546262790251185
2026-05-15,2526,60,Aston Villa,Liverpool,C Kavanagh,yellows,home,3,1.5952676802436485,0.00033546262790251185,1.8185860382687369,0.00033546262790251185
2026-05-17,2526,60,Brentford,Crystal Palace,S Barrott,yellows,home,1,1.5713185908337772,0.00033546262790251185,1.8185860382687369,0.00033546262790251185
2026-05-17,2526,60,Everton,Sunderland,J Brooks,yellows,home,3,1.731664490531247,0.00033546262790251185,1.8185860382687369,0.00033546262790251185
2026-05-17,2526,60,Leeds,Brighton,M Oliver,yellows,home,1,1.6711672825266262,0.00033546262790251185,1.8185860382687369,0.00033546262790251185
2026-05-17,2526,60,Man United,Nott'm Forest,M Salisbury,yellows,home,2,1.7497181523695833,0.00033546262790251185,1.8185860382687369,0.00033546262790251185
2026-05-17,2526,60,Newcastle,West Ham,J Gillett,yellows,home,1,1.5435169705464369,0.00033546262790251185,1.8185860382687369,0.00033546262790251185
2026-05-17,2526,60,Wolves,Fulham,T Kirk,yellows,home,1,1.6301252272735074,0.00033546262790251185,1.8185860382687369,0.00033546262790251185
2026-05-18,2526,60,Arsenal,Burnley,P Tierney,yellows,home,1,1.0428667800493023,0.00033546262790251185,1.8185860382687369,0.00033546262790251185
2026-05-19,2526,60,Bournemouth,Man City,A Taylor,yellows,home,4,2.1679820711855893,0.00033546262790251185,1.8185860382687369,0.00033546262790251185
2026-05-19,2526,60,Chelsea,Tottenham,S Attwell,yellows,home,4,2.1794250793937278,0.00033546262790251185,1.8185860382687369,0.00033546262790251185
2026-05-09,2526,60,Brighton,Wolves,J Brooks,yellows,away,2,2.4710321863344324,0.00033546262790251185,1.8185860382687369,0.00033546262790251185
2026-05-09,2526,60,Fulham,Bournemouth,A Madley,yellows,away,2,2.130310882656003,0.00033546262790251185,1.8185860382687369,0.00033546262790251185
2026-05-09,2526,60,Liverpool,Chelsea,C Pawson,yellows,away,4,2.3158577703149166,0.00033546262790251185,1.8185860382687369,0.00033546262790251185
2026-05-09,2526,60,Man City,Brentford,M Salisbury,yellows,away,2,2.1758578983196313,0.00033546262790251185,1.8185860382687369,0.00033546262790251185
2026-05-09,2526,60,Sunderland,Man United,S Attwell,yellows,away,3,2.0958283246611438,0.00033546262790251185,1.8185860382687369,0.00033546262790251185
2026-05-10,2526,60,Burnley,Aston Villa,A Taylor,yellows,away,1,1.4987126068112258,0.00033546262790251185,1.8185860382687369,0.00033546262790251185
2026-05-10,2526,60,Crystal Palace,Everton,T Bramall,yellows,away,2,2.054799625467728,0.00033546262790251185,1.8185860382687369,0.00033546262790251185
2026-05-10,2526,60,Nott'm Forest,Newcastle,P Tierney,yellows,away,0,2.053441335233471,0.00033546262790251185,1.8185860382687369,0.00033546262790251185
2026-05-10,2526,60,West Ham,Arsenal,C Kavanagh,yellows,away,4,1.6036958741951866,0.00033546262790251185,1.8185860382687369,0.00033546262790251185
2026-05-11,2526,60,Tottenham,Leeds,J Gillett,yellows,away,1,1.960497500710893,0.00033546262790251185,1.8185860382687369,0.00033546262790251185
2026-05-13,2526,60,Man City,Crystal Palace,S Attwell,yellows,away,2,2.449984172333932,0.00033546262790251185,1.8185860382687369,0.00033546262790251185
2026-05-15,2526,60,Aston Villa,Liverpool,C Kavanagh,yellows,away,1,2.1578476784579013,0.00033546262790251185,1.8185860382687369,0.00033546262790251185
2026-05-17,2526,60,Brentford,Crystal Palace,S Barrott,yellows,away,3,2.0943966007862054,0.00033546262790251185,1.8185860382687369,0.00033546262790251185
2026-05-17,2526,60,Everton,Sunderland,J Brooks,yellows,away,0,2.0362581308181054,0.00033546262790251185,1.8185860382687369,0.00033546262790251185
2026-05-17,2526,60,Leeds,Brighton,M Oliver,yellows,away,0,2.211529404138356,0.00033546262790251185,1.8185860382687369,0.00033546262790251185
2026-05-17,2526,60,Man United,Nott'm Forest,M Salisbury,yellows,away,1,2.0783925445225284,0.00033546262790251185,1.8185860382687369,0.00033546262790251185
2026-05-17,2526,60,Newcastle,West Ham,J Gillett,yellows,away,3,2.3592573936278614,0.00033546262790251185,1.8185860382687369,0.00033546262790251185
2026-05-17,2526,60,Wolves,Fulham,T Kirk,yellows,away,0,2.071749252362969,0.00033546262790251185,1.8185860382687369,0.00033546262790251185
2026-05-18,2526,60,Arsenal,Burnley,P Tierney,yellows,away,3,1.8610972534567287,0.00033546262790251185,1.8185860382687369,0.00033546262790251185
2026-05-19,2526,60,Bournemouth,Man City,A Taylor,yellows,away,2,1.8049404657741173,0.00033546262790251185,1.8185860382687369,0.00033546262790251185
2026-05-19,2526,60,Chelsea,Tottenham,S Attwell,yellows,away,3,2.8136596843260437,0.00033546262790251185,1.8185860382687369,0.00033546262790251185
2026-05-09,2526,60,Brighton,Wolves,J Brooks,reds,home,0,0.06290748834635579,0.0,0.05824811027123167,0.0
2026-05-09,2526,60,Fulham,Bournemouth,A Madley,reds,home,1,0.05831034007899437,0.0,0.05824811027123167,0.0
2026-05-09,2526,60,Liverpool,Chelsea,C Pawson,reds,home,0,0.05976078795497699,0.0,0.05824811027123167,0.0
2026-05-09,2526,60,Man City,Brentford,M Salisbury,reds,home,0,0.053021260725276194,0.0,0.05824811027123167,0.0
2026-05-09,2526,60,Sunderland,Man United,S Attwell,reds,home,0,0.05892011363360636,0.0,0.05824811027123167,0.0
2026-05-10,2526,60,Burnley,Aston Villa,A Taylor,reds,home,0,0.06353608731271258,0.0,0.05824811027123167,0.0
2026-05-10,2526,60,Crystal Palace,Everton,T Bramall,reds,home,0,0.051992553627008324,0.0,0.05824811027123167,0.0
2026-05-10,2526,60,Nott'm Forest,Newcastle,P Tierney,reds,home,0,0.057661580168657425,0.0,0.05824811027123167,0.0
2026-05-10,2526,60,West Ham,Arsenal,C Kavanagh,reds,home,0,0.05863504501704319,0.0,0.05824811027123167,0.0
2026-05-11,2526,60,Tottenham,Leeds,J Gillett,reds,home,0,0.05798017985195999,0.0,0.05824811027123167,0.0
2026-05-13,2526,60,Man City,Crystal Palace,S Attwell,reds,home,0,0.05769344301195451,0.0,0.05824811027123167,0.0
2026-05-15,2526,60,Aston Villa,Liverpool,C Kavanagh,reds,home,0,0.06073905207363169,0.0,0.05824811027123167,0.0
2026-05-17,2526,60,Brentford,Crystal Palace,S Barrott,reds,home,0,0.058690362079205395,0.0,0.05824811027123167,0.0
2026-05-17,2526,60,Everton,Sunderland,J Brooks,reds,home,0,0.06033425088183194,0.0,0.05824811027123167,0.0
2026-05-17,2526,60,Leeds,Brighton,M Oliver,reds,home,0,0.05805390784985023,0.0,0.05824811027123167,0.0
2026-05-17,2526,60,Man United,Nott'm Forest,M Salisbury,reds,home,0,0.05712086271298488,0.0,0.05824811027123167,0.0
2026-05-17,2526,60,Newcastle,West Ham,J Gillett,reds,home,0,0.04837465377302353,0.0,0.05824811027123167,0.0
2026-05-17,2526,60,Wolves,Fulham,T Kirk,reds,home,0,0.06208563711239373,0.0,0.05824811027123167,0.0
2026-05-18,2526,60,Arsenal,Burnley,P Tierney,reds,home,0,0.058768271130518676,0.0,0.05824811027123167,0.0
2026-05-19,2526,60,Bournemouth,Man City,A Taylor,reds,home,0,0.05594279544164811,0.0,0.05824811027123167,0.0
2026-05-19,2526,60,Chelsea,Tottenham,S Attwell,reds,home,0,0.06857161699108447,0.0,0.05824811027123167,0.0
2026-05-09,2526,60,Brighton,Wolves,J Brooks,reds,away,0,0.061839215683844845,0.0,0.05824811027123167,0.0
2026-05-09,2526,60,Fulham,Bournemouth,A Madley,reds,away,1,0.057123708273679435,0.0,0.05824811027123167,0.0
2026-05-09,2526,60,Liverpool,Chelsea,C Pawson,reds,away,0,0.06733462710715808,0.0,0.05824811027123167,0.0
2026-05-09,2526,60,Man City,Brentford,M Salisbury,reds,away,0,0.05379616272597466,0.0,0.05824811027123167,0.0
2026-05-09,2526,60,Sunderland,Man United,S Attwell,reds,away,0,0.05445727702682177,0.0,0.05824811027123167,0.0
2026-05-10,2526,60,Burnley,Aston Villa,A Taylor,reds,away,0,0.05490863350243974,0.0,0.05824811027123167,0.0
2026-05-10,2526,60,Crystal Palace,Everton,T Bramall,reds,away,0,0.06733220023271806,0.0,0.05824811027123167,0.0
2026-05-10,2526,60,Nott'm Forest,Newcastle,P Tierney,reds,away,0,0.055191734785922285,0.0,0.05824811027123167,0.0
2026-05-10,2526,60,West Ham,Arsenal,C Kavanagh,reds,away,0,0.055578938913896106,0.0,0.05824811027123167,0.0
2026-05-11,2526,60,Tottenham,Leeds,J Gillett,reds,away,0,0.061090779109243785,0.0,0.05824811027123167,0.0
2026-05-13,2526,60,Man City,Crystal Palace,S Attwell,reds,away,0,0.05876549215303093,0.0,0.05824811027123167,0.0
2026-05-15,2526,60,Aston Villa,Liverpool,C Kavanagh,reds,away,0,0.05868016442322902,0.0,0.05824811027123167,0.0
2026-05-17,2526,60,Brentford,Crystal Palace,S Barrott,reds,away,0,0.058919826662892444,0.0,0.05824811027123167,0.0
2026-05-17,2526,60,Everton,Sunderland,J Brooks,reds,away,0,0.052135805563920286,0.0,0.05824811027123167,0.0
2026-05-17,2526,60,Leeds,Brighton,M Oliver,reds,away,0,0.05800166871269156,0.0,0.05824811027123167,0.0
2026-05-17,2526,60,Man United,Nott'm Forest,M Salisbury,reds,away,0,0.053832453491190334,0.0,0.05824811027123167,0.0
2026-05-17,2526,60,Newcastle,West Ham,J Gillett,reds,away,0,0.06376695703621685,0.0,0.05824811027123167,0.0
2026-05-17,2526,60,Wolves,Fulham,T Kirk,reds,away,0,0.06094998079524556,0.0,0.05824811027123167,0.0
2026-05-18,2526,60,Arsenal,Burnley,P Tierney,reds,away,0,0.0593293246476612,0.0,0.05824811027123167,0.0
2026-05-19,2526,60,Bournemouth,Man City,A Taylor,reds,away,0,0.054264931395919855,0.0,0.05824811027123167,0.0
2026-05-19,2526,60,Chelsea,Tottenham,S Attwell,reds,away,0,0.06298648159067345,0.0,0.05824811027123167,0.0
2026-05-09,2526,60,Brighton,Wolves,J Brooks,corners,home,7,5.868073044555958,0.07226781843372457,5.152289842566117,0.14235664068872217
2026-05-09,2526,60,Fulham,Bournemouth,A Madley,corners,home,11,5.529381046792595,0.07226781843372457,5.152289842566117,0.14235664068872217
2026-05-09,2526,60,Liverpool,Chelsea,C Pawson,corners,home,5,5.5089710516005495,0.07226781843372457,5.152289842566117,0.14235664068872217
2026-05-09,2526,60,Man City,Brentford,M Salisbury,corners,home,10,7.262478187381527,0.07226781843372457,5.152289842566117,0.14235664068872217
2026-05-09,2526,60,Sunderland,Man United,S Attwell,corners,home,7,4.268720074750272,0.07226781843372457,5.152289842566117,0.14235664068872217
2026-05-10,2526,60,Burnley,Aston Villa,A Taylor,corners,home,2,4.10182845141109,0.07226781843372457,5.152289842566117,0.14235664068872217
2026-05-10,2526,60,Crystal Palace,Everton,T Bramall,corners,home,5,5.070027994487225,0.07226781843372457,5.152289842566117,0.14235664068872217
2026-05-10,2526,60,Nott'm Forest,Newcastle,P Tierney,corners,home,2,5.290516016459269,0.07226781843372457,5.152289842566117,0.14235664068872217
2026-05-10,2526,60,West Ham,Arsenal,C Kavanagh,corners,home,4,3.651906835814286,0.07226781843372457,5.152289842566117,0.14235664068872217
2026-05-11,2526,60,Tottenham,Leeds,J Gillett,corners,home,14,5.715299092466026,0.07226781843372457,5.152289842566117,0.14235664068872217
2026-05-13,2526,60,Man City,Crystal Palace,S Attwell,corners,home,9,6.718936132596945,0.07226781843372457,5.152289842566117,0.14235664068872217
2026-05-15,2526,60,Aston Villa,Liverpool,C Kavanagh,corners,home,4,4.987545543302108,0.07226781843372457,5.152289842566117,0.14235664068872217
2026-05-17,2526,60,Brentford,Crystal Palace,S Barrott,corners,home,9,5.100032549724793,0.07226781843372457,5.152289842566117,0.14235664068872217
2026-05-17,2526,60,Everton,Sunderland,J Brooks,corners,home,3,4.847048079442394,0.07226781843372457,5.152289842566117,0.14235664068872217
2026-05-17,2526,60,Leeds,Brighton,M Oliver,corners,home,7,4.766107666022508,0.07226781843372457,5.152289842566117,0.14235664068872217
2026-05-17,2526,60,Man United,Nott'm Forest,M Salisbury,corners,home,7,5.72429525683186,0.07226781843372457,5.152289842566117,0.14235664068872217
2026-05-17,2526,60,Newcastle,West Ham,J Gillett,corners,home,9,7.012648810555656,0.07226781843372457,5.152289842566117,0.14235664068872217
2026-05-17,2526,60,Wolves,Fulham,T Kirk,corners,home,3,4.465276500501887,0.07226781843372457,5.152289842566117,0.14235664068872217
2026-05-18,2526,60,Arsenal,Burnley,P Tierney,corners,home,3,7.122753221293283,0.07226781843372457,5.152289842566117,0.14235664068872217
2026-05-19,2526,60,Bournemouth,Man City,A Taylor,corners,home,7,4.569422712453017,0.07226781843372457,5.152289842566117,0.14235664068872217
2026-05-19,2526,60,Chelsea,Tottenham,S Attwell,corners,home,3,6.477877207038668,0.07226781843372457,5.152289842566117,0.14235664068872217
2026-05-09,2526,60,Brighton,Wolves,J Brooks,corners,away,1,3.548973009901939,0.07226781843372457,5.152289842566117,0.14235664068872217
2026-05-09,2526,60,Fulham,Bournemouth,A Madley,corners,away,2,5.565569016258988,0.07226781843372457,5.152289842566117,0.14235664068872217
2026-05-09,2526,60,Liverpool,Chelsea,C Pawson,corners,away,2,4.790451635692855,0.07226781843372457,5.152289842566117,0.14235664068872217
2026-05-09,2526,60,Man City,Brentford,M Salisbury,corners,away,2,3.3722007089760337,0.07226781843372457,5.152289842566117,0.14235664068872217
2026-05-09,2526,60,Sunderland,Man United,S Attwell,corners,away,8,4.7817840820088175,0.07226781843372457,5.152289842566117,0.14235664068872217
2026-05-10,2526,60,Burnley,Aston Villa,A Taylor,corners,away,8,5.623064071892287,0.07226781843372457,5.152289842566117,0.14235664068872217
2026-05-10,2526,60,Crystal Palace,Everton,T Bramall,corners,away,10,4.036975264761362,0.07226781843372457,5.152289842566117,0.14235664068872217
2026-05-10,2526,60,Nott'm Forest,Newcastle,P Tierney,corners,away,1,5.732952017595193,0.07226781843372457,5.152289842566117,0.14235664068872217
2026-05-10,2526,60,West Ham,Arsenal,C Kavanagh,corners,away,3,6.192376485404202,0.07226781843372457,5.152289842566117,0.14235664068872217
2026-05-11,2526,60,Tottenham,Leeds,J Gillett,corners,away,2,4.294794270384245,0.07226781843372457,5.152289842566117,0.14235664068872217
2026-05-13,2526,60,Man City,Crystal Palace,S Attwell,corners,away,4,3.1398899525004578,0.07226781843372457,5.152289842566117,0.14235664068872217
2026-05-15,2526,60,Aston Villa,Liverpool,C Kavanagh,corners,away,9,5.340503119906243,0.07226781843372457,5.152289842566117,0.14235664068872217
2026-05-17,2526,60,Brentford,Crystal Palace,S Barrott,corners,away,4,4.450789926407518,0.07226781843372457,5.152289842566117,0.14235664068872217
2026-05-17,2526,60,Everton,Sunderland,J Brooks,corners,away,2,3.8966134282202254,0.07226781843372457,5.152289842566117,0.14235664068872217
2026-05-17,2526,60,Leeds,Brighton,M Oliver,corners,away,8,4.595464153980579,0.07226781843372457,5.152289842566117,0.14235664068872217
2026-05-17,2526,60,Man United,Nott'm Forest,M Salisbury,corners,away,6,4.5918852854399725,0.07226781843372457,5.152289842566117,0.14235664068872217
2026-05-17,2526,60,Newcastle,West Ham,J Gillett,corners,away,1,4.466946863431353,0.07226781843372457,5.152289842566117,0.14235664068872217
2026-05-17,2526,60,Wolves,Fulham,T Kirk,corners,away,6,5.090201595787402,0.07226781843372457,5.152289842566117,0.14235664068872217
2026-05-18,2526,60,Arsenal,Burnley,P Tierney,corners,away,3,2.690720484707313,0.07226781843372457,5.152289842566117,0.14235664068872217
2026-05-19,2526,60,Bournemouth,Man City,A Taylor,corners,away,6,5.9776370105466325,0.07226781843372457,5.152289842566117,0.14235664068872217
2026-05-19,2526,60,Chelsea,Tottenham,S Attwell,corners,away,4,4.3238539450351965,0.07226781843372457,5.152289842566117,0.14235664068872217
2026-05-09,2526,60,Brighton,Wolves,J Brooks,fouls,home,9,11.725756142875436,0.00033546262790251185,10.771676298446678,0.012428345385206459
2026-05-09,2526,60,Fulham,Bournemouth,A Madley,fouls,home,12,10.970593777113804,0.00033546262790251185,10.771676298446678,0.012428345385206459
2026-05-09,2526,60,Liverpool,Chelsea,C Pawson,fouls,home,17,11.107780960129835,0.00033546262790251185,10.771676298446678,0.012428345385206459
2026-05-09,2526,60,Man City,Brentford,M Salisbury,fouls,home,8,8.427039721880718,0.00033546262790251185,10.771676298446678,0.012428345385206459
2026-05-09,2526,60,Sunderland,Man United,S Attwell,fouls,home,12,10.276432785460795,0.00033546262790251185,10.771676298446678,0.012428345385206459
2026-05-10,2526,60,Burnley,Aston Villa,A Taylor,fouls,home,18,11.136806662908937,0.00033546262790251185,10.771676298446678,0.012428345385206459
2026-05-10,2526,60,Crystal Palace,Everton,T Bramall,fouls,home,5,10.562492978529656,0.00033546262790251185,10.771676298446678,0.012428345385206459
2026-05-10,2526,60,Nott'm Forest,Newcastle,P Tierney,fouls,home,16,10.873884263989762,0.00033546262790251185,10.771676298446678,0.012428345385206459
2026-05-10,2526,60,West Ham,Arsenal,C Kavanagh,fouls,home,14,10.922749208494402,0.00033546262790251185,10.771676298446678,0.012428345385206459
2026-05-11,2526,60,Tottenham,Leeds,J Gillett,fouls,home,12,11.169970565595383,0.00033546262790251185,10.771676298446678,0.012428345385206459
2026-05-13,2526,60,Man City,Crystal Palace,S Attwell,fouls,home,10,8.60355143460087,0.00033546262790251185,10.771676298446678,0.012428345385206459
2026-05-15,2526,60,Aston Villa,Liverpool,C Kavanagh,fouls,home,12,9.705376099678967,0.00033546262790251185,10.771676298446678,0.012428345385206459
2026-05-17,2526,60,Brentford,Crystal Palace,S Barrott,fouls,home,7,8.622587126958843,0.00033546262790251185,10.771676298446678,0.012428345385206459
2026-05-17,2526,60,Everton,Sunderland,J Brooks,fouls,home,14,10.690246157744582,0.00033546262790251185,10.771676298446678,0.012428345385206459
2026-05-17,2526,60,Leeds,Brighton,M Oliver,fouls,home,9,10.735355519744665,0.00033546262790251185,10.771676298446678,0.012428345385206459
2026-05-17,2526,60,Man United,Nott'm Forest,M Salisbury,fouls,home,11,10.800609705449682,0.00033546262790251185,10.771676298446678,0.012428345385206459
2026-05-17,2526,60,Newcastle,West Ham,J Gillett,fouls,home,8,9.42494335990059,0.00033546262790251185,10.771676298446678,0.012428345385206459
2026-05-17,2526,60,Wolves,Fulham,T Kirk,fouls,home,20,11.031371607817666,0.00033546262790251185,10.771676298446678,0.012428345385206459
2026-05-18,2526,60,Arsenal,Burnley,P Tierney,fouls,home,7,8.642832666700984,0.00033546262790251185,10.771676298446678,0.012428345385206459
2026-05-19,2526,60,Bournemouth,Man City,A Taylor,fouls,home,16,11.273924109619045,0.00033546262790251185,10.771676298446678,0.012428345385206459
2026-05-19,2526,60,Chelsea,Tottenham,S Attwell,fouls,home,11,10.986873973630408,0.00033546262790251185,10.771676298446678,0.012428345385206459
2026-05-09,2526,60,Brighton,Wolves,J Brooks,fouls,away,11,12.086027251388366,0.00033546262790251185,10.771676298446678,0.012428345385206459
2026-05-09,2526,60,Fulham,Bournemouth,A Madley,fouls,away,21,11.622530422848792,0.00033546262790251185,10.771676298446678,0.012428345385206459
2026-05-09,2526,60,Liverpool,Chelsea,C Pawson,fouls,away,17,10.576152061943397,0.00033546262790251185,10.771676298446678,0.012428345385206459
2026-05-09,2526,60,Man City,Brentford,M Salisbury,fouls,away,14,10.288950925910447,0.00033546262790251185,10.771676298446678,0.012428345385206459
2026-05-09,2526,60,Sunderland,Man United,S Attwell,fouls,away,12,10.947992688074862,0.00033546262790251185,10.771676298446678,0.012428345385206459
2026-05-10,2526,60,Burnley,Aston Villa,A Taylor,fouls,away,8,9.072560940253323,0.00033546262790251185,10.771676298446678,0.012428345385206459
2026-05-10,2526,60,Crystal Palace,Everton,T Bramall,fouls,away,13,10.33046013726755,0.00033546262790251185,10.771676298446678,0.012428345385206459
2026-05-10,2526,60,Nott'm Forest,Newcastle,P Tierney,fouls,away,11,10.641094852760714,0.00033546262790251185,10.771676298446678,0.012428345385206459
2026-05-10,2526,60,West Ham,Arsenal,C Kavanagh,fouls,away,12,10.539336735867572,0.00033546262790251185,10.771676298446678,0.012428345385206459
2026-05-11,2526,60,Tottenham,Leeds,J Gillett,fouls,away,7,10.741787281401184,0.00033546262790251185,10.771676298446678,0.012428345385206459
2026-05-13,2526,60,Man City,Crystal Palace,S Attwell,fouls,away,7,11.227871422761476,0.00033546262790251185,10.771676298446678,0.012428345385206459
2026-05-15,2526,60,Aston Villa,Liverpool,C Kavanagh,fouls,away,9,12.607636672593125,0.00033546262790251185,10.771676298446678,0.012428345385206459
2026-05-17,2526,60,Brentford,Crystal Palace,S Barrott,fouls,away,5,9.640871015609381,0.00033546262790251185,10.771676298446678,0.012428345385206459
2026-05-17,2526,60,Everton,Sunderland,J Brooks,fouls,away,9,10.869712776003357,0.00033546262790251185,10.771676298446678,0.012428345385206459
2026-05-17,2526,60,Leeds,Brighton,M Oliver,fouls,away,7,12.796509854287045,0.00033546262790251185,10.771676298446678,0.012428345385206459
2026-05-17,2526,60,Man United,Nott'm Forest,M Salisbury,fouls,away,5,10.804851173380776,0.00033546262790251185,10.771676298446678,0.012428345385206459
2026-05-17,2526,60,Newcastle,West Ham,J Gillett,fouls,away,11,11.503413780993554,0.00033546262790251185,10.771676298446678,0.012428345385206459
2026-05-17,2526,60,Wolves,Fulham,T Kirk,fouls,away,8,11.853587134320694,0.00033546262790251185,10.771676298446678,0.012428345385206459
2026-05-18,2526,60,Arsenal,Burnley,P Tierney,fouls,away,16,10.102082862398271,0.00033546262790251185,10.771676298446678,0.012428345385206459
2026-05-19,2526,60,Bournemouth,Man City,A Taylor,fouls,away,7,9.015622895309848,0.00033546262790251185,10.771676298446678,0.012428345385206459
2026-05-19,2526,60,Chelsea,Tottenham,S Attwell,fouls,away,18,12.800414171511358,0.00033546262790251185,10.771676298446678,0.012428345385206459
2026-05-24,2526,61,Brighton,Man United,S Barrott,yellows,home,0,1.8922379966019374,0.00033546262790251185,1.8193832599514608,0.00033546262790251185
2026-05-24,2526,61,Burnley,Wolves,A Kitchen,yellows,home,2,1.5170532660399323,0.00033546262790251185,1.8193832599514608,0.00033546262790251185
2026-05-24,2526,61,Crystal Palace,Arsenal,F Hallam,yellows,home,0,1.7478580262618244,0.00033546262790251185,1.8193832599514608,0.00033546262790251185
2026-05-24,2526,61,Fulham,Newcastle,R Jones,yellows,home,2,2.151605604838332,0.00033546262790251185,1.8193832599514608,0.00033546262790251185
2026-05-24,2526,61,Liverpool,Brentford,D England,yellows,home,2,1.5187010517602078,0.00033546262790251185,1.8193832599514608,0.00033546262790251185
2026-05-24,2526,61,Man City,Aston Villa,A Madley,yellows,home,1,1.8154362962894872,0.00033546262790251185,1.8193832599514608,0.00033546262790251185
2026-05-24,2526,61,Nott'm Forest,Bournemouth,C Pawson,yellows,home,1,1.595715360636403,0.00033546262790251185,1.8193832599514608,0.00033546262790251185
2026-05-24,2526,61,Sunderland,Chelsea,C Kavanagh,yellows,home,3,2.048386924259233,0.00033546262790251185,1.8193832599514608,0.00033546262790251185
2026-05-24,2526,61,Tottenham,Everton,M Oliver,yellows,home,5,1.6016254402778254,0.00033546262790251185,1.8193832599514608,0.00033546262790251185
2026-05-24,2526,61,West Ham,Leeds,A Taylor,yellows,home,0,1.6465512219479153,0.00033546262790251185,1.8193832599514608,0.00033546262790251185
2026-05-24,2526,61,Brighton,Man United,S Barrott,yellows,away,1,2.2263826198758956,0.00033546262790251185,1.8193832599514608,0.00033546262790251185
2026-05-24,2526,61,Burnley,Wolves,A Kitchen,yellows,away,2,1.6693607421282934,0.00033546262790251185,1.8193832599514608,0.00033546262790251185
2026-05-24,2526,61,Crystal Palace,Arsenal,F Hallam,yellows,away,1,1.576560971147432,0.00033546262790251185,1.8193832599514608,0.00033546262790251185
2026-05-24,2526,61,Fulham,Newcastle,R Jones,yellows,away,2,1.7902043428563152,0.00033546262790251185,1.8193832599514608,0.00033546262790251185
2026-05-24,2526,61,Liverpool,Brentford,D England,yellows,away,3,2.109949626726082,0.00033546262790251185,1.8193832599514608,0.00033546262790251185
2026-05-24,2526,61,Man City,Aston Villa,A Madley,yellows,away,0,2.089125520817395,0.00033546262790251185,1.8193832599514608,0.00033546262790251185
2026-05-24,2526,61,Nott'm Forest,Bournemouth,C Pawson,yellows,away,1,2.412113521136444,0.00033546262790251185,1.8193832599514608,0.00033546262790251185
2026-05-24,2526,61,Sunderland,Chelsea,C Kavanagh,yellows,away,2,2.5737415246572213,0.00033546262790251185,1.8193832599514608,0.00033546262790251185
2026-05-24,2526,61,Tottenham,Everton,M Oliver,yellows,away,3,2.094807734386788,0.00033546262790251185,1.8193832599514608,0.00033546262790251185
2026-05-24,2526,61,West Ham,Leeds,A Taylor,yellows,away,3,1.829875435135284,0.00033546262790251185,1.8193832599514608,0.00033546262790251185
2026-05-24,2526,61,Brighton,Man United,S Barrott,reds,home,0,0.058339593053722556,0.0,0.058149779735682826,0.0
2026-05-24,2526,61,Burnley,Wolves,A Kitchen,reds,home,0,0.06433917212631013,0.0,0.058149779735682826,0.0
2026-05-24,2526,61,Crystal Palace,Arsenal,F Hallam,reds,home,0,0.05747296624322056,0.0,0.058149779735682826,0.0
2026-05-24,2526,61,Fulham,Newcastle,R Jones,reds,home,0,0.06164519723018384,0.0,0.058149779735682826,0.0
2026-05-24,2526,61,Liverpool,Brentford,D England,reds,home,0,0.0556050185153185,0.0,0.058149779735682826,0.0
2026-05-24,2526,61,Man City,Aston Villa,A Madley,reds,home,0,0.055347970032557564,0.0,0.058149779735682826,0.0
2026-05-24,2526,61,Nott'm Forest,Bournemouth,C Pawson,reds,home,0,0.056030298416735846,0.0,0.058149779735682826,0.0
2026-05-24,2526,61,Sunderland,Chelsea,C Kavanagh,reds,home,0,0.06291937786099021,0.0,0.058149779735682826,0.0
2026-05-24,2526,61,Tottenham,Everton,M Oliver,reds,home,0,0.05169499564350187,0.0,0.058149779735682826,0.0
2026-05-24,2526,61,West Ham,Leeds,A Taylor,reds,home,0,0.05863256370946739,0.0,0.058149779735682826,0.0
2026-05-24,2526,61,Brighton,Man United,S Barrott,reds,away,0,0.056363881931094796,0.0,0.058149779735682826,0.0
2026-05-24,2526,61,Burnley,Wolves,A Kitchen,reds,away,0,0.05753774200814192,0.0,0.058149779735682826,0.0
2026-05-24,2526,61,Crystal Palace,Arsenal,F Hallam,reds,away,0,0.06699775900598717,0.0,0.058149779735682826,0.0
2026-05-24,2526,61,Fulham,Newcastle,R Jones,reds,away,0,0.05567715478244316,0.0,0.058149779735682826,0.0
2026-05-24,2526,61,Liverpool,Brentford,D England,reds,away,0,0.056359948569841826,0.0,0.058149779735682826,0.0
2026-05-24,2526,61,Man City,Aston Villa,A Madley,reds,away,0,0.05734520909281051,0.0,0.058149779735682826,0.0
2026-05-24,2526,61,Nott'm Forest,Bournemouth,C Pawson,reds,away,0,0.05818581931597966,0.0,0.058149779735682826,0.0
2026-05-24,2526,61,Sunderland,Chelsea,C Kavanagh,reds,away,0,0.06223224695860082,0.0,0.058149779735682826,0.0
2026-05-24,2526,61,Tottenham,Everton,M Oliver,reds,away,1,0.06580528039960047,0.0,0.058149779735682826,0.0
2026-05-24,2526,61,West Ham,Leeds,A Taylor,reds,away,0,0.05109208843142997,0.0,0.058149779735682826,0.0
2026-05-24,2526,61,Brighton,Man United,S Barrott,corners,home,0,5.674893345483614,0.07397691667804081,5.153744507881118,0.14265728968821453
2026-05-24,2526,61,Burnley,Wolves,A Kitchen,corners,home,7,4.744546062456616,0.07397691667804081,5.153744507881118,0.14265728968821453
2026-05-24,2526,61,Crystal Palace,Arsenal,F Hallam,corners,home,3,3.4730352469193235,0.07397691667804081,5.153744507881118,0.14265728968821453
2026-05-24,2526,61,Fulham,Newcastle,R Jones,corners,home,6,5.410476298527452,0.07397691667804081,5.153744507881118,0.14265728968821453
2026-05-24,2526,61,Liverpool,Brentford,D England,corners,home,14,7.002843114692589,0.07397691667804081,5.153744507881118,0.14265728968821453
2026-05-24,2526,61,Man City,Aston Villa,A Madley,corners,home,9,6.605104657452077,0.07397691667804081,5.153744507881118,0.14265728968821453
2026-05-24,2526,61,Nott'm Forest,Bournemouth,C Pawson,corners,home,6,5.3721872516199705,0.07397691667804081,5.153744507881118,0.14265728968821453
2026-05-24,2526,61,Sunderland,Chelsea,C Kavanagh,corners,home,7,3.6706824252549737,0.07397691667804081,5.153744507881118,0.14265728968821453
2026-05-24,2526,61,Tottenham,Everton,M Oliver,corners,home,6,6.37214260429345,0.07397691667804081,5.153744507881118,0.14265728968821453
2026-05-24,2526,61,West Ham,Leeds,A Taylor,corners,home,6,5.255443028262763,0.07397691667804081,5.153744507881118,0.14265728968821453
2026-05-24,2526,61,Brighton,Man United,S Barrott,corners,away,3,4.536977894627336,0.07397691667804081,5.153744507881118,0.14265728968821453
2026-05-24,2526,61,Burnley,Wolves,A Kitchen,corners,away,7,4.019700955988938,0.07397691667804081,5.153744507881118,0.14265728968821453
2026-05-24,2526,61,Crystal Palace,Arsenal,F Hallam,corners,away,4,5.513438439663495,0.07397691667804081,5.153744507881118,0.14265728968821453
2026-05-24,2526,61,Fulham,Newcastle,R Jones,corners,away,6,5.404913272600322,0.07397691667804081,5.153744507881118,0.14265728968821453
2026-05-24,2526,61,Liverpool,Brentford,D England,corners,away,2,3.7543424562159795,0.07397691667804081,5.153744507881118,0.14265728968821453
2026-05-24,2526,61,Man City,Aston Villa,A Madley,corners,away,4,3.8287787961409805,0.07397691667804081,5.153744507881118,0.14265728968821453
2026-05-24,2526,61,Nott'm Forest,Bournemouth,C Pawson,corners,away,3,5.386574658090384,0.07397691667804081,5.153744507881118,0.14265728968821453
2026-05-24,2526,61,Sunderland,Chelsea,C Kavanagh,corners,away,7,5.641904698936676,0.07397691667804081,5.153744507881118,0.14265728968821453
2026-05-24,2526,61,Tottenham,Everton,M Oliver,corners,away,2,4.090912429035598,0.07397691667804081,5.153744507881118,0.14265728968821453
2026-05-24,2526,61,West Ham,Leeds,A Taylor,corners,away,4,4.741003706653349,0.07397691667804081,5.153744507881118,0.14265728968821453
2026-05-24,2526,61,Brighton,Man United,S Barrott,fouls,home,11,10.08218815679848,0.00033546262790251185,10.776872305905746,0.012778472365813283
2026-05-24,2526,61,Burnley,Wolves,A Kitchen,fouls,home,10,11.05536018762508,0.00033546262790251185,10.776872305905746,0.012778472365813283
2026-05-24,2526,61,Crystal Palace,Arsenal,F Hallam,fouls,home,9,10.853316490600514,0.00033546262790251185,10.776872305905746,0.012778472365813283
2026-05-24,2526,61,Fulham,Newcastle,R Jones,fouls,home,13,11.683366834744225,0.00033546262790251185,10.776872305905746,0.012778472365813283
2026-05-24,2526,61,Liverpool,Brentford,D England,fouls,home,9,9.653870170923389,0.00033546262790251185,10.776872305905746,0.012778472365813283
2026-05-24,2526,61,Man City,Aston Villa,A Madley,fouls,home,8,11.465371138799387,0.00033546262790251185,10.776872305905746,0.012778472365813283
2026-05-24,2526,61,Nott'm Forest,Bournemouth,C Pawson,fouls,home,11,10.504539263570726,0.00033546262790251185,10.776872305905746,0.012778472365813283
2026-05-24,2526,61,Sunderland,Chelsea,C Kavanagh,fouls,home,15,11.77880574329646,0.00033546262790251185,10.776872305905746,0.012778472365813283
2026-05-24,2526,61,Tottenham,Everton,M Oliver,fouls,home,15,11.69836743233619,0.00033546262790251185,10.776872305905746,0.012778472365813283
2026-05-24,2526,61,West Ham,Leeds,A Taylor,fouls,home,11,10.619682776131535,0.00033546262790251185,10.776872305905746,0.012778472365813283
2026-05-24,2526,61,Brighton,Man United,S Barrott,fouls,away,8,9.667446404854461,0.00033546262790251185,10.776872305905746,0.012778472365813283
2026-05-24,2526,61,Burnley,Wolves,A Kitchen,fouls,away,11,11.471914492352917,0.00033546262790251185,10.776872305905746,0.012778472365813283
2026-05-24,2526,61,Crystal Palace,Arsenal,F Hallam,fouls,away,12,10.190988516583747,0.00033546262790251185,10.776872305905746,0.012778472365813283
2026-05-24,2526,61,Fulham,Newcastle,R Jones,fouls,away,6,10.027666259844132,0.00033546262790251185,10.776872305905746,0.012778472365813283
2026-05-24,2526,61,Liverpool,Brentford,D England,fouls,away,9,10.00743815042013,0.00033546262790251185,10.776872305905746,0.012778472365813283
2026-05-24,2526,61,Man City,Aston Villa,A Madley,fouls,away,4,11.594360001066825,0.00033546262790251185,10.776872305905746,0.012778472365813283
2026-05-24,2526,61,Nott'm Forest,Bournemouth,C Pawson,fouls,away,7,13.2625169468278,0.00033546262790251185,10.776872305905746,0.012778472365813283
2026-05-24,2526,61,Sunderland,Chelsea,C Kavanagh,fouls,away,18,11.833374699657039,0.00033546262790251185,10.776872305905746,0.012778472365813283
2026-05-24,2526,61,Tottenham,Everton,M Oliver,fouls,away,12,11.724735251777918,0.00033546262790251185,10.776872305905746,0.012778472365813283
2026-05-24,2526,61,West Ham,Leeds,A Taylor,fouls,away,14,10.190444460118496,0.00033546262790251185,10.776872305905746,0.012778472365813283
